M,N,K,bias,dtype,outdtype,scaleAB,bpreshuffle
6,19360,4096,False,torch.bfloat16,torch.bfloat16,False,False
7,19360,4096,False,torch.bfloat16,torch.bfloat16,False,False
8,160,4096,False,torch.bfloat16,torch.bfloat16,False,False
8,1024,128,False,torch.bfloat16,torch.bfloat16,False,False
8,2048,1536,False,torch.bfloat16,torch.bfloat16,False,False
8,2048,4096,False,torch.bfloat16,torch.bfloat16,False,False
8,3336,4096,False,torch.bfloat16,torch.bfloat16,False,False
8,4096,1024,False,torch.bfloat16,torch.bfloat16,False,False
8,4096,1536,False,torch.bfloat16,torch.bfloat16,False,False
8,4096,2048,False,torch.bfloat16,torch.bfloat16,False,False
8,19360,4096,False,torch.bfloat16,torch.bfloat16,False,False
9,19360,4096,False,torch.bfloat16,torch.bfloat16,False,False
10,19360,4096,False,torch.bfloat16,torch.bfloat16,False,False
11,19360,4096,False,torch.bfloat16,torch.bfloat16,False,False
12,19360,4096,False,torch.bfloat16,torch.bfloat16,False,False
13,19360,4096,False,torch.bfloat16,torch.bfloat16,False,False
14,19360,4096,False,torch.bfloat16,torch.bfloat16,False,False
15,19360,4096,False,torch.bfloat16,torch.bfloat16,False,False
16,1024,128,False,torch.bfloat16,torch.bfloat16,False,False
16,3336,4096,False,torch.bfloat16,torch.bfloat16,False,False
16,19360,4096,False,torch.bfloat16,torch.bfloat16,False,False
17,19360,4096,False,torch.bfloat16,torch.bfloat16,False,False
18,19360,4096,False,torch.bfloat16,torch.bfloat16,False,False
19,19360,4096,False,torch.bfloat16,torch.bfloat16,False,False
20,19360,4096,False,torch.bfloat16,torch.bfloat16,False,False
21,19360,4096,False,torch.bfloat16,torch.bfloat16,False,False
22,19360,4096,False,torch.bfloat16,torch.bfloat16,False,False
23,19360,4096,False,torch.bfloat16,torch.bfloat16,False,False
24,1024,128,False,torch.bfloat16,torch.bfloat16,False,False
24,2048,4096,False,torch.bfloat16,torch.bfloat16,False,False
24,3336,4096,False,torch.bfloat16,torch.bfloat16,False,False
24,4096,1536,False,torch.bfloat16,torch.bfloat16,False,False
24,4096,2048,False,torch.bfloat16,torch.bfloat16,False,False
24,19360,4096,False,torch.bfloat16,torch.bfloat16,False,False
25,19360,4096,False,torch.bfloat16,torch.bfloat16,False,False
26,19360,4096,False,torch.bfloat16,torch.bfloat16,False,False
27,19360,4096,False,torch.bfloat16,torch.bfloat16,False,False
28,19360,4096,False,torch.bfloat16,torch.bfloat16,False,False
29,19360,4096,False,torch.bfloat16,torch.bfloat16,False,False
30,19360,4096,False,torch.bfloat16,torch.bfloat16,False,False
31,19360,4096,False,torch.bfloat16,torch.bfloat16,False,False
32,1024,128,False,torch.bfloat16,torch.bfloat16,False,False
32,2048,4096,False,torch.bfloat16,torch.bfloat16,False,False
32,3336,4096,False,torch.bfloat16,torch.bfloat16,False,False
32,4096,1536,False,torch.bfloat16,torch.bfloat16,False,False
32,4096,2048,False,torch.bfloat16,torch.bfloat16,False,False
32,19360,4096,False,torch.bfloat16,torch.bfloat16,False,False
34,19360,4096,False,torch.bfloat16,torch.bfloat16,False,False
36,19360,4096,False,torch.bfloat16,torch.bfloat16,False,False
38,19360,4096,False,torch.bfloat16,torch.bfloat16,False,False
40,1024,128,False,torch.bfloat16,torch.bfloat16,False,False
40,2048,1536,False,torch.bfloat16,torch.bfloat16,False,False
40,2048,4096,False,torch.bfloat16,torch.bfloat16,False,False
40,3336,4096,False,torch.bfloat16,torch.bfloat16,False,False
40,4096,1024,False,torch.bfloat16,torch.bfloat16,False,False
40,4096,1536,False,torch.bfloat16,torch.bfloat16,False,False
40,4096,2048,False,torch.bfloat16,torch.bfloat16,False,False
40,19360,4096,False,torch.bfloat16,torch.bfloat16,False,False
42,19360,4096,False,torch.bfloat16,torch.bfloat16,False,False
44,19360,4096,False,torch.bfloat16,torch.bfloat16,False,False
46,19360,4096,False,torch.bfloat16,torch.bfloat16,False,False
48,1024,128,False,torch.bfloat16,torch.bfloat16,False,False
48,2048,1536,False,torch.bfloat16,torch.bfloat16,False,False
48,2048,4096,False,torch.bfloat16,torch.bfloat16,False,False
48,3336,4096,False,torch.bfloat16,torch.bfloat16,False,False
48,4096,1024,False,torch.bfloat16,torch.bfloat16,False,False
48,4096,1536,False,torch.bfloat16,torch.bfloat16,False,False
48,4096,2048,False,torch.bfloat16,torch.bfloat16,False,False
48,19360,4096,False,torch.bfloat16,torch.bfloat16,False,False
50,19360,4096,False,torch.bfloat16,torch.bfloat16,False,False
52,19360,4096,False,torch.bfloat16,torch.bfloat16,False,False
54,19360,4096,False,torch.bfloat16,torch.bfloat16,False,False
56,1024,128,False,torch.bfloat16,torch.bfloat16,False,False
56,2048,1536,False,torch.bfloat16,torch.bfloat16,False,False
56,2048,4096,False,torch.bfloat16,torch.bfloat16,False,False
56,3336,4096,False,torch.bfloat16,torch.bfloat16,False,False
56,4096,1024,False,torch.bfloat16,torch.bfloat16,False,False
56,4096,1536,False,torch.bfloat16,torch.bfloat16,False,False
56,4096,2048,False,torch.bfloat16,torch.bfloat16,False,False
56,19360,4096,False,torch.bfloat16,torch.bfloat16,False,False
57,19360,4096,False,torch.bfloat16,torch.bfloat16,False,False
58,19360,4096,False,torch.bfloat16,torch.bfloat16,False,False
59,19360,4096,False,torch.bfloat16,torch.bfloat16,False,False
60,19360,4096,False,torch.bfloat16,torch.bfloat16,False,False
61,19360,4096,False,torch.bfloat16,torch.bfloat16,False,False
62,19360,4096,False,torch.bfloat16,torch.bfloat16,False,False
63,19360,4096,False,torch.bfloat16,torch.bfloat16,False,False
64,1024,128,False,torch.bfloat16,torch.bfloat16,False,False
64,2048,1536,False,torch.bfloat16,torch.bfloat16,False,False
64,2048,4096,False,torch.bfloat16,torch.bfloat16,False,False
64,3336,4096,False,torch.bfloat16,torch.bfloat16,False,False
64,4096,1024,False,torch.bfloat16,torch.bfloat16,False,False
64,4096,1536,False,torch.bfloat16,torch.bfloat16,False,False
64,4096,2048,False,torch.bfloat16,torch.bfloat16,False,False
64,19360,4096,False,torch.bfloat16,torch.bfloat16,False,False
68,19360,4096,False,torch.bfloat16,torch.bfloat16,False,False
72,1024,128,False,torch.bfloat16,torch.bfloat16,False,False
72,2048,1536,False,torch.bfloat16,torch.bfloat16,False,False
72,2048,4096,False,torch.bfloat16,torch.bfloat16,False,False
72,3336,4096,False,torch.bfloat16,torch.bfloat16,False,False
72,4096,1024,False,torch.bfloat16,torch.bfloat16,False,False
72,4096,1536,False,torch.bfloat16,torch.bfloat16,False,False
72,4096,2048,False,torch.bfloat16,torch.bfloat16,False,False
72,19360,4096,False,torch.bfloat16,torch.bfloat16,False,False
76,19360,4096,False,torch.bfloat16,torch.bfloat16,False,False
80,1024,128,False,torch.bfloat16,torch.bfloat16,False,False
80,2048,1536,False,torch.bfloat16,torch.bfloat16,False,False
80,2048,4096,False,torch.bfloat16,torch.bfloat16,False,False
80,3336,4096,False,torch.bfloat16,torch.bfloat16,False,False
80,4096,1024,False,torch.bfloat16,torch.bfloat16,False,False
80,4096,1536,False,torch.bfloat16,torch.bfloat16,False,False
80,4096,2048,False,torch.bfloat16,torch.bfloat16,False,False
80,19360,4096,False,torch.bfloat16,torch.bfloat16,False,False
84,19360,4096,False,torch.bfloat16,torch.bfloat16,False,False
88,1024,128,False,torch.bfloat16,torch.bfloat16,False,False
88,2048,1536,False,torch.bfloat16,torch.bfloat16,False,False
88,2048,4096,False,torch.bfloat16,torch.bfloat16,False,False
88,3336,4096,False,torch.bfloat16,torch.bfloat16,False,False
88,4096,1024,False,torch.bfloat16,torch.bfloat16,False,False
88,4096,1536,False,torch.bfloat16,torch.bfloat16,False,False
88,4096,2048,False,torch.bfloat16,torch.bfloat16,False,False
88,19360,4096,False,torch.bfloat16,torch.bfloat16,False,False
92,19360,4096,False,torch.bfloat16,torch.bfloat16,False,False
96,1024,128,False,torch.bfloat16,torch.bfloat16,False,False
96,2048,1536,False,torch.bfloat16,torch.bfloat16,False,False
96,2048,4096,False,torch.bfloat16,torch.bfloat16,False,False
96,3336,4096,False,torch.bfloat16,torch.bfloat16,False,False
96,4096,1024,False,torch.bfloat16,torch.bfloat16,False,False
96,4096,1536,False,torch.bfloat16,torch.bfloat16,False,False
96,4096,2048,False,torch.bfloat16,torch.bfloat16,False,False
96,19360,4096,False,torch.bfloat16,torch.bfloat16,False,False
100,19360,4096,False,torch.bfloat16,torch.bfloat16,False,False
104,1024,128,False,torch.bfloat16,torch.bfloat16,False,False
104,2048,1536,False,torch.bfloat16,torch.bfloat16,False,False
104,2048,4096,False,torch.bfloat16,torch.bfloat16,False,False
104,3336,4096,False,torch.bfloat16,torch.bfloat16,False,False
104,4096,1024,False,torch.bfloat16,torch.bfloat16,False,False
104,4096,1536,False,torch.bfloat16,torch.bfloat16,False,False
104,4096,2048,False,torch.bfloat16,torch.bfloat16,False,False
104,19360,4096,False,torch.bfloat16,torch.bfloat16,False,False
108,19360,4096,False,torch.bfloat16,torch.bfloat16,False,False
112,1024,128,False,torch.bfloat16,torch.bfloat16,False,False
112,2048,1536,False,torch.bfloat16,torch.bfloat16,False,False
112,2048,4096,False,torch.bfloat16,torch.bfloat16,False,False
112,3336,4096,False,torch.bfloat16,torch.bfloat16,False,False
112,4096,1024,False,torch.bfloat16,torch.bfloat16,False,False
112,4096,1536,False,torch.bfloat16,torch.bfloat16,False,False
112,4096,2048,False,torch.bfloat16,torch.bfloat16,False,False
112,19360,4096,False,torch.bfloat16,torch.bfloat16,False,False
116,19360,4096,False,torch.bfloat16,torch.bfloat16,False,False
120,1024,128,False,torch.bfloat16,torch.bfloat16,False,False
120,2048,1536,False,torch.bfloat16,torch.bfloat16,False,False
120,2048,4096,False,torch.bfloat16,torch.bfloat16,False,False
120,3336,4096,False,torch.bfloat16,torch.bfloat16,False,False
120,4096,1024,False,torch.bfloat16,torch.bfloat16,False,False
120,4096,1536,False,torch.bfloat16,torch.bfloat16,False,False
120,4096,2048,False,torch.bfloat16,torch.bfloat16,False,False
120,19360,4096,False,torch.bfloat16,torch.bfloat16,False,False
124,19360,4096,False,torch.bfloat16,torch.bfloat16,False,False
128,1024,128,False,torch.bfloat16,torch.bfloat16,False,False
128,2048,1536,False,torch.bfloat16,torch.bfloat16,False,False
128,2048,4096,False,torch.bfloat16,torch.bfloat16,False,False
128,3336,4096,False,torch.bfloat16,torch.bfloat16,False,False
128,4096,1024,False,torch.bfloat16,torch.bfloat16,False,False
128,4096,1536,False,torch.bfloat16,torch.bfloat16,False,False
128,4096,2048,False,torch.bfloat16,torch.bfloat16,False,False
128,19360,4096,False,torch.bfloat16,torch.bfloat16,False,False
136,160,4096,False,torch.bfloat16,torch.bfloat16,False,False
136,1024,128,False,torch.bfloat16,torch.bfloat16,False,False
136,2048,1536,False,torch.bfloat16,torch.bfloat16,False,False
136,2048,4096,False,torch.bfloat16,torch.bfloat16,False,False
136,3336,4096,False,torch.bfloat16,torch.bfloat16,False,False
136,4096,1024,False,torch.bfloat16,torch.bfloat16,False,False
136,4096,1536,False,torch.bfloat16,torch.bfloat16,False,False
136,4096,2048,False,torch.bfloat16,torch.bfloat16,False,False
136,19360,4096,False,torch.bfloat16,torch.bfloat16,False,False
144,160,4096,False,torch.bfloat16,torch.bfloat16,False,False
144,1024,128,False,torch.bfloat16,torch.bfloat16,False,False
144,2048,1536,False,torch.bfloat16,torch.bfloat16,False,False
144,2048,4096,False,torch.bfloat16,torch.bfloat16,False,False
144,3336,4096,False,torch.bfloat16,torch.bfloat16,False,False
144,4096,1024,False,torch.bfloat16,torch.bfloat16,False,False
144,4096,1536,False,torch.bfloat16,torch.bfloat16,False,False
144,4096,2048,False,torch.bfloat16,torch.bfloat16,False,False
144,19360,4096,False,torch.bfloat16,torch.bfloat16,False,False
152,160,4096,False,torch.bfloat16,torch.bfloat16,False,False
152,1024,128,False,torch.bfloat16,torch.bfloat16,False,False
152,2048,1536,False,torch.bfloat16,torch.bfloat16,False,False
152,2048,4096,False,torch.bfloat16,torch.bfloat16,False,False
152,3336,4096,False,torch.bfloat16,torch.bfloat16,False,False
152,4096,1024,False,torch.bfloat16,torch.bfloat16,False,False
152,4096,1536,False,torch.bfloat16,torch.bfloat16,False,False
152,4096,2048,False,torch.bfloat16,torch.bfloat16,False,False
152,19360,4096,False,torch.bfloat16,torch.bfloat16,False,False
160,160,4096,False,torch.bfloat16,torch.bfloat16,False,False
160,1024,128,False,torch.bfloat16,torch.bfloat16,False,False
160,2048,1536,False,torch.bfloat16,torch.bfloat16,False,False
160,2048,4096,False,torch.bfloat16,torch.bfloat16,False,False
160,3336,4096,False,torch.bfloat16,torch.bfloat16,False,False
160,4096,1024,False,torch.bfloat16,torch.bfloat16,False,False
160,4096,1536,False,torch.bfloat16,torch.bfloat16,False,False
160,4096,2048,False,torch.bfloat16,torch.bfloat16,False,False
160,19360,4096,False,torch.bfloat16,torch.bfloat16,False,False
168,160,4096,False,torch.bfloat16,torch.bfloat16,False,False
168,1024,128,False,torch.bfloat16,torch.bfloat16,False,False
168,2048,1536,False,torch.bfloat16,torch.bfloat16,False,False
168,2048,4096,False,torch.bfloat16,torch.bfloat16,False,False
168,3336,4096,False,torch.bfloat16,torch.bfloat16,False,False
168,4096,1024,False,torch.bfloat16,torch.bfloat16,False,False
168,4096,1536,False,torch.bfloat16,torch.bfloat16,False,False
168,4096,2048,False,torch.bfloat16,torch.bfloat16,False,False
168,19360,4096,False,torch.bfloat16,torch.bfloat16,False,False
176,160,4096,False,torch.bfloat16,torch.bfloat16,False,False
176,1024,128,False,torch.bfloat16,torch.bfloat16,False,False
176,2048,1536,False,torch.bfloat16,torch.bfloat16,False,False
176,2048,4096,False,torch.bfloat16,torch.bfloat16,False,False
176,3336,4096,False,torch.bfloat16,torch.bfloat16,False,False
176,4096,1024,False,torch.bfloat16,torch.bfloat16,False,False
176,4096,1536,False,torch.bfloat16,torch.bfloat16,False,False
176,4096,2048,False,torch.bfloat16,torch.bfloat16,False,False
176,19360,4096,False,torch.bfloat16,torch.bfloat16,False,False
184,160,4096,False,torch.bfloat16,torch.bfloat16,False,False
184,1024,128,False,torch.bfloat16,torch.bfloat16,False,False
184,2048,1536,False,torch.bfloat16,torch.bfloat16,False,False
184,2048,4096,False,torch.bfloat16,torch.bfloat16,False,False
184,3336,4096,False,torch.bfloat16,torch.bfloat16,False,False
184,4096,1024,False,torch.bfloat16,torch.bfloat16,False,False
184,4096,1536,False,torch.bfloat16,torch.bfloat16,False,False
184,4096,2048,False,torch.bfloat16,torch.bfloat16,False,False
184,19360,4096,False,torch.bfloat16,torch.bfloat16,False,False
192,160,4096,False,torch.bfloat16,torch.bfloat16,False,False
192,1024,128,False,torch.bfloat16,torch.bfloat16,False,False
192,2048,1536,False,torch.bfloat16,torch.bfloat16,False,False
192,2048,4096,False,torch.bfloat16,torch.bfloat16,False,False
192,3336,4096,False,torch.bfloat16,torch.bfloat16,False,False
192,4096,1024,False,torch.bfloat16,torch.bfloat16,False,False
192,4096,1536,False,torch.bfloat16,torch.bfloat16,False,False
192,4096,2048,False,torch.bfloat16,torch.bfloat16,False,False
192,19360,4096,False,torch.bfloat16,torch.bfloat16,False,False
200,160,4096,False,torch.bfloat16,torch.bfloat16,False,False
200,1024,128,False,torch.bfloat16,torch.bfloat16,False,False
200,2048,1536,False,torch.bfloat16,torch.bfloat16,False,False
200,2048,4096,False,torch.bfloat16,torch.bfloat16,False,False
200,3336,4096,False,torch.bfloat16,torch.bfloat16,False,False
200,4096,1024,False,torch.bfloat16,torch.bfloat16,False,False
200,4096,1536,False,torch.bfloat16,torch.bfloat16,False,False
200,4096,2048,False,torch.bfloat16,torch.bfloat16,False,False
200,19360,4096,False,torch.bfloat16,torch.bfloat16,False,False
208,160,4096,False,torch.bfloat16,torch.bfloat16,False,False
208,1024,128,False,torch.bfloat16,torch.bfloat16,False,False
208,2048,1536,False,torch.bfloat16,torch.bfloat16,False,False
208,2048,4096,False,torch.bfloat16,torch.bfloat16,False,False
208,3336,4096,False,torch.bfloat16,torch.bfloat16,False,False
208,4096,1024,False,torch.bfloat16,torch.bfloat16,False,False
208,4096,1536,False,torch.bfloat16,torch.bfloat16,False,False
208,4096,2048,False,torch.bfloat16,torch.bfloat16,False,False
208,19360,4096,False,torch.bfloat16,torch.bfloat16,False,False
216,160,4096,False,torch.bfloat16,torch.bfloat16,False,False
216,1024,128,False,torch.bfloat16,torch.bfloat16,False,False
216,2048,1536,False,torch.bfloat16,torch.bfloat16,False,False
216,2048,4096,False,torch.bfloat16,torch.bfloat16,False,False
216,3336,4096,False,torch.bfloat16,torch.bfloat16,False,False
216,4096,1024,False,torch.bfloat16,torch.bfloat16,False,False
216,4096,1536,False,torch.bfloat16,torch.bfloat16,False,False
216,4096,2048,False,torch.bfloat16,torch.bfloat16,False,False
216,19360,4096,False,torch.bfloat16,torch.bfloat16,False,False
224,160,4096,False,torch.bfloat16,torch.bfloat16,False,False
224,1024,128,False,torch.bfloat16,torch.bfloat16,False,False
224,2048,1536,False,torch.bfloat16,torch.bfloat16,False,False
224,2048,4096,False,torch.bfloat16,torch.bfloat16,False,False
224,3336,4096,False,torch.bfloat16,torch.bfloat16,False,False
224,4096,1024,False,torch.bfloat16,torch.bfloat16,False,False
224,4096,1536,False,torch.bfloat16,torch.bfloat16,False,False
224,4096,2048,False,torch.bfloat16,torch.bfloat16,False,False
224,19360,4096,False,torch.bfloat16,torch.bfloat16,False,False
232,160,4096,False,torch.bfloat16,torch.bfloat16,False,False
232,1024,128,False,torch.bfloat16,torch.bfloat16,False,False
232,2048,1536,False,torch.bfloat16,torch.bfloat16,False,False
232,2048,4096,False,torch.bfloat16,torch.bfloat16,False,False
232,3336,4096,False,torch.bfloat16,torch.bfloat16,False,False
232,4096,1024,False,torch.bfloat16,torch.bfloat16,False,False
232,4096,1536,False,torch.bfloat16,torch.bfloat16,False,False
232,4096,2048,False,torch.bfloat16,torch.bfloat16,False,False
232,19360,4096,False,torch.bfloat16,torch.bfloat16,False,False
240,160,4096,False,torch.bfloat16,torch.bfloat16,False,False
240,1024,128,False,torch.bfloat16,torch.bfloat16,False,False
240,2048,1536,False,torch.bfloat16,torch.bfloat16,False,False
240,2048,4096,False,torch.bfloat16,torch.bfloat16,False,False
240,3336,4096,False,torch.bfloat16,torch.bfloat16,False,False
240,4096,1024,False,torch.bfloat16,torch.bfloat16,False,False
240,4096,1536,False,torch.bfloat16,torch.bfloat16,False,False
240,4096,2048,False,torch.bfloat16,torch.bfloat16,False,False
240,19360,4096,False,torch.bfloat16,torch.bfloat16,False,False
248,160,4096,False,torch.bfloat16,torch.bfloat16,False,False
248,1024,128,False,torch.bfloat16,torch.bfloat16,False,False
248,2048,1536,False,torch.bfloat16,torch.bfloat16,False,False
248,2048,4096,False,torch.bfloat16,torch.bfloat16,False,False
248,3336,4096,False,torch.bfloat16,torch.bfloat16,False,False
248,4096,1024,False,torch.bfloat16,torch.bfloat16,False,False
248,4096,1536,False,torch.bfloat16,torch.bfloat16,False,False
248,4096,2048,False,torch.bfloat16,torch.bfloat16,False,False
248,19360,4096,False,torch.bfloat16,torch.bfloat16,False,False
256,160,4096,False,torch.bfloat16,torch.bfloat16,False,False
256,1024,128,False,torch.bfloat16,torch.bfloat16,False,False
256,2048,1536,False,torch.bfloat16,torch.bfloat16,False,False
256,2048,4096,False,torch.bfloat16,torch.bfloat16,False,False
256,3336,4096,False,torch.bfloat16,torch.bfloat16,False,False
256,4096,1024,False,torch.bfloat16,torch.bfloat16,False,False
256,4096,1536,False,torch.bfloat16,torch.bfloat16,False,False
256,4096,2048,False,torch.bfloat16,torch.bfloat16,False,False
256,19360,4096,False,torch.bfloat16,torch.bfloat16,False,False
272,160,4096,False,torch.bfloat16,torch.bfloat16,False,False
272,1024,128,False,torch.bfloat16,torch.bfloat16,False,False
272,2048,1536,False,torch.bfloat16,torch.bfloat16,False,False
272,2048,4096,False,torch.bfloat16,torch.bfloat16,False,False
272,3336,4096,False,torch.bfloat16,torch.bfloat16,False,False
272,4096,1024,False,torch.bfloat16,torch.bfloat16,False,False
272,4096,1536,False,torch.bfloat16,torch.bfloat16,False,False
272,4096,2048,False,torch.bfloat16,torch.bfloat16,False,False
272,19360,4096,False,torch.bfloat16,torch.bfloat16,False,False
288,160,4096,False,torch.bfloat16,torch.bfloat16,False,False
288,1024,128,False,torch.bfloat16,torch.bfloat16,False,False
288,2048,1536,False,torch.bfloat16,torch.bfloat16,False,False
288,2048,4096,False,torch.bfloat16,torch.bfloat16,False,False
288,3336,4096,False,torch.bfloat16,torch.bfloat16,False,False
288,4096,1024,False,torch.bfloat16,torch.bfloat16,False,False
288,4096,1536,False,torch.bfloat16,torch.bfloat16,False,False
288,4096,2048,False,torch.bfloat16,torch.bfloat16,False,False
288,19360,4096,False,torch.bfloat16,torch.bfloat16,False,False
304,160,4096,False,torch.bfloat16,torch.bfloat16,False,False
304,1024,128,False,torch.bfloat16,torch.bfloat16,False,False
304,2048,1536,False,torch.bfloat16,torch.bfloat16,False,False
304,2048,4096,False,torch.bfloat16,torch.bfloat16,False,False
304,3336,4096,False,torch.bfloat16,torch.bfloat16,False,False
304,4096,1024,False,torch.bfloat16,torch.bfloat16,False,False
304,4096,1536,False,torch.bfloat16,torch.bfloat16,False,False
304,4096,2048,False,torch.bfloat16,torch.bfloat16,False,False
304,19360,4096,False,torch.bfloat16,torch.bfloat16,False,False
320,160,4096,False,torch.bfloat16,torch.bfloat16,False,False
320,1024,128,False,torch.bfloat16,torch.bfloat16,False,False
320,2048,1536,False,torch.bfloat16,torch.bfloat16,False,False
320,2048,4096,False,torch.bfloat16,torch.bfloat16,False,False
320,3336,4096,False,torch.bfloat16,torch.bfloat16,False,False
320,4096,1024,False,torch.bfloat16,torch.bfloat16,False,False
320,4096,1536,False,torch.bfloat16,torch.bfloat16,False,False
320,4096,2048,False,torch.bfloat16,torch.bfloat16,False,False
320,19360,4096,False,torch.bfloat16,torch.bfloat16,False,False
336,160,4096,False,torch.bfloat16,torch.bfloat16,False,False
336,1024,128,False,torch.bfloat16,torch.bfloat16,False,False
336,2048,1536,False,torch.bfloat16,torch.bfloat16,False,False
336,2048,4096,False,torch.bfloat16,torch.bfloat16,False,False
336,3336,4096,False,torch.bfloat16,torch.bfloat16,False,False
336,4096,1024,False,torch.bfloat16,torch.bfloat16,False,False
336,4096,1536,False,torch.bfloat16,torch.bfloat16,False,False
336,4096,2048,False,torch.bfloat16,torch.bfloat16,False,False
336,19360,4096,False,torch.bfloat16,torch.bfloat16,False,False
352,160,4096,False,torch.bfloat16,torch.bfloat16,False,False
352,1024,128,False,torch.bfloat16,torch.bfloat16,False,False
352,2048,1536,False,torch.bfloat16,torch.bfloat16,False,False
352,2048,4096,False,torch.bfloat16,torch.bfloat16,False,False
352,3336,4096,False,torch.bfloat16,torch.bfloat16,False,False
352,4096,1024,False,torch.bfloat16,torch.bfloat16,False,False
352,4096,1536,False,torch.bfloat16,torch.bfloat16,False,False
352,4096,2048,False,torch.bfloat16,torch.bfloat16,False,False
352,19360,4096,False,torch.bfloat16,torch.bfloat16,False,False
368,160,4096,False,torch.bfloat16,torch.bfloat16,False,False
368,1024,128,False,torch.bfloat16,torch.bfloat16,False,False
368,2048,1536,False,torch.bfloat16,torch.bfloat16,False,False
368,2048,4096,False,torch.bfloat16,torch.bfloat16,False,False
368,3336,4096,False,torch.bfloat16,torch.bfloat16,False,False
368,4096,1024,False,torch.bfloat16,torch.bfloat16,False,False
368,4096,1536,False,torch.bfloat16,torch.bfloat16,False,False
368,4096,2048,False,torch.bfloat16,torch.bfloat16,False,False
368,19360,4096,False,torch.bfloat16,torch.bfloat16,False,False
384,160,4096,False,torch.bfloat16,torch.bfloat16,False,False
384,1024,128,False,torch.bfloat16,torch.bfloat16,False,False
384,2048,1536,False,torch.bfloat16,torch.bfloat16,False,False
384,2048,4096,False,torch.bfloat16,torch.bfloat16,False,False
384,3336,4096,False,torch.bfloat16,torch.bfloat16,False,False
384,4096,1024,False,torch.bfloat16,torch.bfloat16,False,False
384,4096,1536,False,torch.bfloat16,torch.bfloat16,False,False
384,4096,2048,False,torch.bfloat16,torch.bfloat16,False,False
384,19360,4096,False,torch.bfloat16,torch.bfloat16,False,False
400,160,4096,False,torch.bfloat16,torch.bfloat16,False,False
400,1024,128,False,torch.bfloat16,torch.bfloat16,False,False
400,2048,1536,False,torch.bfloat16,torch.bfloat16,False,False
400,2048,4096,False,torch.bfloat16,torch.bfloat16,False,False
400,3336,4096,False,torch.bfloat16,torch.bfloat16,False,False
400,4096,1024,False,torch.bfloat16,torch.bfloat16,False,False
400,4096,1536,False,torch.bfloat16,torch.bfloat16,False,False
400,4096,2048,False,torch.bfloat16,torch.bfloat16,False,False
400,19360,4096,False,torch.bfloat16,torch.bfloat16,False,False
416,160,4096,False,torch.bfloat16,torch.bfloat16,False,False
416,1024,128,False,torch.bfloat16,torch.bfloat16,False,False
416,2048,1536,False,torch.bfloat16,torch.bfloat16,False,False
416,2048,4096,False,torch.bfloat16,torch.bfloat16,False,False
416,3336,4096,False,torch.bfloat16,torch.bfloat16,False,False
416,4096,1024,False,torch.bfloat16,torch.bfloat16,False,False
416,4096,1536,False,torch.bfloat16,torch.bfloat16,False,False
416,4096,2048,False,torch.bfloat16,torch.bfloat16,False,False
416,19360,4096,False,torch.bfloat16,torch.bfloat16,False,False
432,160,4096,False,torch.bfloat16,torch.bfloat16,False,False
432,1024,128,False,torch.bfloat16,torch.bfloat16,False,False
432,2048,1536,False,torch.bfloat16,torch.bfloat16,False,False
432,2048,4096,False,torch.bfloat16,torch.bfloat16,False,False
432,3336,4096,False,torch.bfloat16,torch.bfloat16,False,False
432,4096,1024,False,torch.bfloat16,torch.bfloat16,False,False
432,4096,1536,False,torch.bfloat16,torch.bfloat16,False,False
432,4096,2048,False,torch.bfloat16,torch.bfloat16,False,False
432,19360,4096,False,torch.bfloat16,torch.bfloat16,False,False
448,160,4096,False,torch.bfloat16,torch.bfloat16,False,False
448,1024,128,False,torch.bfloat16,torch.bfloat16,False,False
448,2048,1536,False,torch.bfloat16,torch.bfloat16,False,False
448,2048,4096,False,torch.bfloat16,torch.bfloat16,False,False
448,3336,4096,False,torch.bfloat16,torch.bfloat16,False,False
448,4096,1024,False,torch.bfloat16,torch.bfloat16,False,False
448,4096,1536,False,torch.bfloat16,torch.bfloat16,False,False
448,4096,2048,False,torch.bfloat16,torch.bfloat16,False,False
448,19360,4096,False,torch.bfloat16,torch.bfloat16,False,False
464,160,4096,False,torch.bfloat16,torch.bfloat16,False,False
464,1024,128,False,torch.bfloat16,torch.bfloat16,False,False
464,2048,1536,False,torch.bfloat16,torch.bfloat16,False,False
464,2048,4096,False,torch.bfloat16,torch.bfloat16,False,False
464,3336,4096,False,torch.bfloat16,torch.bfloat16,False,False
464,4096,1024,False,torch.bfloat16,torch.bfloat16,False,False
464,4096,1536,False,torch.bfloat16,torch.bfloat16,False,False
464,4096,2048,False,torch.bfloat16,torch.bfloat16,False,False
464,19360,4096,False,torch.bfloat16,torch.bfloat16,False,False
480,160,4096,False,torch.bfloat16,torch.bfloat16,False,False
480,1024,128,False,torch.bfloat16,torch.bfloat16,False,False
480,2048,1536,False,torch.bfloat16,torch.bfloat16,False,False
480,2048,4096,False,torch.bfloat16,torch.bfloat16,False,False
480,3336,4096,False,torch.bfloat16,torch.bfloat16,False,False
480,4096,1024,False,torch.bfloat16,torch.bfloat16,False,False
480,4096,1536,False,torch.bfloat16,torch.bfloat16,False,False
480,4096,2048,False,torch.bfloat16,torch.bfloat16,False,False
480,19360,4096,False,torch.bfloat16,torch.bfloat16,False,False
496,160,4096,False,torch.bfloat16,torch.bfloat16,False,False
496,1024,128,False,torch.bfloat16,torch.bfloat16,False,False
496,2048,1536,False,torch.bfloat16,torch.bfloat16,False,False
496,2048,4096,False,torch.bfloat16,torch.bfloat16,False,False
496,3336,4096,False,torch.bfloat16,torch.bfloat16,False,False
496,4096,1024,False,torch.bfloat16,torch.bfloat16,False,False
496,4096,1536,False,torch.bfloat16,torch.bfloat16,False,False
496,4096,2048,False,torch.bfloat16,torch.bfloat16,False,False
496,19360,4096,False,torch.bfloat16,torch.bfloat16,False,False
512,160,4096,False,torch.bfloat16,torch.bfloat16,False,False
512,1024,128,False,torch.bfloat16,torch.bfloat16,False,False
512,2048,1536,False,torch.bfloat16,torch.bfloat16,False,False
512,2048,4096,False,torch.bfloat16,torch.bfloat16,False,False
512,3336,4096,False,torch.bfloat16,torch.bfloat16,False,False
512,4096,1024,False,torch.bfloat16,torch.bfloat16,False,False
512,4096,1536,False,torch.bfloat16,torch.bfloat16,False,False
512,4096,2048,False,torch.bfloat16,torch.bfloat16,False,False
512,19360,4096,False,torch.bfloat16,torch.bfloat16,False,False
513,160,4096,False,torch.bfloat16,torch.bfloat16,False,False
513,1024,128,False,torch.bfloat16,torch.bfloat16,False,False
513,2048,1536,False,torch.bfloat16,torch.bfloat16,False,False
513,2048,4096,False,torch.bfloat16,torch.bfloat16,False,False
513,3336,4096,False,torch.bfloat16,torch.bfloat16,False,False
513,4096,1024,False,torch.bfloat16,torch.bfloat16,False,False
513,4096,1536,False,torch.bfloat16,torch.bfloat16,False,False
513,4096,2048,False,torch.bfloat16,torch.bfloat16,False,False
514,160,4096,False,torch.bfloat16,torch.bfloat16,False,False
514,1024,128,False,torch.bfloat16,torch.bfloat16,False,False
514,2048,1536,False,torch.bfloat16,torch.bfloat16,False,False
514,2048,4096,False,torch.bfloat16,torch.bfloat16,False,False
514,3336,4096,False,torch.bfloat16,torch.bfloat16,False,False
514,4096,1024,False,torch.bfloat16,torch.bfloat16,False,False
514,4096,1536,False,torch.bfloat16,torch.bfloat16,False,False
514,4096,2048,False,torch.bfloat16,torch.bfloat16,False,False
517,160,4096,False,torch.bfloat16,torch.bfloat16,False,False
517,1024,128,False,torch.bfloat16,torch.bfloat16,False,False
517,2048,1536,False,torch.bfloat16,torch.bfloat16,False,False
517,2048,4096,False,torch.bfloat16,torch.bfloat16,False,False
517,3336,4096,False,torch.bfloat16,torch.bfloat16,False,False
517,4096,1024,False,torch.bfloat16,torch.bfloat16,False,False
517,4096,1536,False,torch.bfloat16,torch.bfloat16,False,False
517,4096,2048,False,torch.bfloat16,torch.bfloat16,False,False
519,160,4096,False,torch.bfloat16,torch.bfloat16,False,False
519,1024,128,False,torch.bfloat16,torch.bfloat16,False,False
519,2048,1536,False,torch.bfloat16,torch.bfloat16,False,False
519,2048,4096,False,torch.bfloat16,torch.bfloat16,False,False
519,3336,4096,False,torch.bfloat16,torch.bfloat16,False,False
519,4096,1024,False,torch.bfloat16,torch.bfloat16,False,False
519,4096,1536,False,torch.bfloat16,torch.bfloat16,False,False
519,4096,2048,False,torch.bfloat16,torch.bfloat16,False,False
520,160,4096,False,torch.bfloat16,torch.bfloat16,False,False
520,1024,128,False,torch.bfloat16,torch.bfloat16,False,False
520,2048,1536,False,torch.bfloat16,torch.bfloat16,False,False
520,2048,4096,False,torch.bfloat16,torch.bfloat16,False,False
520,3336,4096,False,torch.bfloat16,torch.bfloat16,False,False
520,4096,1024,False,torch.bfloat16,torch.bfloat16,False,False
520,4096,1536,False,torch.bfloat16,torch.bfloat16,False,False
520,4096,2048,False,torch.bfloat16,torch.bfloat16,False,False
543,160,4096,False,torch.bfloat16,torch.bfloat16,False,False
543,1024,128,False,torch.bfloat16,torch.bfloat16,False,False
543,2048,1536,False,torch.bfloat16,torch.bfloat16,False,False
543,2048,4096,False,torch.bfloat16,torch.bfloat16,False,False
543,3336,4096,False,torch.bfloat16,torch.bfloat16,False,False
543,4096,1024,False,torch.bfloat16,torch.bfloat16,False,False
543,4096,1536,False,torch.bfloat16,torch.bfloat16,False,False
543,4096,2048,False,torch.bfloat16,torch.bfloat16,False,False
1024,160,4096,False,torch.bfloat16,torch.bfloat16,False,False
1024,1024,128,False,torch.bfloat16,torch.bfloat16,False,False
1024,2048,1536,False,torch.bfloat16,torch.bfloat16,False,False
1024,2048,4096,False,torch.bfloat16,torch.bfloat16,False,False
1024,3336,4096,False,torch.bfloat16,torch.bfloat16,False,False
1024,4096,1024,False,torch.bfloat16,torch.bfloat16,False,False
1024,4096,1536,False,torch.bfloat16,torch.bfloat16,False,False
1024,4096,2048,False,torch.bfloat16,torch.bfloat16,False,False
1024,19360,4096,False,torch.bfloat16,torch.bfloat16,False,False
1025,160,4096,False,torch.bfloat16,torch.bfloat16,False,False
1025,1024,128,False,torch.bfloat16,torch.bfloat16,False,False
1025,2048,1536,False,torch.bfloat16,torch.bfloat16,False,False
1025,2048,4096,False,torch.bfloat16,torch.bfloat16,False,False
1025,3336,4096,False,torch.bfloat16,torch.bfloat16,False,False
1025,4096,1024,False,torch.bfloat16,torch.bfloat16,False,False
1025,4096,1536,False,torch.bfloat16,torch.bfloat16,False,False
1025,4096,2048,False,torch.bfloat16,torch.bfloat16,False,False
1026,160,4096,False,torch.bfloat16,torch.bfloat16,False,False
1026,1024,128,False,torch.bfloat16,torch.bfloat16,False,False
1026,2048,1536,False,torch.bfloat16,torch.bfloat16,False,False
1026,2048,4096,False,torch.bfloat16,torch.bfloat16,False,False
1026,3336,4096,False,torch.bfloat16,torch.bfloat16,False,False
1026,4096,1024,False,torch.bfloat16,torch.bfloat16,False,False
1026,4096,1536,False,torch.bfloat16,torch.bfloat16,False,False
1026,4096,2048,False,torch.bfloat16,torch.bfloat16,False,False
1030,160,4096,False,torch.bfloat16,torch.bfloat16,False,False
1030,1024,128,False,torch.bfloat16,torch.bfloat16,False,False
1030,2048,1536,False,torch.bfloat16,torch.bfloat16,False,False
1030,2048,4096,False,torch.bfloat16,torch.bfloat16,False,False
1030,3336,4096,False,torch.bfloat16,torch.bfloat16,False,False
1030,4096,1024,False,torch.bfloat16,torch.bfloat16,False,False
1030,4096,1536,False,torch.bfloat16,torch.bfloat16,False,False
1030,4096,2048,False,torch.bfloat16,torch.bfloat16,False,False
1038,160,4096,False,torch.bfloat16,torch.bfloat16,False,False
1038,1024,128,False,torch.bfloat16,torch.bfloat16,False,False
1038,2048,1536,False,torch.bfloat16,torch.bfloat16,False,False
1038,2048,4096,False,torch.bfloat16,torch.bfloat16,False,False
1038,3336,4096,False,torch.bfloat16,torch.bfloat16,False,False
1038,4096,1024,False,torch.bfloat16,torch.bfloat16,False,False
1038,4096,1536,False,torch.bfloat16,torch.bfloat16,False,False
1038,4096,2048,False,torch.bfloat16,torch.bfloat16,False,False
1152,160,4096,False,torch.bfloat16,torch.bfloat16,False,False
1152,1024,128,False,torch.bfloat16,torch.bfloat16,False,False
1152,2048,1536,False,torch.bfloat16,torch.bfloat16,False,False
1152,2048,4096,False,torch.bfloat16,torch.bfloat16,False,False
1152,3336,4096,False,torch.bfloat16,torch.bfloat16,False,False
1152,4096,1024,False,torch.bfloat16,torch.bfloat16,False,False
1152,4096,1536,False,torch.bfloat16,torch.bfloat16,False,False
1152,4096,2048,False,torch.bfloat16,torch.bfloat16,False,False
1154,160,4096,False,torch.bfloat16,torch.bfloat16,False,False
1154,1024,128,False,torch.bfloat16,torch.bfloat16,False,False
1154,2048,1536,False,torch.bfloat16,torch.bfloat16,False,False
1154,2048,4096,False,torch.bfloat16,torch.bfloat16,False,False
1154,3336,4096,False,torch.bfloat16,torch.bfloat16,False,False
1154,4096,1024,False,torch.bfloat16,torch.bfloat16,False,False
1154,4096,1536,False,torch.bfloat16,torch.bfloat16,False,False
1154,4096,2048,False,torch.bfloat16,torch.bfloat16,False,False
1156,160,4096,False,torch.bfloat16,torch.bfloat16,False,False
1156,1024,128,False,torch.bfloat16,torch.bfloat16,False,False
1156,2048,1536,False,torch.bfloat16,torch.bfloat16,False,False
1156,2048,4096,False,torch.bfloat16,torch.bfloat16,False,False
1156,3336,4096,False,torch.bfloat16,torch.bfloat16,False,False
1156,4096,1024,False,torch.bfloat16,torch.bfloat16,False,False
1156,4096,1536,False,torch.bfloat16,torch.bfloat16,False,False
1156,4096,2048,False,torch.bfloat16,torch.bfloat16,False,False
1158,160,4096,False,torch.bfloat16,torch.bfloat16,False,False
1158,1024,128,False,torch.bfloat16,torch.bfloat16,False,False
1158,2048,1536,False,torch.bfloat16,torch.bfloat16,False,False
1158,2048,4096,False,torch.bfloat16,torch.bfloat16,False,False
1158,3336,4096,False,torch.bfloat16,torch.bfloat16,False,False
1158,4096,1024,False,torch.bfloat16,torch.bfloat16,False,False
1158,4096,1536,False,torch.bfloat16,torch.bfloat16,False,False
1158,4096,2048,False,torch.bfloat16,torch.bfloat16,False,False
1164,160,4096,False,torch.bfloat16,torch.bfloat16,False,False
1164,1024,128,False,torch.bfloat16,torch.bfloat16,False,False
1164,2048,1536,False,torch.bfloat16,torch.bfloat16,False,False
1164,2048,4096,False,torch.bfloat16,torch.bfloat16,False,False
1164,3336,4096,False,torch.bfloat16,torch.bfloat16,False,False
1164,4096,1024,False,torch.bfloat16,torch.bfloat16,False,False
1164,4096,1536,False,torch.bfloat16,torch.bfloat16,False,False
1164,4096,2048,False,torch.bfloat16,torch.bfloat16,False,False
1166,160,4096,False,torch.bfloat16,torch.bfloat16,False,False
1166,1024,128,False,torch.bfloat16,torch.bfloat16,False,False
1166,2048,1536,False,torch.bfloat16,torch.bfloat16,False,False
1166,2048,4096,False,torch.bfloat16,torch.bfloat16,False,False
1166,3336,4096,False,torch.bfloat16,torch.bfloat16,False,False
1166,4096,1024,False,torch.bfloat16,torch.bfloat16,False,False
1166,4096,1536,False,torch.bfloat16,torch.bfloat16,False,False
1166,4096,2048,False,torch.bfloat16,torch.bfloat16,False,False
1182,160,4096,False,torch.bfloat16,torch.bfloat16,False,False
1182,1024,128,False,torch.bfloat16,torch.bfloat16,False,False
1182,2048,1536,False,torch.bfloat16,torch.bfloat16,False,False
1182,2048,4096,False,torch.bfloat16,torch.bfloat16,False,False
1182,3336,4096,False,torch.bfloat16,torch.bfloat16,False,False
1182,4096,1024,False,torch.bfloat16,torch.bfloat16,False,False
1182,4096,1536,False,torch.bfloat16,torch.bfloat16,False,False
1182,4096,2048,False,torch.bfloat16,torch.bfloat16,False,False
1208,160,4096,False,torch.bfloat16,torch.bfloat16,False,False
1208,1024,128,False,torch.bfloat16,torch.bfloat16,False,False
1208,2048,1536,False,torch.bfloat16,torch.bfloat16,False,False
1208,2048,4096,False,torch.bfloat16,torch.bfloat16,False,False
1208,3336,4096,False,torch.bfloat16,torch.bfloat16,False,False
1208,4096,1024,False,torch.bfloat16,torch.bfloat16,False,False
1208,4096,1536,False,torch.bfloat16,torch.bfloat16,False,False
1208,4096,2048,False,torch.bfloat16,torch.bfloat16,False,False
1212,160,4096,False,torch.bfloat16,torch.bfloat16,False,False
1212,1024,128,False,torch.bfloat16,torch.bfloat16,False,False
1212,2048,1536,False,torch.bfloat16,torch.bfloat16,False,False
1212,2048,4096,False,torch.bfloat16,torch.bfloat16,False,False
1212,3336,4096,False,torch.bfloat16,torch.bfloat16,False,False
1212,4096,1024,False,torch.bfloat16,torch.bfloat16,False,False
1212,4096,1536,False,torch.bfloat16,torch.bfloat16,False,False
1212,4096,2048,False,torch.bfloat16,torch.bfloat16,False,False
1214,160,4096,False,torch.bfloat16,torch.bfloat16,False,False
1214,1024,128,False,torch.bfloat16,torch.bfloat16,False,False
1214,2048,1536,False,torch.bfloat16,torch.bfloat16,False,False
1214,2048,4096,False,torch.bfloat16,torch.bfloat16,False,False
1214,3336,4096,False,torch.bfloat16,torch.bfloat16,False,False
1214,4096,1024,False,torch.bfloat16,torch.bfloat16,False,False
1214,4096,1536,False,torch.bfloat16,torch.bfloat16,False,False
1214,4096,2048,False,torch.bfloat16,torch.bfloat16,False,False
1537,160,4096,False,torch.bfloat16,torch.bfloat16,False,False
1537,1024,128,False,torch.bfloat16,torch.bfloat16,False,False
1537,2048,1536,False,torch.bfloat16,torch.bfloat16,False,False
1537,2048,4096,False,torch.bfloat16,torch.bfloat16,False,False
1537,3336,4096,False,torch.bfloat16,torch.bfloat16,False,False
1537,4096,1024,False,torch.bfloat16,torch.bfloat16,False,False
1537,4096,1536,False,torch.bfloat16,torch.bfloat16,False,False
1537,4096,2048,False,torch.bfloat16,torch.bfloat16,False,False
2048,160,4096,False,torch.bfloat16,torch.bfloat16,False,False
2048,1024,128,False,torch.bfloat16,torch.bfloat16,False,False
2048,2048,1536,False,torch.bfloat16,torch.bfloat16,False,False
2048,2048,4096,False,torch.bfloat16,torch.bfloat16,False,False
2048,3336,4096,False,torch.bfloat16,torch.bfloat16,False,False
2048,4096,1024,False,torch.bfloat16,torch.bfloat16,False,False
2048,4096,1536,False,torch.bfloat16,torch.bfloat16,False,False
2048,4096,2048,False,torch.bfloat16,torch.bfloat16,False,False
2048,19360,4096,False,torch.bfloat16,torch.bfloat16,False,False
2049,160,4096,False,torch.bfloat16,torch.bfloat16,False,False
2049,1024,128,False,torch.bfloat16,torch.bfloat16,False,False
2049,2048,1536,False,torch.bfloat16,torch.bfloat16,False,False
2049,2048,4096,False,torch.bfloat16,torch.bfloat16,False,False
2049,3336,4096,False,torch.bfloat16,torch.bfloat16,False,False
2049,4096,1024,False,torch.bfloat16,torch.bfloat16,False,False
2049,4096,1536,False,torch.bfloat16,torch.bfloat16,False,False
2049,4096,2048,False,torch.bfloat16,torch.bfloat16,False,False
2306,160,4096,False,torch.bfloat16,torch.bfloat16,False,False
2306,1024,128,False,torch.bfloat16,torch.bfloat16,False,False
2306,2048,1536,False,torch.bfloat16,torch.bfloat16,False,False
2306,2048,4096,False,torch.bfloat16,torch.bfloat16,False,False
2306,3336,4096,False,torch.bfloat16,torch.bfloat16,False,False
2306,4096,1024,False,torch.bfloat16,torch.bfloat16,False,False
2306,4096,1536,False,torch.bfloat16,torch.bfloat16,False,False
2306,4096,2048,False,torch.bfloat16,torch.bfloat16,False,False
2308,160,4096,False,torch.bfloat16,torch.bfloat16,False,False
2308,1024,128,False,torch.bfloat16,torch.bfloat16,False,False
2308,2048,1536,False,torch.bfloat16,torch.bfloat16,False,False
2308,2048,4096,False,torch.bfloat16,torch.bfloat16,False,False
2308,3336,4096,False,torch.bfloat16,torch.bfloat16,False,False
2308,4096,1024,False,torch.bfloat16,torch.bfloat16,False,False
2308,4096,1536,False,torch.bfloat16,torch.bfloat16,False,False
2308,4096,2048,False,torch.bfloat16,torch.bfloat16,False,False
2330,160,4096,False,torch.bfloat16,torch.bfloat16,False,False
2330,1024,128,False,torch.bfloat16,torch.bfloat16,False,False
2330,2048,1536,False,torch.bfloat16,torch.bfloat16,False,False
2330,2048,4096,False,torch.bfloat16,torch.bfloat16,False,False
2330,3336,4096,False,torch.bfloat16,torch.bfloat16,False,False
2330,4096,1024,False,torch.bfloat16,torch.bfloat16,False,False
2330,4096,1536,False,torch.bfloat16,torch.bfloat16,False,False
2330,4096,2048,False,torch.bfloat16,torch.bfloat16,False,False
2332,160,4096,False,torch.bfloat16,torch.bfloat16,False,False
2332,1024,128,False,torch.bfloat16,torch.bfloat16,False,False
2332,2048,1536,False,torch.bfloat16,torch.bfloat16,False,False
2332,2048,4096,False,torch.bfloat16,torch.bfloat16,False,False
2332,3336,4096,False,torch.bfloat16,torch.bfloat16,False,False
2332,4096,1024,False,torch.bfloat16,torch.bfloat16,False,False
2332,4096,1536,False,torch.bfloat16,torch.bfloat16,False,False
2332,4096,2048,False,torch.bfloat16,torch.bfloat16,False,False
2561,160,4096,False,torch.bfloat16,torch.bfloat16,False,False
2561,1024,128,False,torch.bfloat16,torch.bfloat16,False,False
2561,2048,1536,False,torch.bfloat16,torch.bfloat16,False,False
2561,2048,4096,False,torch.bfloat16,torch.bfloat16,False,False
2561,3336,4096,False,torch.bfloat16,torch.bfloat16,False,False
2561,4096,1024,False,torch.bfloat16,torch.bfloat16,False,False
2561,4096,1536,False,torch.bfloat16,torch.bfloat16,False,False
2561,4096,2048,False,torch.bfloat16,torch.bfloat16,False,False
3072,160,4096,False,torch.bfloat16,torch.bfloat16,False,False
3072,1024,128,False,torch.bfloat16,torch.bfloat16,False,False
3072,2048,1536,False,torch.bfloat16,torch.bfloat16,False,False
3072,2048,4096,False,torch.bfloat16,torch.bfloat16,False,False
3072,3336,4096,False,torch.bfloat16,torch.bfloat16,False,False
3072,4096,1024,False,torch.bfloat16,torch.bfloat16,False,False
3072,4096,1536,False,torch.bfloat16,torch.bfloat16,False,False
3072,4096,2048,False,torch.bfloat16,torch.bfloat16,False,False
3073,160,4096,False,torch.bfloat16,torch.bfloat16,False,False
3073,1024,128,False,torch.bfloat16,torch.bfloat16,False,False
3073,2048,1536,False,torch.bfloat16,torch.bfloat16,False,False
3073,2048,4096,False,torch.bfloat16,torch.bfloat16,False,False
3073,3336,4096,False,torch.bfloat16,torch.bfloat16,False,False
3073,4096,1024,False,torch.bfloat16,torch.bfloat16,False,False
3073,4096,1536,False,torch.bfloat16,torch.bfloat16,False,False
3073,4096,2048,False,torch.bfloat16,torch.bfloat16,False,False
3458,160,4096,False,torch.bfloat16,torch.bfloat16,False,False
3458,1024,128,False,torch.bfloat16,torch.bfloat16,False,False
3458,2048,1536,False,torch.bfloat16,torch.bfloat16,False,False
3458,2048,4096,False,torch.bfloat16,torch.bfloat16,False,False
3458,3336,4096,False,torch.bfloat16,torch.bfloat16,False,False
3458,4096,1024,False,torch.bfloat16,torch.bfloat16,False,False
3458,4096,1536,False,torch.bfloat16,torch.bfloat16,False,False
3458,4096,2048,False,torch.bfloat16,torch.bfloat16,False,False
3514,160,4096,False,torch.bfloat16,torch.bfloat16,False,False
3514,1024,128,False,torch.bfloat16,torch.bfloat16,False,False
3514,2048,1536,False,torch.bfloat16,torch.bfloat16,False,False
3514,2048,4096,False,torch.bfloat16,torch.bfloat16,False,False
3514,3336,4096,False,torch.bfloat16,torch.bfloat16,False,False
3514,4096,1024,False,torch.bfloat16,torch.bfloat16,False,False
3514,4096,1536,False,torch.bfloat16,torch.bfloat16,False,False
3514,4096,2048,False,torch.bfloat16,torch.bfloat16,False,False
3585,160,4096,False,torch.bfloat16,torch.bfloat16,False,False
3585,1024,128,False,torch.bfloat16,torch.bfloat16,False,False
3585,2048,1536,False,torch.bfloat16,torch.bfloat16,False,False
3585,2048,4096,False,torch.bfloat16,torch.bfloat16,False,False
3585,3336,4096,False,torch.bfloat16,torch.bfloat16,False,False
3585,4096,1024,False,torch.bfloat16,torch.bfloat16,False,False
3585,4096,1536,False,torch.bfloat16,torch.bfloat16,False,False
3585,4096,2048,False,torch.bfloat16,torch.bfloat16,False,False
4104,160,4096,False,torch.bfloat16,torch.bfloat16,False,False
4104,1024,128,False,torch.bfloat16,torch.bfloat16,False,False
4104,2048,1536,False,torch.bfloat16,torch.bfloat16,False,False
4104,2048,4096,False,torch.bfloat16,torch.bfloat16,False,False
4104,3336,4096,False,torch.bfloat16,torch.bfloat16,False,False
4104,4096,1024,False,torch.bfloat16,torch.bfloat16,False,False
4104,4096,1536,False,torch.bfloat16,torch.bfloat16,False,False
4104,4096,2048,False,torch.bfloat16,torch.bfloat16,False,False
5126,160,4096,False,torch.bfloat16,torch.bfloat16,False,False
5126,1024,128,False,torch.bfloat16,torch.bfloat16,False,False
5126,2048,1536,False,torch.bfloat16,torch.bfloat16,False,False
5126,2048,4096,False,torch.bfloat16,torch.bfloat16,False,False
5126,3336,4096,False,torch.bfloat16,torch.bfloat16,False,False
5126,4096,1024,False,torch.bfloat16,torch.bfloat16,False,False
5126,4096,1536,False,torch.bfloat16,torch.bfloat16,False,False
5126,4096,2048,False,torch.bfloat16,torch.bfloat16,False,False
7040,160,4096,False,torch.bfloat16,torch.bfloat16,False,False
7040,1024,128,False,torch.bfloat16,torch.bfloat16,False,False
7040,2048,1536,False,torch.bfloat16,torch.bfloat16,False,False
7040,2048,4096,False,torch.bfloat16,torch.bfloat16,False,False
7040,3336,4096,False,torch.bfloat16,torch.bfloat16,False,False
7040,4096,1024,False,torch.bfloat16,torch.bfloat16,False,False
7040,4096,1536,False,torch.bfloat16,torch.bfloat16,False,False
7040,4096,2048,False,torch.bfloat16,torch.bfloat16,False,False
7042,160,4096,False,torch.bfloat16,torch.bfloat16,False,False
7042,1024,128,False,torch.bfloat16,torch.bfloat16,False,False
7042,2048,1536,False,torch.bfloat16,torch.bfloat16,False,False
7042,2048,4096,False,torch.bfloat16,torch.bfloat16,False,False
7042,3336,4096,False,torch.bfloat16,torch.bfloat16,False,False
7042,4096,1024,False,torch.bfloat16,torch.bfloat16,False,False
7042,4096,1536,False,torch.bfloat16,torch.bfloat16,False,False
7042,4096,2048,False,torch.bfloat16,torch.bfloat16,False,False
7044,160,4096,False,torch.bfloat16,torch.bfloat16,False,False
7044,1024,128,False,torch.bfloat16,torch.bfloat16,False,False
7044,2048,1536,False,torch.bfloat16,torch.bfloat16,False,False
7044,2048,4096,False,torch.bfloat16,torch.bfloat16,False,False
7044,3336,4096,False,torch.bfloat16,torch.bfloat16,False,False
7044,4096,1024,False,torch.bfloat16,torch.bfloat16,False,False
7044,4096,1536,False,torch.bfloat16,torch.bfloat16,False,False
7044,4096,2048,False,torch.bfloat16,torch.bfloat16,False,False
7046,160,4096,False,torch.bfloat16,torch.bfloat16,False,False
7046,1024,128,False,torch.bfloat16,torch.bfloat16,False,False
7046,2048,1536,False,torch.bfloat16,torch.bfloat16,False,False
7046,2048,4096,False,torch.bfloat16,torch.bfloat16,False,False
7046,3336,4096,False,torch.bfloat16,torch.bfloat16,False,False
7046,4096,1024,False,torch.bfloat16,torch.bfloat16,False,False
7046,4096,1536,False,torch.bfloat16,torch.bfloat16,False,False
7046,4096,2048,False,torch.bfloat16,torch.bfloat16,False,False
7054,160,4096,False,torch.bfloat16,torch.bfloat16,False,False
7054,1024,128,False,torch.bfloat16,torch.bfloat16,False,False
7054,2048,1536,False,torch.bfloat16,torch.bfloat16,False,False
7054,2048,4096,False,torch.bfloat16,torch.bfloat16,False,False
7054,3336,4096,False,torch.bfloat16,torch.bfloat16,False,False
7054,4096,1024,False,torch.bfloat16,torch.bfloat16,False,False
7054,4096,1536,False,torch.bfloat16,torch.bfloat16,False,False
7054,4096,2048,False,torch.bfloat16,torch.bfloat16,False,False
7068,160,4096,False,torch.bfloat16,torch.bfloat16,False,False
7068,1024,128,False,torch.bfloat16,torch.bfloat16,False,False
7068,2048,1536,False,torch.bfloat16,torch.bfloat16,False,False
7068,2048,4096,False,torch.bfloat16,torch.bfloat16,False,False
7068,3336,4096,False,torch.bfloat16,torch.bfloat16,False,False
7068,4096,1024,False,torch.bfloat16,torch.bfloat16,False,False
7068,4096,1536,False,torch.bfloat16,torch.bfloat16,False,False
7068,4096,2048,False,torch.bfloat16,torch.bfloat16,False,False
7070,160,4096,False,torch.bfloat16,torch.bfloat16,False,False
7070,1024,128,False,torch.bfloat16,torch.bfloat16,False,False
7070,2048,1536,False,torch.bfloat16,torch.bfloat16,False,False
7070,2048,4096,False,torch.bfloat16,torch.bfloat16,False,False
7070,3336,4096,False,torch.bfloat16,torch.bfloat16,False,False
7070,4096,1024,False,torch.bfloat16,torch.bfloat16,False,False
7070,4096,1536,False,torch.bfloat16,torch.bfloat16,False,False
7070,4096,2048,False,torch.bfloat16,torch.bfloat16,False,False
7098,160,4096,False,torch.bfloat16,torch.bfloat16,False,False
7098,1024,128,False,torch.bfloat16,torch.bfloat16,False,False
7098,2048,1536,False,torch.bfloat16,torch.bfloat16,False,False
7098,2048,4096,False,torch.bfloat16,torch.bfloat16,False,False
7098,3336,4096,False,torch.bfloat16,torch.bfloat16,False,False
7098,4096,1024,False,torch.bfloat16,torch.bfloat16,False,False
7098,4096,1536,False,torch.bfloat16,torch.bfloat16,False,False
7098,4096,2048,False,torch.bfloat16,torch.bfloat16,False,False
7100,160,4096,False,torch.bfloat16,torch.bfloat16,False,False
7100,1024,128,False,torch.bfloat16,torch.bfloat16,False,False
7100,2048,1536,False,torch.bfloat16,torch.bfloat16,False,False
7100,2048,4096,False,torch.bfloat16,torch.bfloat16,False,False
7100,3336,4096,False,torch.bfloat16,torch.bfloat16,False,False
7100,4096,1024,False,torch.bfloat16,torch.bfloat16,False,False
7100,4096,1536,False,torch.bfloat16,torch.bfloat16,False,False
7100,4096,2048,False,torch.bfloat16,torch.bfloat16,False,False
7102,160,4096,False,torch.bfloat16,torch.bfloat16,False,False
7102,1024,128,False,torch.bfloat16,torch.bfloat16,False,False
7102,2048,1536,False,torch.bfloat16,torch.bfloat16,False,False
7102,2048,4096,False,torch.bfloat16,torch.bfloat16,False,False
7102,3336,4096,False,torch.bfloat16,torch.bfloat16,False,False
7102,4096,1024,False,torch.bfloat16,torch.bfloat16,False,False
7102,4096,1536,False,torch.bfloat16,torch.bfloat16,False,False
7102,4096,2048,False,torch.bfloat16,torch.bfloat16,False,False
7482,160,4096,False,torch.bfloat16,torch.bfloat16,False,False
7482,1024,128,False,torch.bfloat16,torch.bfloat16,False,False
7482,2048,1536,False,torch.bfloat16,torch.bfloat16,False,False
7482,2048,4096,False,torch.bfloat16,torch.bfloat16,False,False
7482,3336,4096,False,torch.bfloat16,torch.bfloat16,False,False
7482,4096,1024,False,torch.bfloat16,torch.bfloat16,False,False
7482,4096,1536,False,torch.bfloat16,torch.bfloat16,False,False
7482,4096,2048,False,torch.bfloat16,torch.bfloat16,False,False
7680,160,4096,False,torch.bfloat16,torch.bfloat16,False,False
7680,1024,128,False,torch.bfloat16,torch.bfloat16,False,False
7680,2048,1536,False,torch.bfloat16,torch.bfloat16,False,False
7680,2048,4096,False,torch.bfloat16,torch.bfloat16,False,False
7680,3336,4096,False,torch.bfloat16,torch.bfloat16,False,False
7680,4096,1024,False,torch.bfloat16,torch.bfloat16,False,False
7680,4096,1536,False,torch.bfloat16,torch.bfloat16,False,False
7680,4096,2048,False,torch.bfloat16,torch.bfloat16,False,False
7681,160,4096,False,torch.bfloat16,torch.bfloat16,False,False
7681,1024,128,False,torch.bfloat16,torch.bfloat16,False,False
7681,2048,1536,False,torch.bfloat16,torch.bfloat16,False,False
7681,2048,4096,False,torch.bfloat16,torch.bfloat16,False,False
7681,3336,4096,False,torch.bfloat16,torch.bfloat16,False,False
7681,4096,1024,False,torch.bfloat16,torch.bfloat16,False,False
7681,4096,1536,False,torch.bfloat16,torch.bfloat16,False,False
7681,4096,2048,False,torch.bfloat16,torch.bfloat16,False,False
7682,160,4096,False,torch.bfloat16,torch.bfloat16,False,False
7682,1024,128,False,torch.bfloat16,torch.bfloat16,False,False
7682,2048,1536,False,torch.bfloat16,torch.bfloat16,False,False
7682,2048,4096,False,torch.bfloat16,torch.bfloat16,False,False
7682,3336,4096,False,torch.bfloat16,torch.bfloat16,False,False
7682,4096,1024,False,torch.bfloat16,torch.bfloat16,False,False
7682,4096,1536,False,torch.bfloat16,torch.bfloat16,False,False
7682,4096,2048,False,torch.bfloat16,torch.bfloat16,False,False
7690,160,4096,False,torch.bfloat16,torch.bfloat16,False,False
7690,1024,128,False,torch.bfloat16,torch.bfloat16,False,False
7690,2048,1536,False,torch.bfloat16,torch.bfloat16,False,False
7690,2048,4096,False,torch.bfloat16,torch.bfloat16,False,False
7690,3336,4096,False,torch.bfloat16,torch.bfloat16,False,False
7690,4096,1024,False,torch.bfloat16,torch.bfloat16,False,False
7690,4096,1536,False,torch.bfloat16,torch.bfloat16,False,False
7690,4096,2048,False,torch.bfloat16,torch.bfloat16,False,False
7706,160,4096,False,torch.bfloat16,torch.bfloat16,False,False
7706,1024,128,False,torch.bfloat16,torch.bfloat16,False,False
7706,2048,1536,False,torch.bfloat16,torch.bfloat16,False,False
7706,2048,4096,False,torch.bfloat16,torch.bfloat16,False,False
7706,3336,4096,False,torch.bfloat16,torch.bfloat16,False,False
7706,4096,1024,False,torch.bfloat16,torch.bfloat16,False,False
7706,4096,1536,False,torch.bfloat16,torch.bfloat16,False,False
7706,4096,2048,False,torch.bfloat16,torch.bfloat16,False,False
7921,512,4096,False,torch.bfloat16,torch.bfloat16,False,False
7921,2560,4096,False,torch.bfloat16,torch.bfloat16,False,False
7921,4096,1280,False,torch.bfloat16,torch.bfloat16,False,False
8066,160,4096,False,torch.bfloat16,torch.bfloat16,False,False
8066,1024,128,False,torch.bfloat16,torch.bfloat16,False,False
8066,2048,1536,False,torch.bfloat16,torch.bfloat16,False,False
8066,2048,4096,False,torch.bfloat16,torch.bfloat16,False,False
8066,3336,4096,False,torch.bfloat16,torch.bfloat16,False,False
8066,4096,1024,False,torch.bfloat16,torch.bfloat16,False,False
8066,4096,1536,False,torch.bfloat16,torch.bfloat16,False,False
8066,4096,2048,False,torch.bfloat16,torch.bfloat16,False,False
8220,160,4096,False,torch.bfloat16,torch.bfloat16,False,False
8220,1024,128,False,torch.bfloat16,torch.bfloat16,False,False
8220,2048,1536,False,torch.bfloat16,torch.bfloat16,False,False
8220,2048,4096,False,torch.bfloat16,torch.bfloat16,False,False
8220,3336,4096,False,torch.bfloat16,torch.bfloat16,False,False
8220,4096,1024,False,torch.bfloat16,torch.bfloat16,False,False
8220,4096,1536,False,torch.bfloat16,torch.bfloat16,False,False
8220,4096,2048,False,torch.bfloat16,torch.bfloat16,False,False
8250,160,4096,False,torch.bfloat16,torch.bfloat16,False,False
8250,1024,128,False,torch.bfloat16,torch.bfloat16,False,False
8250,2048,1536,False,torch.bfloat16,torch.bfloat16,False,False
8250,2048,4096,False,torch.bfloat16,torch.bfloat16,False,False
8250,3336,4096,False,torch.bfloat16,torch.bfloat16,False,False
8250,4096,1024,False,torch.bfloat16,torch.bfloat16,False,False
8250,4096,1536,False,torch.bfloat16,torch.bfloat16,False,False
8250,4096,2048,False,torch.bfloat16,torch.bfloat16,False,False
8252,160,4096,False,torch.bfloat16,torch.bfloat16,False,False
8252,1024,128,False,torch.bfloat16,torch.bfloat16,False,False
8252,2048,1536,False,torch.bfloat16,torch.bfloat16,False,False
8252,2048,4096,False,torch.bfloat16,torch.bfloat16,False,False
8252,3336,4096,False,torch.bfloat16,torch.bfloat16,False,False
8252,4096,1024,False,torch.bfloat16,torch.bfloat16,False,False
8252,4096,1536,False,torch.bfloat16,torch.bfloat16,False,False
8252,4096,2048,False,torch.bfloat16,torch.bfloat16,False,False
8837,160,4096,False,torch.bfloat16,torch.bfloat16,False,False
8837,1024,128,False,torch.bfloat16,torch.bfloat16,False,False
8837,2048,1536,False,torch.bfloat16,torch.bfloat16,False,False
8837,2048,4096,False,torch.bfloat16,torch.bfloat16,False,False
8837,3336,4096,False,torch.bfloat16,torch.bfloat16,False,False
8837,4096,1024,False,torch.bfloat16,torch.bfloat16,False,False
8837,4096,1536,False,torch.bfloat16,torch.bfloat16,False,False
8837,4096,2048,False,torch.bfloat16,torch.bfloat16,False,False
9402,160,4096,False,torch.bfloat16,torch.bfloat16,False,False
9402,1024,128,False,torch.bfloat16,torch.bfloat16,False,False
9402,2048,1536,False,torch.bfloat16,torch.bfloat16,False,False
9402,2048,4096,False,torch.bfloat16,torch.bfloat16,False,False
9402,3336,4096,False,torch.bfloat16,torch.bfloat16,False,False
9402,4096,1024,False,torch.bfloat16,torch.bfloat16,False,False
9402,4096,1536,False,torch.bfloat16,torch.bfloat16,False,False
9402,4096,2048,False,torch.bfloat16,torch.bfloat16,False,False
11276,160,4096,False,torch.bfloat16,torch.bfloat16,False,False
11276,1024,128,False,torch.bfloat16,torch.bfloat16,False,False
11276,2048,1536,False,torch.bfloat16,torch.bfloat16,False,False
11276,2048,4096,False,torch.bfloat16,torch.bfloat16,False,False
11276,3336,4096,False,torch.bfloat16,torch.bfloat16,False,False
11276,4096,1024,False,torch.bfloat16,torch.bfloat16,False,False
11276,4096,1536,False,torch.bfloat16,torch.bfloat16,False,False
11276,4096,2048,False,torch.bfloat16,torch.bfloat16,False,False
13318,160,4096,False,torch.bfloat16,torch.bfloat16,False,False
13318,1024,128,False,torch.bfloat16,torch.bfloat16,False,False
13318,2048,1536,False,torch.bfloat16,torch.bfloat16,False,False
13318,2048,4096,False,torch.bfloat16,torch.bfloat16,False,False
13318,3336,4096,False,torch.bfloat16,torch.bfloat16,False,False
13318,4096,1024,False,torch.bfloat16,torch.bfloat16,False,False
13318,4096,1536,False,torch.bfloat16,torch.bfloat16,False,False
13318,4096,2048,False,torch.bfloat16,torch.bfloat16,False,False
14108,160,4096,False,torch.bfloat16,torch.bfloat16,False,False
14108,1024,128,False,torch.bfloat16,torch.bfloat16,False,False
14108,2048,1536,False,torch.bfloat16,torch.bfloat16,False,False
14108,2048,4096,False,torch.bfloat16,torch.bfloat16,False,False
14108,3336,4096,False,torch.bfloat16,torch.bfloat16,False,False
14108,4096,1024,False,torch.bfloat16,torch.bfloat16,False,False
14108,4096,1536,False,torch.bfloat16,torch.bfloat16,False,False
14108,4096,2048,False,torch.bfloat16,torch.bfloat16,False,False
14138,160,4096,False,torch.bfloat16,torch.bfloat16,False,False
14138,1024,128,False,torch.bfloat16,torch.bfloat16,False,False
14138,2048,1536,False,torch.bfloat16,torch.bfloat16,False,False
14138,2048,4096,False,torch.bfloat16,torch.bfloat16,False,False
14138,3336,4096,False,torch.bfloat16,torch.bfloat16,False,False
14138,4096,1024,False,torch.bfloat16,torch.bfloat16,False,False
14138,4096,1536,False,torch.bfloat16,torch.bfloat16,False,False
14138,4096,2048,False,torch.bfloat16,torch.bfloat16,False,False
15361,160,4096,False,torch.bfloat16,torch.bfloat16,False,False
15361,1024,128,False,torch.bfloat16,torch.bfloat16,False,False
15361,2048,1536,False,torch.bfloat16,torch.bfloat16,False,False
15361,2048,4096,False,torch.bfloat16,torch.bfloat16,False,False
15361,3336,4096,False,torch.bfloat16,torch.bfloat16,False,False
15361,4096,1024,False,torch.bfloat16,torch.bfloat16,False,False
15361,4096,1536,False,torch.bfloat16,torch.bfloat16,False,False
15361,4096,2048,False,torch.bfloat16,torch.bfloat16,False,False
15745,160,4096,False,torch.bfloat16,torch.bfloat16,False,False
15745,1024,128,False,torch.bfloat16,torch.bfloat16,False,False
15745,2048,1536,False,torch.bfloat16,torch.bfloat16,False,False
15745,2048,4096,False,torch.bfloat16,torch.bfloat16,False,False
15745,3336,4096,False,torch.bfloat16,torch.bfloat16,False,False
15745,4096,1024,False,torch.bfloat16,torch.bfloat16,False,False
15745,4096,1536,False,torch.bfloat16,torch.bfloat16,False,False
15745,4096,2048,False,torch.bfloat16,torch.bfloat16,False,False
15747,160,4096,False,torch.bfloat16,torch.bfloat16,False,False
15747,1024,128,False,torch.bfloat16,torch.bfloat16,False,False
15747,2048,1536,False,torch.bfloat16,torch.bfloat16,False,False
15747,2048,4096,False,torch.bfloat16,torch.bfloat16,False,False
15747,3336,4096,False,torch.bfloat16,torch.bfloat16,False,False
15747,4096,1024,False,torch.bfloat16,torch.bfloat16,False,False
15747,4096,1536,False,torch.bfloat16,torch.bfloat16,False,False
15747,4096,2048,False,torch.bfloat16,torch.bfloat16,False,False
15750,160,4096,False,torch.bfloat16,torch.bfloat16,False,False
15750,1024,128,False,torch.bfloat16,torch.bfloat16,False,False
15750,2048,1536,False,torch.bfloat16,torch.bfloat16,False,False
15750,2048,4096,False,torch.bfloat16,torch.bfloat16,False,False
15750,3336,4096,False,torch.bfloat16,torch.bfloat16,False,False
15750,4096,1024,False,torch.bfloat16,torch.bfloat16,False,False
15750,4096,1536,False,torch.bfloat16,torch.bfloat16,False,False
15750,4096,2048,False,torch.bfloat16,torch.bfloat16,False,False
15752,160,4096,False,torch.bfloat16,torch.bfloat16,False,False
15752,1024,128,False,torch.bfloat16,torch.bfloat16,False,False
15752,2048,1536,False,torch.bfloat16,torch.bfloat16,False,False
15752,2048,4096,False,torch.bfloat16,torch.bfloat16,False,False
15752,3336,4096,False,torch.bfloat16,torch.bfloat16,False,False
15752,4096,1024,False,torch.bfloat16,torch.bfloat16,False,False
15752,4096,1536,False,torch.bfloat16,torch.bfloat16,False,False
15752,4096,2048,False,torch.bfloat16,torch.bfloat16,False,False
15754,160,4096,False,torch.bfloat16,torch.bfloat16,False,False
15754,1024,128,False,torch.bfloat16,torch.bfloat16,False,False
15754,2048,1536,False,torch.bfloat16,torch.bfloat16,False,False
15754,2048,4096,False,torch.bfloat16,torch.bfloat16,False,False
15754,3336,4096,False,torch.bfloat16,torch.bfloat16,False,False
15754,4096,1024,False,torch.bfloat16,torch.bfloat16,False,False
15754,4096,1536,False,torch.bfloat16,torch.bfloat16,False,False
15754,4096,2048,False,torch.bfloat16,torch.bfloat16,False,False
15756,160,4096,False,torch.bfloat16,torch.bfloat16,False,False
15756,1024,128,False,torch.bfloat16,torch.bfloat16,False,False
15756,2048,1536,False,torch.bfloat16,torch.bfloat16,False,False
15756,2048,4096,False,torch.bfloat16,torch.bfloat16,False,False
15756,3336,4096,False,torch.bfloat16,torch.bfloat16,False,False
15756,4096,1024,False,torch.bfloat16,torch.bfloat16,False,False
15756,4096,1536,False,torch.bfloat16,torch.bfloat16,False,False
15756,4096,2048,False,torch.bfloat16,torch.bfloat16,False,False
15758,160,4096,False,torch.bfloat16,torch.bfloat16,False,False
15758,1024,128,False,torch.bfloat16,torch.bfloat16,False,False
15758,2048,1536,False,torch.bfloat16,torch.bfloat16,False,False
15758,2048,4096,False,torch.bfloat16,torch.bfloat16,False,False
15758,3336,4096,False,torch.bfloat16,torch.bfloat16,False,False
15758,4096,1024,False,torch.bfloat16,torch.bfloat16,False,False
15758,4096,1536,False,torch.bfloat16,torch.bfloat16,False,False
15758,4096,2048,False,torch.bfloat16,torch.bfloat16,False,False
15760,160,4096,False,torch.bfloat16,torch.bfloat16,False,False
15760,1024,128,False,torch.bfloat16,torch.bfloat16,False,False
15760,2048,1536,False,torch.bfloat16,torch.bfloat16,False,False
15760,2048,4096,False,torch.bfloat16,torch.bfloat16,False,False
15760,3336,4096,False,torch.bfloat16,torch.bfloat16,False,False
15760,4096,1024,False,torch.bfloat16,torch.bfloat16,False,False
15760,4096,1536,False,torch.bfloat16,torch.bfloat16,False,False
15760,4096,2048,False,torch.bfloat16,torch.bfloat16,False,False
15762,160,4096,False,torch.bfloat16,torch.bfloat16,False,False
15762,1024,128,False,torch.bfloat16,torch.bfloat16,False,False
15762,2048,1536,False,torch.bfloat16,torch.bfloat16,False,False
15762,2048,4096,False,torch.bfloat16,torch.bfloat16,False,False
15762,3336,4096,False,torch.bfloat16,torch.bfloat16,False,False
15762,4096,1024,False,torch.bfloat16,torch.bfloat16,False,False
15762,4096,1536,False,torch.bfloat16,torch.bfloat16,False,False
15762,4096,2048,False,torch.bfloat16,torch.bfloat16,False,False
15764,160,4096,False,torch.bfloat16,torch.bfloat16,False,False
15764,1024,128,False,torch.bfloat16,torch.bfloat16,False,False
15764,2048,1536,False,torch.bfloat16,torch.bfloat16,False,False
15764,2048,4096,False,torch.bfloat16,torch.bfloat16,False,False
15764,3336,4096,False,torch.bfloat16,torch.bfloat16,False,False
15764,4096,1024,False,torch.bfloat16,torch.bfloat16,False,False
15764,4096,1536,False,torch.bfloat16,torch.bfloat16,False,False
15764,4096,2048,False,torch.bfloat16,torch.bfloat16,False,False
15766,160,4096,False,torch.bfloat16,torch.bfloat16,False,False
15766,1024,128,False,torch.bfloat16,torch.bfloat16,False,False
15766,2048,1536,False,torch.bfloat16,torch.bfloat16,False,False
15766,2048,4096,False,torch.bfloat16,torch.bfloat16,False,False
15766,3336,4096,False,torch.bfloat16,torch.bfloat16,False,False
15766,4096,1024,False,torch.bfloat16,torch.bfloat16,False,False
15766,4096,1536,False,torch.bfloat16,torch.bfloat16,False,False
15766,4096,2048,False,torch.bfloat16,torch.bfloat16,False,False
15768,160,4096,False,torch.bfloat16,torch.bfloat16,False,False
15768,1024,128,False,torch.bfloat16,torch.bfloat16,False,False
15768,2048,1536,False,torch.bfloat16,torch.bfloat16,False,False
15768,2048,4096,False,torch.bfloat16,torch.bfloat16,False,False
15768,3336,4096,False,torch.bfloat16,torch.bfloat16,False,False
15768,4096,1024,False,torch.bfloat16,torch.bfloat16,False,False
15768,4096,1536,False,torch.bfloat16,torch.bfloat16,False,False
15768,4096,2048,False,torch.bfloat16,torch.bfloat16,False,False
15770,160,4096,False,torch.bfloat16,torch.bfloat16,False,False
15770,1024,128,False,torch.bfloat16,torch.bfloat16,False,False
15770,2048,1536,False,torch.bfloat16,torch.bfloat16,False,False
15770,2048,4096,False,torch.bfloat16,torch.bfloat16,False,False
15770,3336,4096,False,torch.bfloat16,torch.bfloat16,False,False
15770,4096,1024,False,torch.bfloat16,torch.bfloat16,False,False
15770,4096,1536,False,torch.bfloat16,torch.bfloat16,False,False
15770,4096,2048,False,torch.bfloat16,torch.bfloat16,False,False
15772,160,4096,False,torch.bfloat16,torch.bfloat16,False,False
15772,1024,128,False,torch.bfloat16,torch.bfloat16,False,False
15772,2048,1536,False,torch.bfloat16,torch.bfloat16,False,False
15772,2048,4096,False,torch.bfloat16,torch.bfloat16,False,False
15772,3336,4096,False,torch.bfloat16,torch.bfloat16,False,False
15772,4096,1024,False,torch.bfloat16,torch.bfloat16,False,False
15772,4096,1536,False,torch.bfloat16,torch.bfloat16,False,False
15772,4096,2048,False,torch.bfloat16,torch.bfloat16,False,False
15873,160,4096,False,torch.bfloat16,torch.bfloat16,False,False
15873,1024,128,False,torch.bfloat16,torch.bfloat16,False,False
15873,2048,1536,False,torch.bfloat16,torch.bfloat16,False,False
15873,2048,4096,False,torch.bfloat16,torch.bfloat16,False,False
15873,3336,4096,False,torch.bfloat16,torch.bfloat16,False,False
15873,4096,1024,False,torch.bfloat16,torch.bfloat16,False,False
15873,4096,1536,False,torch.bfloat16,torch.bfloat16,False,False
15873,4096,2048,False,torch.bfloat16,torch.bfloat16,False,False
15877,160,4096,False,torch.bfloat16,torch.bfloat16,False,False
15877,1024,128,False,torch.bfloat16,torch.bfloat16,False,False
15877,2048,1536,False,torch.bfloat16,torch.bfloat16,False,False
15877,2048,4096,False,torch.bfloat16,torch.bfloat16,False,False
15877,3336,4096,False,torch.bfloat16,torch.bfloat16,False,False
15877,4096,1024,False,torch.bfloat16,torch.bfloat16,False,False
15877,4096,1536,False,torch.bfloat16,torch.bfloat16,False,False
15877,4096,2048,False,torch.bfloat16,torch.bfloat16,False,False
16001,160,4096,False,torch.bfloat16,torch.bfloat16,False,False
16001,1024,128,False,torch.bfloat16,torch.bfloat16,False,False
16001,2048,1536,False,torch.bfloat16,torch.bfloat16,False,False
16001,2048,4096,False,torch.bfloat16,torch.bfloat16,False,False
16001,3336,4096,False,torch.bfloat16,torch.bfloat16,False,False
16001,4096,1024,False,torch.bfloat16,torch.bfloat16,False,False
16001,4096,1536,False,torch.bfloat16,torch.bfloat16,False,False
16001,4096,2048,False,torch.bfloat16,torch.bfloat16,False,False
16058,160,4096,False,torch.bfloat16,torch.bfloat16,False,False
16058,1024,128,False,torch.bfloat16,torch.bfloat16,False,False
16058,2048,1536,False,torch.bfloat16,torch.bfloat16,False,False
16058,2048,4096,False,torch.bfloat16,torch.bfloat16,False,False
16058,3336,4096,False,torch.bfloat16,torch.bfloat16,False,False
16058,4096,1024,False,torch.bfloat16,torch.bfloat16,False,False
16058,4096,1536,False,torch.bfloat16,torch.bfloat16,False,False
16058,4096,2048,False,torch.bfloat16,torch.bfloat16,False,False
16130,160,4096,False,torch.bfloat16,torch.bfloat16,False,False
16130,1024,128,False,torch.bfloat16,torch.bfloat16,False,False
16130,2048,1536,False,torch.bfloat16,torch.bfloat16,False,False
16130,2048,4096,False,torch.bfloat16,torch.bfloat16,False,False
16130,3336,4096,False,torch.bfloat16,torch.bfloat16,False,False
16130,4096,1024,False,torch.bfloat16,torch.bfloat16,False,False
16130,4096,1536,False,torch.bfloat16,torch.bfloat16,False,False
16130,4096,2048,False,torch.bfloat16,torch.bfloat16,False,False
16158,160,4096,False,torch.bfloat16,torch.bfloat16,False,False
16158,1024,128,False,torch.bfloat16,torch.bfloat16,False,False
16158,2048,1536,False,torch.bfloat16,torch.bfloat16,False,False
16158,2048,4096,False,torch.bfloat16,torch.bfloat16,False,False
16158,3336,4096,False,torch.bfloat16,torch.bfloat16,False,False
16158,4096,1024,False,torch.bfloat16,torch.bfloat16,False,False
16158,4096,1536,False,torch.bfloat16,torch.bfloat16,False,False
16158,4096,2048,False,torch.bfloat16,torch.bfloat16,False,False
16384,160,4096,False,torch.bfloat16,torch.bfloat16,False,False
16384,1024,128,False,torch.bfloat16,torch.bfloat16,False,False
16384,2048,1536,False,torch.bfloat16,torch.bfloat16,False,False
16384,2048,4096,False,torch.bfloat16,torch.bfloat16,False,False
16384,3336,4096,False,torch.bfloat16,torch.bfloat16,False,False
16384,4096,1024,False,torch.bfloat16,torch.bfloat16,False,False
16384,4096,1536,False,torch.bfloat16,torch.bfloat16,False,False
16384,4096,2048,False,torch.bfloat16,torch.bfloat16,False,False
31684,384,1024,True,torch.bfloat16,torch.bfloat16,False,False
31684,1024,128,False,torch.bfloat16,torch.bfloat16,False,False
31684,1024,128,True,torch.bfloat16,torch.bfloat16,False,False
31684,1024,512,False,torch.bfloat16,torch.bfloat16,False,False
31684,1024,512,True,torch.bfloat16,torch.bfloat16,False,False
31684,1024,1024,True,torch.bfloat16,torch.bfloat16,False,False
1180,160,4096,False,torch.bfloat16,torch.bfloat16,False,False
1180,1024,128,False,torch.bfloat16,torch.bfloat16,False,False
1180,2048,1536,False,torch.bfloat16,torch.bfloat16,False,False
1180,2048,4096,False,torch.bfloat16,torch.bfloat16,False,False
1180,3336,4096,False,torch.bfloat16,torch.bfloat16,False,False
1180,4096,1024,False,torch.bfloat16,torch.bfloat16,False,False
1180,4096,1536,False,torch.bfloat16,torch.bfloat16,False,False
1180,4096,2048,False,torch.bfloat16,torch.bfloat16,False,False
1210,160,4096,False,torch.bfloat16,torch.bfloat16,False,False
1210,1024,128,False,torch.bfloat16,torch.bfloat16,False,False
1210,2048,1536,False,torch.bfloat16,torch.bfloat16,False,False
1210,2048,4096,False,torch.bfloat16,torch.bfloat16,False,False
1210,3336,4096,False,torch.bfloat16,torch.bfloat16,False,False
1210,4096,1024,False,torch.bfloat16,torch.bfloat16,False,False
1210,4096,1536,False,torch.bfloat16,torch.bfloat16,False,False
1210,4096,2048,False,torch.bfloat16,torch.bfloat16,False,False
2316,160,4096,False,torch.bfloat16,torch.bfloat16,False,False
2316,1024,128,False,torch.bfloat16,torch.bfloat16,False,False
2316,2048,1536,False,torch.bfloat16,torch.bfloat16,False,False
2316,2048,4096,False,torch.bfloat16,torch.bfloat16,False,False
2316,3336,4096,False,torch.bfloat16,torch.bfloat16,False,False
2316,4096,1024,False,torch.bfloat16,torch.bfloat16,False,False
2316,4096,1536,False,torch.bfloat16,torch.bfloat16,False,False
2316,4096,2048,False,torch.bfloat16,torch.bfloat16,False,False
7066,160,4096,False,torch.bfloat16,torch.bfloat16,False,False
7066,1024,128,False,torch.bfloat16,torch.bfloat16,False,False
7066,2048,1536,False,torch.bfloat16,torch.bfloat16,False,False
7066,2048,4096,False,torch.bfloat16,torch.bfloat16,False,False
7066,3336,4096,False,torch.bfloat16,torch.bfloat16,False,False
7066,4096,1024,False,torch.bfloat16,torch.bfloat16,False,False
7066,4096,1536,False,torch.bfloat16,torch.bfloat16,False,False
7066,4096,2048,False,torch.bfloat16,torch.bfloat16,False,False
8218,160,4096,False,torch.bfloat16,torch.bfloat16,False,False
8218,1024,128,False,torch.bfloat16,torch.bfloat16,False,False
8218,2048,1536,False,torch.bfloat16,torch.bfloat16,False,False
8218,2048,4096,False,torch.bfloat16,torch.bfloat16,False,False
8218,3336,4096,False,torch.bfloat16,torch.bfloat16,False,False
8218,4096,1024,False,torch.bfloat16,torch.bfloat16,False,False
8218,4096,1536,False,torch.bfloat16,torch.bfloat16,False,False
8218,4096,2048,False,torch.bfloat16,torch.bfloat16,False,False
53,19360,4096,False,torch.bfloat16,torch.bfloat16,False,False
74,19360,4096,False,torch.bfloat16,torch.bfloat16,False,False
119,19360,4096,False,torch.bfloat16,torch.bfloat16,False,False
121,19360,4096,False,torch.bfloat16,torch.bfloat16,False,False
122,19360,4096,False,torch.bfloat16,torch.bfloat16,False,False
125,19360,4096,False,torch.bfloat16,torch.bfloat16,False,False
1160,160,4096,False,torch.bfloat16,torch.bfloat16,False,False
1160,1024,128,False,torch.bfloat16,torch.bfloat16,False,False
1160,2048,1536,False,torch.bfloat16,torch.bfloat16,False,False
1160,2048,4096,False,torch.bfloat16,torch.bfloat16,False,False
1160,3336,4096,False,torch.bfloat16,torch.bfloat16,False,False
1160,4096,1024,False,torch.bfloat16,torch.bfloat16,False,False
1160,4096,1536,False,torch.bfloat16,torch.bfloat16,False,False
1160,4096,2048,False,torch.bfloat16,torch.bfloat16,False,False
1176,160,4096,False,torch.bfloat16,torch.bfloat16,False,False
1176,1024,128,False,torch.bfloat16,torch.bfloat16,False,False
1176,2048,1536,False,torch.bfloat16,torch.bfloat16,False,False
1176,2048,4096,False,torch.bfloat16,torch.bfloat16,False,False
1176,3336,4096,False,torch.bfloat16,torch.bfloat16,False,False
1176,4096,1024,False,torch.bfloat16,torch.bfloat16,False,False
1176,4096,1536,False,torch.bfloat16,torch.bfloat16,False,False
1176,4096,2048,False,torch.bfloat16,torch.bfloat16,False,False
1204,160,4096,False,torch.bfloat16,torch.bfloat16,False,False
1204,1024,128,False,torch.bfloat16,torch.bfloat16,False,False
1204,2048,1536,False,torch.bfloat16,torch.bfloat16,False,False
1204,2048,4096,False,torch.bfloat16,torch.bfloat16,False,False
1204,3336,4096,False,torch.bfloat16,torch.bfloat16,False,False
1204,4096,1024,False,torch.bfloat16,torch.bfloat16,False,False
1204,4096,1536,False,torch.bfloat16,torch.bfloat16,False,False
1204,4096,2048,False,torch.bfloat16,torch.bfloat16,False,False
1272,160,4096,False,torch.bfloat16,torch.bfloat16,False,False
1272,1024,128,False,torch.bfloat16,torch.bfloat16,False,False
1272,2048,1536,False,torch.bfloat16,torch.bfloat16,False,False
1272,2048,4096,False,torch.bfloat16,torch.bfloat16,False,False
1272,3336,4096,False,torch.bfloat16,torch.bfloat16,False,False
1272,4096,1024,False,torch.bfloat16,torch.bfloat16,False,False
1272,4096,1536,False,torch.bfloat16,torch.bfloat16,False,False
1272,4096,2048,False,torch.bfloat16,torch.bfloat16,False,False
1276,160,4096,False,torch.bfloat16,torch.bfloat16,False,False
1276,1024,128,False,torch.bfloat16,torch.bfloat16,False,False
1276,2048,1536,False,torch.bfloat16,torch.bfloat16,False,False
1276,2048,4096,False,torch.bfloat16,torch.bfloat16,False,False
1276,3336,4096,False,torch.bfloat16,torch.bfloat16,False,False
1276,4096,1024,False,torch.bfloat16,torch.bfloat16,False,False
1276,4096,1536,False,torch.bfloat16,torch.bfloat16,False,False
1276,4096,2048,False,torch.bfloat16,torch.bfloat16,False,False
2360,160,4096,False,torch.bfloat16,torch.bfloat16,False,False
2360,1024,128,False,torch.bfloat16,torch.bfloat16,False,False
2360,2048,1536,False,torch.bfloat16,torch.bfloat16,False,False
2360,2048,4096,False,torch.bfloat16,torch.bfloat16,False,False
2360,3336,4096,False,torch.bfloat16,torch.bfloat16,False,False
2360,4096,1024,False,torch.bfloat16,torch.bfloat16,False,False
2360,4096,1536,False,torch.bfloat16,torch.bfloat16,False,False
2360,4096,2048,False,torch.bfloat16,torch.bfloat16,False,False
3460,160,4096,False,torch.bfloat16,torch.bfloat16,False,False
3460,1024,128,False,torch.bfloat16,torch.bfloat16,False,False
3460,2048,1536,False,torch.bfloat16,torch.bfloat16,False,False
3460,2048,4096,False,torch.bfloat16,torch.bfloat16,False,False
3460,3336,4096,False,torch.bfloat16,torch.bfloat16,False,False
3460,4096,1024,False,torch.bfloat16,torch.bfloat16,False,False
3460,4096,1536,False,torch.bfloat16,torch.bfloat16,False,False
3460,4096,2048,False,torch.bfloat16,torch.bfloat16,False,False
3572,160,4096,False,torch.bfloat16,torch.bfloat16,False,False
3572,1024,128,False,torch.bfloat16,torch.bfloat16,False,False
3572,2048,1536,False,torch.bfloat16,torch.bfloat16,False,False
3572,2048,4096,False,torch.bfloat16,torch.bfloat16,False,False
3572,3336,4096,False,torch.bfloat16,torch.bfloat16,False,False
3572,4096,1024,False,torch.bfloat16,torch.bfloat16,False,False
3572,4096,1536,False,torch.bfloat16,torch.bfloat16,False,False
3572,4096,2048,False,torch.bfloat16,torch.bfloat16,False,False
4096,160,4096,False,torch.bfloat16,torch.bfloat16,False,False
4096,1024,128,False,torch.bfloat16,torch.bfloat16,False,False
4096,2048,1536,False,torch.bfloat16,torch.bfloat16,False,False
4096,2048,4096,False,torch.bfloat16,torch.bfloat16,False,False
4096,3336,4096,False,torch.bfloat16,torch.bfloat16,False,False
4096,4096,1024,False,torch.bfloat16,torch.bfloat16,False,False
4096,4096,1536,False,torch.bfloat16,torch.bfloat16,False,False
4096,4096,2048,False,torch.bfloat16,torch.bfloat16,False,False
4096,19360,4096,False,torch.bfloat16,torch.bfloat16,False,False
5120,160,4096,False,torch.bfloat16,torch.bfloat16,False,False
5120,1024,128,False,torch.bfloat16,torch.bfloat16,False,False
5120,2048,1536,False,torch.bfloat16,torch.bfloat16,False,False
5120,2048,4096,False,torch.bfloat16,torch.bfloat16,False,False
5120,3336,4096,False,torch.bfloat16,torch.bfloat16,False,False
5120,4096,1024,False,torch.bfloat16,torch.bfloat16,False,False
5120,4096,1536,False,torch.bfloat16,torch.bfloat16,False,False
5120,4096,2048,False,torch.bfloat16,torch.bfloat16,False,False
7048,160,4096,False,torch.bfloat16,torch.bfloat16,False,False
7048,1024,128,False,torch.bfloat16,torch.bfloat16,False,False
7048,2048,1536,False,torch.bfloat16,torch.bfloat16,False,False
7048,2048,4096,False,torch.bfloat16,torch.bfloat16,False,False
7048,3336,4096,False,torch.bfloat16,torch.bfloat16,False,False
7048,4096,1024,False,torch.bfloat16,torch.bfloat16,False,False
7048,4096,1536,False,torch.bfloat16,torch.bfloat16,False,False
7048,4096,2048,False,torch.bfloat16,torch.bfloat16,False,False
7052,160,4096,False,torch.bfloat16,torch.bfloat16,False,False
7052,1024,128,False,torch.bfloat16,torch.bfloat16,False,False
7052,2048,1536,False,torch.bfloat16,torch.bfloat16,False,False
7052,2048,4096,False,torch.bfloat16,torch.bfloat16,False,False
7052,3336,4096,False,torch.bfloat16,torch.bfloat16,False,False
7052,4096,1024,False,torch.bfloat16,torch.bfloat16,False,False
7052,4096,1536,False,torch.bfloat16,torch.bfloat16,False,False
7052,4096,2048,False,torch.bfloat16,torch.bfloat16,False,False
7092,160,4096,False,torch.bfloat16,torch.bfloat16,False,False
7092,1024,128,False,torch.bfloat16,torch.bfloat16,False,False
7092,2048,1536,False,torch.bfloat16,torch.bfloat16,False,False
7092,2048,4096,False,torch.bfloat16,torch.bfloat16,False,False
7092,3336,4096,False,torch.bfloat16,torch.bfloat16,False,False
7092,4096,1024,False,torch.bfloat16,torch.bfloat16,False,False
7092,4096,1536,False,torch.bfloat16,torch.bfloat16,False,False
7092,4096,2048,False,torch.bfloat16,torch.bfloat16,False,False
7160,160,4096,False,torch.bfloat16,torch.bfloat16,False,False
7160,1024,128,False,torch.bfloat16,torch.bfloat16,False,False
7160,2048,1536,False,torch.bfloat16,torch.bfloat16,False,False
7160,2048,4096,False,torch.bfloat16,torch.bfloat16,False,False
7160,3336,4096,False,torch.bfloat16,torch.bfloat16,False,False
7160,4096,1024,False,torch.bfloat16,torch.bfloat16,False,False
7160,4096,1536,False,torch.bfloat16,torch.bfloat16,False,False
7160,4096,2048,False,torch.bfloat16,torch.bfloat16,False,False
7164,160,4096,False,torch.bfloat16,torch.bfloat16,False,False
7164,1024,128,False,torch.bfloat16,torch.bfloat16,False,False
7164,2048,1536,False,torch.bfloat16,torch.bfloat16,False,False
7164,2048,4096,False,torch.bfloat16,torch.bfloat16,False,False
7164,3336,4096,False,torch.bfloat16,torch.bfloat16,False,False
7164,4096,1024,False,torch.bfloat16,torch.bfloat16,False,False
7164,4096,1536,False,torch.bfloat16,torch.bfloat16,False,False
7164,4096,2048,False,torch.bfloat16,torch.bfloat16,False,False
8068,160,4096,False,torch.bfloat16,torch.bfloat16,False,False
8068,1024,128,False,torch.bfloat16,torch.bfloat16,False,False
8068,2048,1536,False,torch.bfloat16,torch.bfloat16,False,False
8068,2048,4096,False,torch.bfloat16,torch.bfloat16,False,False
8068,3336,4096,False,torch.bfloat16,torch.bfloat16,False,False
8068,4096,1024,False,torch.bfloat16,torch.bfloat16,False,False
8068,4096,1536,False,torch.bfloat16,torch.bfloat16,False,False
8068,4096,2048,False,torch.bfloat16,torch.bfloat16,False,False
8244,160,4096,False,torch.bfloat16,torch.bfloat16,False,False
8244,1024,128,False,torch.bfloat16,torch.bfloat16,False,False
8244,2048,1536,False,torch.bfloat16,torch.bfloat16,False,False
8244,2048,4096,False,torch.bfloat16,torch.bfloat16,False,False
8244,3336,4096,False,torch.bfloat16,torch.bfloat16,False,False
8244,4096,1024,False,torch.bfloat16,torch.bfloat16,False,False
8244,4096,1536,False,torch.bfloat16,torch.bfloat16,False,False
8244,4096,2048,False,torch.bfloat16,torch.bfloat16,False,False
8312,160,4096,False,torch.bfloat16,torch.bfloat16,False,False
8312,1024,128,False,torch.bfloat16,torch.bfloat16,False,False
8312,2048,1536,False,torch.bfloat16,torch.bfloat16,False,False
8312,2048,4096,False,torch.bfloat16,torch.bfloat16,False,False
8312,3336,4096,False,torch.bfloat16,torch.bfloat16,False,False
8312,4096,1024,False,torch.bfloat16,torch.bfloat16,False,False
8312,4096,1536,False,torch.bfloat16,torch.bfloat16,False,False
8312,4096,2048,False,torch.bfloat16,torch.bfloat16,False,False
14136,160,4096,False,torch.bfloat16,torch.bfloat16,False,False
14136,1024,128,False,torch.bfloat16,torch.bfloat16,False,False
14136,2048,1536,False,torch.bfloat16,torch.bfloat16,False,False
14136,2048,4096,False,torch.bfloat16,torch.bfloat16,False,False
14136,3336,4096,False,torch.bfloat16,torch.bfloat16,False,False
14136,4096,1024,False,torch.bfloat16,torch.bfloat16,False,False
14136,4096,1536,False,torch.bfloat16,torch.bfloat16,False,False
14136,4096,2048,False,torch.bfloat16,torch.bfloat16,False,False
16132,160,4096,False,torch.bfloat16,torch.bfloat16,False,False
16132,1024,128,False,torch.bfloat16,torch.bfloat16,False,False
16132,2048,1536,False,torch.bfloat16,torch.bfloat16,False,False
16132,2048,4096,False,torch.bfloat16,torch.bfloat16,False,False
16132,3336,4096,False,torch.bfloat16,torch.bfloat16,False,False
16132,4096,1024,False,torch.bfloat16,torch.bfloat16,False,False
16132,4096,1536,False,torch.bfloat16,torch.bfloat16,False,False
16132,4096,2048,False,torch.bfloat16,torch.bfloat16,False,False
16188,160,4096,False,torch.bfloat16,torch.bfloat16,False,False
16188,1024,128,False,torch.bfloat16,torch.bfloat16,False,False
16188,2048,1536,False,torch.bfloat16,torch.bfloat16,False,False
16188,2048,4096,False,torch.bfloat16,torch.bfloat16,False,False
16188,3336,4096,False,torch.bfloat16,torch.bfloat16,False,False
16188,4096,1024,False,torch.bfloat16,torch.bfloat16,False,False
16188,4096,1536,False,torch.bfloat16,torch.bfloat16,False,False
16188,4096,2048,False,torch.bfloat16,torch.bfloat16,False,False
6,160,4096,False,torch.bfloat16,torch.bfloat16,False,False
6,1024,128,False,torch.bfloat16,torch.bfloat16,False,False
6,2048,1536,False,torch.bfloat16,torch.bfloat16,False,False
6,2048,4096,False,torch.bfloat16,torch.bfloat16,False,False
6,3336,4096,False,torch.bfloat16,torch.bfloat16,False,False
6,4096,1024,False,torch.bfloat16,torch.bfloat16,False,False
6,4096,1536,False,torch.bfloat16,torch.bfloat16,False,False
6,4096,2048,False,torch.bfloat16,torch.bfloat16,False,False
7,160,4096,False,torch.bfloat16,torch.bfloat16,False,False
7,1024,128,False,torch.bfloat16,torch.bfloat16,False,False
7,2048,1536,False,torch.bfloat16,torch.bfloat16,False,False
7,2048,4096,False,torch.bfloat16,torch.bfloat16,False,False
7,3336,4096,False,torch.bfloat16,torch.bfloat16,False,False
7,4096,1024,False,torch.bfloat16,torch.bfloat16,False,False
7,4096,1536,False,torch.bfloat16,torch.bfloat16,False,False
7,4096,2048,False,torch.bfloat16,torch.bfloat16,False,False
12,1024,128,False,torch.bfloat16,torch.bfloat16,False,False
12,3336,4096,False,torch.bfloat16,torch.bfloat16,False,False
18,1024,128,False,torch.bfloat16,torch.bfloat16,False,False
18,2048,4096,False,torch.bfloat16,torch.bfloat16,False,False
18,3336,4096,False,torch.bfloat16,torch.bfloat16,False,False
18,4096,1536,False,torch.bfloat16,torch.bfloat16,False,False
18,4096,2048,False,torch.bfloat16,torch.bfloat16,False,False
35,19360,4096,False,torch.bfloat16,torch.bfloat16,False,False
36,1024,128,False,torch.bfloat16,torch.bfloat16,False,False
36,2048,1536,False,torch.bfloat16,torch.bfloat16,False,False
36,2048,4096,False,torch.bfloat16,torch.bfloat16,False,False
36,3336,4096,False,torch.bfloat16,torch.bfloat16,False,False
36,4096,1024,False,torch.bfloat16,torch.bfloat16,False,False
36,4096,1536,False,torch.bfloat16,torch.bfloat16,False,False
36,4096,2048,False,torch.bfloat16,torch.bfloat16,False,False
39,19360,4096,False,torch.bfloat16,torch.bfloat16,False,False
42,1024,128,False,torch.bfloat16,torch.bfloat16,False,False
42,2048,1536,False,torch.bfloat16,torch.bfloat16,False,False
42,2048,4096,False,torch.bfloat16,torch.bfloat16,False,False
42,3336,4096,False,torch.bfloat16,torch.bfloat16,False,False
42,4096,1024,False,torch.bfloat16,torch.bfloat16,False,False
42,4096,1536,False,torch.bfloat16,torch.bfloat16,False,False
42,4096,2048,False,torch.bfloat16,torch.bfloat16,False,False
43,19360,4096,False,torch.bfloat16,torch.bfloat16,False,False
51,19360,4096,False,torch.bfloat16,torch.bfloat16,False,False
60,1024,128,False,torch.bfloat16,torch.bfloat16,False,False
60,2048,1536,False,torch.bfloat16,torch.bfloat16,False,False
60,2048,4096,False,torch.bfloat16,torch.bfloat16,False,False
60,3336,4096,False,torch.bfloat16,torch.bfloat16,False,False
60,4096,1024,False,torch.bfloat16,torch.bfloat16,False,False
60,4096,1536,False,torch.bfloat16,torch.bfloat16,False,False
60,4096,2048,False,torch.bfloat16,torch.bfloat16,False,False
66,1024,128,False,torch.bfloat16,torch.bfloat16,False,False
66,2048,1536,False,torch.bfloat16,torch.bfloat16,False,False
66,2048,4096,False,torch.bfloat16,torch.bfloat16,False,False
66,3336,4096,False,torch.bfloat16,torch.bfloat16,False,False
66,4096,1024,False,torch.bfloat16,torch.bfloat16,False,False
66,4096,1536,False,torch.bfloat16,torch.bfloat16,False,False
66,4096,2048,False,torch.bfloat16,torch.bfloat16,False,False
66,19360,4096,False,torch.bfloat16,torch.bfloat16,False,False
67,19360,4096,False,torch.bfloat16,torch.bfloat16,False,False
70,19360,4096,False,torch.bfloat16,torch.bfloat16,False,False
75,19360,4096,False,torch.bfloat16,torch.bfloat16,False,False
78,19360,4096,False,torch.bfloat16,torch.bfloat16,False,False
83,19360,4096,False,torch.bfloat16,torch.bfloat16,False,False
84,1024,128,False,torch.bfloat16,torch.bfloat16,False,False
84,2048,1536,False,torch.bfloat16,torch.bfloat16,False,False
84,2048,4096,False,torch.bfloat16,torch.bfloat16,False,False
84,3336,4096,False,torch.bfloat16,torch.bfloat16,False,False
84,4096,1024,False,torch.bfloat16,torch.bfloat16,False,False
84,4096,1536,False,torch.bfloat16,torch.bfloat16,False,False
84,4096,2048,False,torch.bfloat16,torch.bfloat16,False,False
85,19360,4096,False,torch.bfloat16,torch.bfloat16,False,False
90,1024,128,False,torch.bfloat16,torch.bfloat16,False,False
90,2048,1536,False,torch.bfloat16,torch.bfloat16,False,False
90,2048,4096,False,torch.bfloat16,torch.bfloat16,False,False
90,3336,4096,False,torch.bfloat16,torch.bfloat16,False,False
90,4096,1024,False,torch.bfloat16,torch.bfloat16,False,False
90,4096,1536,False,torch.bfloat16,torch.bfloat16,False,False
90,4096,2048,False,torch.bfloat16,torch.bfloat16,False,False
90,19360,4096,False,torch.bfloat16,torch.bfloat16,False,False
91,19360,4096,False,torch.bfloat16,torch.bfloat16,False,False
102,19360,4096,False,torch.bfloat16,torch.bfloat16,False,False
108,1024,128,False,torch.bfloat16,torch.bfloat16,False,False
108,2048,1536,False,torch.bfloat16,torch.bfloat16,False,False
108,2048,4096,False,torch.bfloat16,torch.bfloat16,False,False
108,3336,4096,False,torch.bfloat16,torch.bfloat16,False,False
108,4096,1024,False,torch.bfloat16,torch.bfloat16,False,False
108,4096,1536,False,torch.bfloat16,torch.bfloat16,False,False
108,4096,2048,False,torch.bfloat16,torch.bfloat16,False,False
114,1024,128,False,torch.bfloat16,torch.bfloat16,False,False
114,2048,1536,False,torch.bfloat16,torch.bfloat16,False,False
114,2048,4096,False,torch.bfloat16,torch.bfloat16,False,False
114,3336,4096,False,torch.bfloat16,torch.bfloat16,False,False
114,4096,1024,False,torch.bfloat16,torch.bfloat16,False,False
114,4096,1536,False,torch.bfloat16,torch.bfloat16,False,False
114,4096,2048,False,torch.bfloat16,torch.bfloat16,False,False
114,19360,4096,False,torch.bfloat16,torch.bfloat16,False,False
126,19360,4096,False,torch.bfloat16,torch.bfloat16,False,False
132,160,4096,False,torch.bfloat16,torch.bfloat16,False,False
132,1024,128,False,torch.bfloat16,torch.bfloat16,False,False
132,2048,1536,False,torch.bfloat16,torch.bfloat16,False,False
132,2048,4096,False,torch.bfloat16,torch.bfloat16,False,False
132,3336,4096,False,torch.bfloat16,torch.bfloat16,False,False
132,4096,1024,False,torch.bfloat16,torch.bfloat16,False,False
132,4096,1536,False,torch.bfloat16,torch.bfloat16,False,False
132,4096,2048,False,torch.bfloat16,torch.bfloat16,False,False
132,19360,4096,False,torch.bfloat16,torch.bfloat16,False,False
138,160,4096,False,torch.bfloat16,torch.bfloat16,False,False
138,1024,128,False,torch.bfloat16,torch.bfloat16,False,False
138,2048,1536,False,torch.bfloat16,torch.bfloat16,False,False
138,2048,4096,False,torch.bfloat16,torch.bfloat16,False,False
138,3336,4096,False,torch.bfloat16,torch.bfloat16,False,False
138,4096,1024,False,torch.bfloat16,torch.bfloat16,False,False
138,4096,1536,False,torch.bfloat16,torch.bfloat16,False,False
138,4096,2048,False,torch.bfloat16,torch.bfloat16,False,False
138,19360,4096,False,torch.bfloat16,torch.bfloat16,False,False
150,19360,4096,False,torch.bfloat16,torch.bfloat16,False,False
156,160,4096,False,torch.bfloat16,torch.bfloat16,False,False
156,1024,128,False,torch.bfloat16,torch.bfloat16,False,False
156,2048,1536,False,torch.bfloat16,torch.bfloat16,False,False
156,2048,4096,False,torch.bfloat16,torch.bfloat16,False,False
156,3336,4096,False,torch.bfloat16,torch.bfloat16,False,False
156,4096,1024,False,torch.bfloat16,torch.bfloat16,False,False
156,4096,1536,False,torch.bfloat16,torch.bfloat16,False,False
156,4096,2048,False,torch.bfloat16,torch.bfloat16,False,False
156,19360,4096,False,torch.bfloat16,torch.bfloat16,False,False
162,160,4096,False,torch.bfloat16,torch.bfloat16,False,False
162,1024,128,False,torch.bfloat16,torch.bfloat16,False,False
162,2048,1536,False,torch.bfloat16,torch.bfloat16,False,False
162,2048,4096,False,torch.bfloat16,torch.bfloat16,False,False
162,3336,4096,False,torch.bfloat16,torch.bfloat16,False,False
162,4096,1024,False,torch.bfloat16,torch.bfloat16,False,False
162,4096,1536,False,torch.bfloat16,torch.bfloat16,False,False
162,4096,2048,False,torch.bfloat16,torch.bfloat16,False,False
162,19360,4096,False,torch.bfloat16,torch.bfloat16,False,False
174,19360,4096,False,torch.bfloat16,torch.bfloat16,False,False
177,19360,4096,False,torch.bfloat16,torch.bfloat16,False,False
180,160,4096,False,torch.bfloat16,torch.bfloat16,False,False
180,1024,128,False,torch.bfloat16,torch.bfloat16,False,False
180,2048,1536,False,torch.bfloat16,torch.bfloat16,False,False
180,2048,4096,False,torch.bfloat16,torch.bfloat16,False,False
180,3336,4096,False,torch.bfloat16,torch.bfloat16,False,False
180,4096,1024,False,torch.bfloat16,torch.bfloat16,False,False
180,4096,1536,False,torch.bfloat16,torch.bfloat16,False,False
180,4096,2048,False,torch.bfloat16,torch.bfloat16,False,False
180,19360,4096,False,torch.bfloat16,torch.bfloat16,False,False
181,19360,4096,False,torch.bfloat16,torch.bfloat16,False,False
182,19360,4096,False,torch.bfloat16,torch.bfloat16,False,False
186,160,4096,False,torch.bfloat16,torch.bfloat16,False,False
186,1024,128,False,torch.bfloat16,torch.bfloat16,False,False
186,2048,1536,False,torch.bfloat16,torch.bfloat16,False,False
186,2048,4096,False,torch.bfloat16,torch.bfloat16,False,False
186,3336,4096,False,torch.bfloat16,torch.bfloat16,False,False
186,4096,1024,False,torch.bfloat16,torch.bfloat16,False,False
186,4096,1536,False,torch.bfloat16,torch.bfloat16,False,False
186,4096,2048,False,torch.bfloat16,torch.bfloat16,False,False
186,19360,4096,False,torch.bfloat16,torch.bfloat16,False,False
187,19360,4096,False,torch.bfloat16,torch.bfloat16,False,False
204,160,4096,False,torch.bfloat16,torch.bfloat16,False,False
204,1024,128,False,torch.bfloat16,torch.bfloat16,False,False
204,2048,1536,False,torch.bfloat16,torch.bfloat16,False,False
204,2048,4096,False,torch.bfloat16,torch.bfloat16,False,False
204,3336,4096,False,torch.bfloat16,torch.bfloat16,False,False
204,4096,1024,False,torch.bfloat16,torch.bfloat16,False,False
204,4096,1536,False,torch.bfloat16,torch.bfloat16,False,False
204,4096,2048,False,torch.bfloat16,torch.bfloat16,False,False
210,160,4096,False,torch.bfloat16,torch.bfloat16,False,False
210,1024,128,False,torch.bfloat16,torch.bfloat16,False,False
210,2048,1536,False,torch.bfloat16,torch.bfloat16,False,False
210,2048,4096,False,torch.bfloat16,torch.bfloat16,False,False
210,3336,4096,False,torch.bfloat16,torch.bfloat16,False,False
210,4096,1024,False,torch.bfloat16,torch.bfloat16,False,False
210,4096,1536,False,torch.bfloat16,torch.bfloat16,False,False
210,4096,2048,False,torch.bfloat16,torch.bfloat16,False,False
228,160,4096,False,torch.bfloat16,torch.bfloat16,False,False
228,1024,128,False,torch.bfloat16,torch.bfloat16,False,False
228,2048,1536,False,torch.bfloat16,torch.bfloat16,False,False
228,2048,4096,False,torch.bfloat16,torch.bfloat16,False,False
228,3336,4096,False,torch.bfloat16,torch.bfloat16,False,False
228,4096,1024,False,torch.bfloat16,torch.bfloat16,False,False
228,4096,1536,False,torch.bfloat16,torch.bfloat16,False,False
228,4096,2048,False,torch.bfloat16,torch.bfloat16,False,False
234,160,4096,False,torch.bfloat16,torch.bfloat16,False,False
234,1024,128,False,torch.bfloat16,torch.bfloat16,False,False
234,2048,1536,False,torch.bfloat16,torch.bfloat16,False,False
234,2048,4096,False,torch.bfloat16,torch.bfloat16,False,False
234,3336,4096,False,torch.bfloat16,torch.bfloat16,False,False
234,4096,1024,False,torch.bfloat16,torch.bfloat16,False,False
234,4096,1536,False,torch.bfloat16,torch.bfloat16,False,False
234,4096,2048,False,torch.bfloat16,torch.bfloat16,False,False
252,160,4096,False,torch.bfloat16,torch.bfloat16,False,False
252,1024,128,False,torch.bfloat16,torch.bfloat16,False,False
252,2048,1536,False,torch.bfloat16,torch.bfloat16,False,False
252,2048,4096,False,torch.bfloat16,torch.bfloat16,False,False
252,3336,4096,False,torch.bfloat16,torch.bfloat16,False,False
252,4096,1024,False,torch.bfloat16,torch.bfloat16,False,False
252,4096,1536,False,torch.bfloat16,torch.bfloat16,False,False
252,4096,2048,False,torch.bfloat16,torch.bfloat16,False,False
258,160,4096,False,torch.bfloat16,torch.bfloat16,False,False
258,1024,128,False,torch.bfloat16,torch.bfloat16,False,False
258,2048,1536,False,torch.bfloat16,torch.bfloat16,False,False
258,2048,4096,False,torch.bfloat16,torch.bfloat16,False,False
258,3336,4096,False,torch.bfloat16,torch.bfloat16,False,False
258,4096,1024,False,torch.bfloat16,torch.bfloat16,False,False
258,4096,1536,False,torch.bfloat16,torch.bfloat16,False,False
258,4096,2048,False,torch.bfloat16,torch.bfloat16,False,False
276,160,4096,False,torch.bfloat16,torch.bfloat16,False,False
276,1024,128,False,torch.bfloat16,torch.bfloat16,False,False
276,2048,1536,False,torch.bfloat16,torch.bfloat16,False,False
276,2048,4096,False,torch.bfloat16,torch.bfloat16,False,False
276,3336,4096,False,torch.bfloat16,torch.bfloat16,False,False
276,4096,1024,False,torch.bfloat16,torch.bfloat16,False,False
276,4096,1536,False,torch.bfloat16,torch.bfloat16,False,False
276,4096,2048,False,torch.bfloat16,torch.bfloat16,False,False
282,19360,4096,False,torch.bfloat16,torch.bfloat16,False,False
306,160,4096,False,torch.bfloat16,torch.bfloat16,False,False
306,1024,128,False,torch.bfloat16,torch.bfloat16,False,False
306,2048,1536,False,torch.bfloat16,torch.bfloat16,False,False
306,2048,4096,False,torch.bfloat16,torch.bfloat16,False,False
306,3336,4096,False,torch.bfloat16,torch.bfloat16,False,False
306,4096,1024,False,torch.bfloat16,torch.bfloat16,False,False
306,4096,1536,False,torch.bfloat16,torch.bfloat16,False,False
306,4096,2048,False,torch.bfloat16,torch.bfloat16,False,False
324,160,4096,False,torch.bfloat16,torch.bfloat16,False,False
324,1024,128,False,torch.bfloat16,torch.bfloat16,False,False
324,2048,1536,False,torch.bfloat16,torch.bfloat16,False,False
324,2048,4096,False,torch.bfloat16,torch.bfloat16,False,False
324,3336,4096,False,torch.bfloat16,torch.bfloat16,False,False
324,4096,1024,False,torch.bfloat16,torch.bfloat16,False,False
324,4096,1536,False,torch.bfloat16,torch.bfloat16,False,False
324,4096,2048,False,torch.bfloat16,torch.bfloat16,False,False
354,160,4096,False,torch.bfloat16,torch.bfloat16,False,False
354,1024,128,False,torch.bfloat16,torch.bfloat16,False,False
354,2048,1536,False,torch.bfloat16,torch.bfloat16,False,False
354,2048,4096,False,torch.bfloat16,torch.bfloat16,False,False
354,3336,4096,False,torch.bfloat16,torch.bfloat16,False,False
354,4096,1024,False,torch.bfloat16,torch.bfloat16,False,False
354,4096,1536,False,torch.bfloat16,torch.bfloat16,False,False
354,4096,2048,False,torch.bfloat16,torch.bfloat16,False,False
372,160,4096,False,torch.bfloat16,torch.bfloat16,False,False
372,1024,128,False,torch.bfloat16,torch.bfloat16,False,False
372,2048,1536,False,torch.bfloat16,torch.bfloat16,False,False
372,2048,4096,False,torch.bfloat16,torch.bfloat16,False,False
372,3336,4096,False,torch.bfloat16,torch.bfloat16,False,False
372,4096,1024,False,torch.bfloat16,torch.bfloat16,False,False
372,4096,1536,False,torch.bfloat16,torch.bfloat16,False,False
372,4096,2048,False,torch.bfloat16,torch.bfloat16,False,False
402,160,4096,False,torch.bfloat16,torch.bfloat16,False,False
402,1024,128,False,torch.bfloat16,torch.bfloat16,False,False
402,2048,1536,False,torch.bfloat16,torch.bfloat16,False,False
402,2048,4096,False,torch.bfloat16,torch.bfloat16,False,False
402,3336,4096,False,torch.bfloat16,torch.bfloat16,False,False
402,4096,1024,False,torch.bfloat16,torch.bfloat16,False,False
402,4096,1536,False,torch.bfloat16,torch.bfloat16,False,False
402,4096,2048,False,torch.bfloat16,torch.bfloat16,False,False
420,160,4096,False,torch.bfloat16,torch.bfloat16,False,False
420,1024,128,False,torch.bfloat16,torch.bfloat16,False,False
420,2048,1536,False,torch.bfloat16,torch.bfloat16,False,False
420,2048,4096,False,torch.bfloat16,torch.bfloat16,False,False
420,3336,4096,False,torch.bfloat16,torch.bfloat16,False,False
420,4096,1024,False,torch.bfloat16,torch.bfloat16,False,False
420,4096,1536,False,torch.bfloat16,torch.bfloat16,False,False
420,4096,2048,False,torch.bfloat16,torch.bfloat16,False,False
450,160,4096,False,torch.bfloat16,torch.bfloat16,False,False
450,1024,128,False,torch.bfloat16,torch.bfloat16,False,False
450,2048,1536,False,torch.bfloat16,torch.bfloat16,False,False
450,2048,4096,False,torch.bfloat16,torch.bfloat16,False,False
450,3336,4096,False,torch.bfloat16,torch.bfloat16,False,False
450,4096,1024,False,torch.bfloat16,torch.bfloat16,False,False
450,4096,1536,False,torch.bfloat16,torch.bfloat16,False,False
450,4096,2048,False,torch.bfloat16,torch.bfloat16,False,False
468,160,4096,False,torch.bfloat16,torch.bfloat16,False,False
468,1024,128,False,torch.bfloat16,torch.bfloat16,False,False
468,2048,1536,False,torch.bfloat16,torch.bfloat16,False,False
468,2048,4096,False,torch.bfloat16,torch.bfloat16,False,False
468,3336,4096,False,torch.bfloat16,torch.bfloat16,False,False
468,4096,1024,False,torch.bfloat16,torch.bfloat16,False,False
468,4096,1536,False,torch.bfloat16,torch.bfloat16,False,False
468,4096,2048,False,torch.bfloat16,torch.bfloat16,False,False
498,160,4096,False,torch.bfloat16,torch.bfloat16,False,False
498,1024,128,False,torch.bfloat16,torch.bfloat16,False,False
498,2048,1536,False,torch.bfloat16,torch.bfloat16,False,False
498,2048,4096,False,torch.bfloat16,torch.bfloat16,False,False
498,3336,4096,False,torch.bfloat16,torch.bfloat16,False,False
498,4096,1024,False,torch.bfloat16,torch.bfloat16,False,False
498,4096,1536,False,torch.bfloat16,torch.bfloat16,False,False
498,4096,2048,False,torch.bfloat16,torch.bfloat16,False,False
918,2048,1536,False,torch.bfloat16,torch.bfloat16,False,False
918,2048,4096,False,torch.bfloat16,torch.bfloat16,False,False
918,4096,2048,False,torch.bfloat16,torch.bfloat16,False,False
918,19360,4096,False,torch.bfloat16,torch.bfloat16,False,False
1170,160,4096,False,torch.bfloat16,torch.bfloat16,False,False
1170,1024,128,False,torch.bfloat16,torch.bfloat16,False,False
1170,2048,1536,False,torch.bfloat16,torch.bfloat16,False,False
1170,2048,4096,False,torch.bfloat16,torch.bfloat16,False,False
1170,3336,4096,False,torch.bfloat16,torch.bfloat16,False,False
1170,4096,1024,False,torch.bfloat16,torch.bfloat16,False,False
1170,4096,1536,False,torch.bfloat16,torch.bfloat16,False,False
1170,4096,2048,False,torch.bfloat16,torch.bfloat16,False,False
1194,160,4096,False,torch.bfloat16,torch.bfloat16,False,False
1194,1024,128,False,torch.bfloat16,torch.bfloat16,False,False
1194,2048,1536,False,torch.bfloat16,torch.bfloat16,False,False
1194,2048,4096,False,torch.bfloat16,torch.bfloat16,False,False
1194,3336,4096,False,torch.bfloat16,torch.bfloat16,False,False
1194,4096,1024,False,torch.bfloat16,torch.bfloat16,False,False
1194,4096,1536,False,torch.bfloat16,torch.bfloat16,False,False
1194,4096,2048,False,torch.bfloat16,torch.bfloat16,False,False
1236,160,4096,False,torch.bfloat16,torch.bfloat16,False,False
1236,1024,128,False,torch.bfloat16,torch.bfloat16,False,False
1236,2048,1536,False,torch.bfloat16,torch.bfloat16,False,False
1236,2048,4096,False,torch.bfloat16,torch.bfloat16,False,False
1236,3336,4096,False,torch.bfloat16,torch.bfloat16,False,False
1236,4096,1024,False,torch.bfloat16,torch.bfloat16,False,False
1236,4096,1536,False,torch.bfloat16,torch.bfloat16,False,False
1236,4096,2048,False,torch.bfloat16,torch.bfloat16,False,False
1242,160,4096,False,torch.bfloat16,torch.bfloat16,False,False
1242,1024,128,False,torch.bfloat16,torch.bfloat16,False,False
1242,2048,1536,False,torch.bfloat16,torch.bfloat16,False,False
1242,2048,4096,False,torch.bfloat16,torch.bfloat16,False,False
1242,3336,4096,False,torch.bfloat16,torch.bfloat16,False,False
1242,4096,1024,False,torch.bfloat16,torch.bfloat16,False,False
1242,4096,1536,False,torch.bfloat16,torch.bfloat16,False,False
1242,4096,2048,False,torch.bfloat16,torch.bfloat16,False,False
1332,160,4096,False,torch.bfloat16,torch.bfloat16,False,False
1332,1024,128,False,torch.bfloat16,torch.bfloat16,False,False
1332,2048,1536,False,torch.bfloat16,torch.bfloat16,False,False
1332,2048,4096,False,torch.bfloat16,torch.bfloat16,False,False
1332,3336,4096,False,torch.bfloat16,torch.bfloat16,False,False
1332,4096,1024,False,torch.bfloat16,torch.bfloat16,False,False
1332,4096,1536,False,torch.bfloat16,torch.bfloat16,False,False
1332,4096,2048,False,torch.bfloat16,torch.bfloat16,False,False
1338,160,4096,False,torch.bfloat16,torch.bfloat16,False,False
1338,1024,128,False,torch.bfloat16,torch.bfloat16,False,False
1338,2048,1536,False,torch.bfloat16,torch.bfloat16,False,False
1338,2048,4096,False,torch.bfloat16,torch.bfloat16,False,False
1338,3336,4096,False,torch.bfloat16,torch.bfloat16,False,False
1338,4096,1024,False,torch.bfloat16,torch.bfloat16,False,False
1338,4096,1536,False,torch.bfloat16,torch.bfloat16,False,False
1338,4096,2048,False,torch.bfloat16,torch.bfloat16,False,False
2310,160,4096,False,torch.bfloat16,torch.bfloat16,False,False
2310,1024,128,False,torch.bfloat16,torch.bfloat16,False,False
2310,2048,1536,False,torch.bfloat16,torch.bfloat16,False,False
2310,2048,4096,False,torch.bfloat16,torch.bfloat16,False,False
2310,3336,4096,False,torch.bfloat16,torch.bfloat16,False,False
2310,4096,1024,False,torch.bfloat16,torch.bfloat16,False,False
2310,4096,1536,False,torch.bfloat16,torch.bfloat16,False,False
2310,4096,2048,False,torch.bfloat16,torch.bfloat16,False,False
2484,160,4096,False,torch.bfloat16,torch.bfloat16,False,False
2484,1024,128,False,torch.bfloat16,torch.bfloat16,False,False
2484,2048,1536,False,torch.bfloat16,torch.bfloat16,False,False
2484,2048,4096,False,torch.bfloat16,torch.bfloat16,False,False
2484,3336,4096,False,torch.bfloat16,torch.bfloat16,False,False
2484,4096,1024,False,torch.bfloat16,torch.bfloat16,False,False
2484,4096,1536,False,torch.bfloat16,torch.bfloat16,False,False
2484,4096,2048,False,torch.bfloat16,torch.bfloat16,False,False
3462,160,4096,False,torch.bfloat16,torch.bfloat16,False,False
3462,1024,128,False,torch.bfloat16,torch.bfloat16,False,False
3462,2048,1536,False,torch.bfloat16,torch.bfloat16,False,False
3462,2048,4096,False,torch.bfloat16,torch.bfloat16,False,False
3462,3336,4096,False,torch.bfloat16,torch.bfloat16,False,False
3462,4096,1024,False,torch.bfloat16,torch.bfloat16,False,False
3462,4096,1536,False,torch.bfloat16,torch.bfloat16,False,False
3462,4096,2048,False,torch.bfloat16,torch.bfloat16,False,False
3630,160,4096,False,torch.bfloat16,torch.bfloat16,False,False
3630,1024,128,False,torch.bfloat16,torch.bfloat16,False,False
3630,2048,1536,False,torch.bfloat16,torch.bfloat16,False,False
3630,2048,4096,False,torch.bfloat16,torch.bfloat16,False,False
3630,3336,4096,False,torch.bfloat16,torch.bfloat16,False,False
3630,4096,1024,False,torch.bfloat16,torch.bfloat16,False,False
3630,4096,1536,False,torch.bfloat16,torch.bfloat16,False,False
3630,4096,2048,False,torch.bfloat16,torch.bfloat16,False,False
5508,160,4096,False,torch.bfloat16,torch.bfloat16,False,False
5508,1024,128,False,torch.bfloat16,torch.bfloat16,False,False
5508,2048,1536,False,torch.bfloat16,torch.bfloat16,False,False
5508,2048,4096,False,torch.bfloat16,torch.bfloat16,False,False
5508,3336,4096,False,torch.bfloat16,torch.bfloat16,False,False
5508,4096,1024,False,torch.bfloat16,torch.bfloat16,False,False
5508,4096,1536,False,torch.bfloat16,torch.bfloat16,False,False
5508,4096,2048,False,torch.bfloat16,torch.bfloat16,False,False
5508,19360,4096,False,torch.bfloat16,torch.bfloat16,False,False
6426,160,4096,False,torch.bfloat16,torch.bfloat16,False,False
6426,1024,128,False,torch.bfloat16,torch.bfloat16,False,False
6426,2048,1536,False,torch.bfloat16,torch.bfloat16,False,False
6426,2048,4096,False,torch.bfloat16,torch.bfloat16,False,False
6426,3336,4096,False,torch.bfloat16,torch.bfloat16,False,False
6426,4096,1024,False,torch.bfloat16,torch.bfloat16,False,False
6426,4096,1536,False,torch.bfloat16,torch.bfloat16,False,False
6426,4096,2048,False,torch.bfloat16,torch.bfloat16,False,False
7058,160,4096,False,torch.bfloat16,torch.bfloat16,False,False
7058,1024,128,False,torch.bfloat16,torch.bfloat16,False,False
7058,2048,1536,False,torch.bfloat16,torch.bfloat16,False,False
7058,2048,4096,False,torch.bfloat16,torch.bfloat16,False,False
7058,3336,4096,False,torch.bfloat16,torch.bfloat16,False,False
7058,4096,1024,False,torch.bfloat16,torch.bfloat16,False,False
7058,4096,1536,False,torch.bfloat16,torch.bfloat16,False,False
7058,4096,2048,False,torch.bfloat16,torch.bfloat16,False,False
7082,160,4096,False,torch.bfloat16,torch.bfloat16,False,False
7082,1024,128,False,torch.bfloat16,torch.bfloat16,False,False
7082,2048,1536,False,torch.bfloat16,torch.bfloat16,False,False
7082,2048,4096,False,torch.bfloat16,torch.bfloat16,False,False
7082,3336,4096,False,torch.bfloat16,torch.bfloat16,False,False
7082,4096,1024,False,torch.bfloat16,torch.bfloat16,False,False
7082,4096,1536,False,torch.bfloat16,torch.bfloat16,False,False
7082,4096,2048,False,torch.bfloat16,torch.bfloat16,False,False
7130,160,4096,False,torch.bfloat16,torch.bfloat16,False,False
7130,1024,128,False,torch.bfloat16,torch.bfloat16,False,False
7130,2048,1536,False,torch.bfloat16,torch.bfloat16,False,False
7130,2048,4096,False,torch.bfloat16,torch.bfloat16,False,False
7130,3336,4096,False,torch.bfloat16,torch.bfloat16,False,False
7130,4096,1024,False,torch.bfloat16,torch.bfloat16,False,False
7130,4096,1536,False,torch.bfloat16,torch.bfloat16,False,False
7130,4096,2048,False,torch.bfloat16,torch.bfloat16,False,False
7220,160,4096,False,torch.bfloat16,torch.bfloat16,False,False
7220,1024,128,False,torch.bfloat16,torch.bfloat16,False,False
7220,2048,1536,False,torch.bfloat16,torch.bfloat16,False,False
7220,2048,4096,False,torch.bfloat16,torch.bfloat16,False,False
7220,3336,4096,False,torch.bfloat16,torch.bfloat16,False,False
7220,4096,1024,False,torch.bfloat16,torch.bfloat16,False,False
7220,4096,1536,False,torch.bfloat16,torch.bfloat16,False,False
7220,4096,2048,False,torch.bfloat16,torch.bfloat16,False,False
7226,160,4096,False,torch.bfloat16,torch.bfloat16,False,False
7226,1024,128,False,torch.bfloat16,torch.bfloat16,False,False
7226,2048,1536,False,torch.bfloat16,torch.bfloat16,False,False
7226,2048,4096,False,torch.bfloat16,torch.bfloat16,False,False
7226,3336,4096,False,torch.bfloat16,torch.bfloat16,False,False
7226,4096,1024,False,torch.bfloat16,torch.bfloat16,False,False
7226,4096,1536,False,torch.bfloat16,torch.bfloat16,False,False
7226,4096,2048,False,torch.bfloat16,torch.bfloat16,False,False
8070,160,4096,False,torch.bfloat16,torch.bfloat16,False,False
8070,1024,128,False,torch.bfloat16,torch.bfloat16,False,False
8070,2048,1536,False,torch.bfloat16,torch.bfloat16,False,False
8070,2048,4096,False,torch.bfloat16,torch.bfloat16,False,False
8070,3336,4096,False,torch.bfloat16,torch.bfloat16,False,False
8070,4096,1024,False,torch.bfloat16,torch.bfloat16,False,False
8070,4096,1536,False,torch.bfloat16,torch.bfloat16,False,False
8070,4096,2048,False,torch.bfloat16,torch.bfloat16,False,False
8366,160,4096,False,torch.bfloat16,torch.bfloat16,False,False
8366,1024,128,False,torch.bfloat16,torch.bfloat16,False,False
8366,2048,1536,False,torch.bfloat16,torch.bfloat16,False,False
8366,2048,4096,False,torch.bfloat16,torch.bfloat16,False,False
8366,3336,4096,False,torch.bfloat16,torch.bfloat16,False,False
8366,4096,1024,False,torch.bfloat16,torch.bfloat16,False,False
8366,4096,1536,False,torch.bfloat16,torch.bfloat16,False,False
8366,4096,2048,False,torch.bfloat16,torch.bfloat16,False,False
8372,160,4096,False,torch.bfloat16,torch.bfloat16,False,False
8372,1024,128,False,torch.bfloat16,torch.bfloat16,False,False
8372,2048,1536,False,torch.bfloat16,torch.bfloat16,False,False
8372,2048,4096,False,torch.bfloat16,torch.bfloat16,False,False
8372,3336,4096,False,torch.bfloat16,torch.bfloat16,False,False
8372,4096,1024,False,torch.bfloat16,torch.bfloat16,False,False
8372,4096,1536,False,torch.bfloat16,torch.bfloat16,False,False
8372,4096,2048,False,torch.bfloat16,torch.bfloat16,False,False
14260,160,4096,False,torch.bfloat16,torch.bfloat16,False,False
14260,1024,128,False,torch.bfloat16,torch.bfloat16,False,False
14260,2048,1536,False,torch.bfloat16,torch.bfloat16,False,False
14260,2048,4096,False,torch.bfloat16,torch.bfloat16,False,False
14260,3336,4096,False,torch.bfloat16,torch.bfloat16,False,False
14260,4096,1024,False,torch.bfloat16,torch.bfloat16,False,False
14260,4096,1536,False,torch.bfloat16,torch.bfloat16,False,False
14260,4096,2048,False,torch.bfloat16,torch.bfloat16,False,False
16134,160,4096,False,torch.bfloat16,torch.bfloat16,False,False
16134,1024,128,False,torch.bfloat16,torch.bfloat16,False,False
16134,2048,1536,False,torch.bfloat16,torch.bfloat16,False,False
16134,2048,4096,False,torch.bfloat16,torch.bfloat16,False,False
16134,3336,4096,False,torch.bfloat16,torch.bfloat16,False,False
16134,4096,1024,False,torch.bfloat16,torch.bfloat16,False,False
16134,4096,1536,False,torch.bfloat16,torch.bfloat16,False,False
16134,4096,2048,False,torch.bfloat16,torch.bfloat16,False,False
16218,160,4096,False,torch.bfloat16,torch.bfloat16,False,False
16218,1024,128,False,torch.bfloat16,torch.bfloat16,False,False
16218,2048,1536,False,torch.bfloat16,torch.bfloat16,False,False
16218,2048,4096,False,torch.bfloat16,torch.bfloat16,False,False
16218,3336,4096,False,torch.bfloat16,torch.bfloat16,False,False
16218,4096,1024,False,torch.bfloat16,torch.bfloat16,False,False
16218,4096,1536,False,torch.bfloat16,torch.bfloat16,False,False
16218,4096,2048,False,torch.bfloat16,torch.bfloat16,False,False
