gfx,cu_num,M,N,K,bias,dtype,outdtype,scaleAB,bpreshuffle,libtype,solidx,splitK,us,kernelName,err_ratio,tflops,bw
gfx1250,256,1,12,7168,False,torch.bfloat16,torch.bfloat16,False,False,opus,20002,6,3.9181,opus_gemm_gfx1250_splitk_cluster_tdm_ws_128x16x32x512_1x2_16x16x32_0x0x0_p3w1,0.0,0.04,47.57
gfx1250,256,1,24,7168,False,torch.bfloat16,torch.bfloat16,False,False,opus,20002,6,3.8541,opus_gemm_gfx1250_splitk_cluster_tdm_ws_128x16x32x512_1x2_16x16x32_0x0x0_p3w1,0.0,0.09,93.0
gfx1250,256,1,128,7168,False,torch.bfloat16,torch.bfloat16,False,False,opus,20121,10,4.2327,opus_gemm_gfx1250_splitk_clusterlaunch_tdm_ws_128x16x32x256_1x2_16x16x32_0x0x0_c1x2_p3w2,0.0078,0.43,436.98
gfx1250,256,1,576,7168,False,torch.bfloat16,torch.bfloat16,False,False,opus,20125,11,4.9812,opus_gemm_gfx1250_splitk_clusterlaunch_tdm_ws_128x16x32x256_1x2_16x16x32_0x0x0_c1x3_p3w2,0.0139,1.66,1660.85
gfx1250,256,1,896,7168,False,torch.bfloat16,torch.bfloat16,False,False,opus,20255,10,5.2648,opus_gemm_gfx1250_splitk_clusterlaunch_tdm_ws_128x32x32x256_2x1_16x16x32_0x0x0_c1x4_p3w2,0.0145,2.44,2442.86
gfx1250,256,1,1536,128,False,torch.bfloat16,torch.bfloat16,False,False,triton,0,0,3.8059,auto,0.0,0.1,104.19
gfx1250,256,1,1536,7168,False,torch.bfloat16,torch.bfloat16,False,False,opus,20129,10,6.103,opus_gemm_gfx1250_splitk_clusterlaunch_tdm_ws_128x16x32x256_1x2_16x16x32_0x0x0_c1x4_p3w2,0.0124,3.61,3610.93
gfx1250,256,1,2304,1536,False,torch.bfloat16,torch.bfloat16,False,False,opus,20129,4,5.5783,opus_gemm_gfx1250_splitk_clusterlaunch_tdm_ws_128x16x32x256_1x2_16x16x32_0x0x0_c1x4_p3w2,0.0056,1.27,1270.2
gfx1250,256,1,3072,128,False,torch.bfloat16,torch.bfloat16,False,False,triton,0,0,4.1893,auto,0.0,0.19,189.25
gfx1250,256,1,3072,512,False,torch.bfloat16,torch.bfloat16,False,False,triton,0,0,5.4432,auto,0.0,0.58,579.24
gfx1250,256,1,3072,7168,False,torch.bfloat16,torch.bfloat16,False,False,opus,20129,5,8.486,opus_gemm_gfx1250_splitk_clusterlaunch_tdm_ws_128x16x32x256_1x2_16x16x32_0x0x0_c1x4_p3w2,0.0081,5.19,5192.16
gfx1250,256,1,4608,1536,False,torch.bfloat16,torch.bfloat16,False,False,opus,20129,3,8.1582,opus_gemm_gfx1250_splitk_clusterlaunch_tdm_ws_128x16x32x256_1x2_16x16x32_0x0x0_c1x4_p3w2,0.0046,1.74,1736.67
gfx1250,256,1,6144,512,False,torch.bfloat16,torch.bfloat16,False,False,triton,0,0,7.0526,auto,0.0,0.89,893.96
gfx1250,256,1,7168,768,False,torch.bfloat16,torch.bfloat16,False,False,triton,0,0,6.2746,auto,0.0,1.75,1757.23
gfx1250,256,1,7168,1536,False,torch.bfloat16,torch.bfloat16,False,False,triton,0,0,9.2099,auto,0.0,2.39,2392.81
gfx1250,256,1,7168,3072,False,torch.bfloat16,torch.bfloat16,False,False,triton,0,0,12.4295,auto,0.0,3.54,3544.85
gfx1250,256,1,7168,4224,False,torch.bfloat16,torch.bfloat16,False,False,triton,0,0,14.0751,auto,0.0,4.3,4303.92
gfx1250,256,1,7168,8448,False,torch.bfloat16,torch.bfloat16,False,False,triton,0,0,23.8203,auto,0.0,5.08,5085.65
gfx1250,256,1,8448,7168,False,torch.bfloat16,torch.bfloat16,False,False,opus,20147,3,15.2905,opus_gemm_gfx1250_splitk_clusterlaunch_tdm_ws_128x16x64x128_1x2_16x16x32_0x0x0_c1x4_p3w2,0.0076,7.92,7922.68
gfx1250,256,1,12440,7168,False,torch.bfloat16,torch.bfloat16,False,False,triton,0,0,22.9227,auto,0.0,7.78,7781.76
gfx1250,256,1,16896,7168,False,torch.bfloat16,torch.bfloat16,False,False,triton,0,0,25.7959,auto,0.0,9.39,9391.77
gfx1250,256,1,20480,7168,False,torch.bfloat16,torch.bfloat16,False,False,triton,0,0,26.9278,auto,0.0,10.9,10905.33
gfx1250,256,1,40960,7168,False,torch.bfloat16,torch.bfloat16,False,False,triton,0,0,52.5552,auto,0.0,11.17,11174.89
gfx1250,256,2,12,7168,False,torch.bfloat16,torch.bfloat16,False,False,opus,20002,6,4.0366,opus_gemm_gfx1250_splitk_cluster_tdm_ws_128x16x32x512_1x2_16x16x32_0x0x0_p3w1,0.0,0.09,49.73
gfx1250,256,2,24,7168,False,torch.bfloat16,torch.bfloat16,False,False,opus,20002,4,4.0361,opus_gemm_gfx1250_splitk_cluster_tdm_ws_128x16x32x512_1x2_16x16x32_0x0x0_p3w1,0.0,0.17,92.37
gfx1250,256,2,128,7168,False,torch.bfloat16,torch.bfloat16,False,False,opus,20129,10,4.365,opus_gemm_gfx1250_splitk_clusterlaunch_tdm_ws_128x16x32x256_1x2_16x16x32_0x0x0_c1x4_p3w2,0.0078,0.84,427.08
gfx1250,256,2,576,7168,False,torch.bfloat16,torch.bfloat16,False,False,opus,20251,13,5.1344,opus_gemm_gfx1250_splitk_clusterlaunch_tdm_ws_128x32x32x256_2x1_16x16x32_0x0x0_c1x3_p3w2,0.0113,3.22,1614.31
gfx1250,256,2,896,7168,False,torch.bfloat16,torch.bfloat16,False,False,opus,20129,12,5.6064,opus_gemm_gfx1250_splitk_clusterlaunch_tdm_ws_128x16x32x256_1x2_16x16x32_0x0x0_c1x4_p3w2,0.01,4.58,2296.89
gfx1250,256,2,1536,128,False,torch.bfloat16,torch.bfloat16,False,False,triton,0,0,3.9747,auto,0.0,0.2,100.6
gfx1250,256,2,1536,7168,False,torch.bfloat16,torch.bfloat16,False,False,opus,20129,10,6.2002,opus_gemm_gfx1250_splitk_clusterlaunch_tdm_ws_128x16x32x256_1x2_16x16x32_0x0x0_c1x4_p3w2,0.0094,7.1,3557.13
gfx1250,256,2,2304,1536,False,torch.bfloat16,torch.bfloat16,False,False,opus,20129,3,5.6494,opus_gemm_gfx1250_splitk_clusterlaunch_tdm_ws_128x16x32x256_1x2_16x16x32_0x0x0_c1x4_p3w2,0.005,2.51,1255.58
gfx1250,256,2,3072,128,False,torch.bfloat16,torch.bfloat16,False,False,triton,0,0,4.4473,auto,0.0,0.35,179.71
gfx1250,256,2,3072,512,False,torch.bfloat16,torch.bfloat16,False,False,triton,0,0,5.7853,auto,0.0,1.09,546.22
gfx1250,256,2,3072,7168,False,torch.bfloat16,torch.bfloat16,False,False,opus,20129,5,8.6598,opus_gemm_gfx1250_splitk_clusterlaunch_tdm_ws_128x16x32x256_1x2_16x16x32_0x0x0_c1x4_p3w2,0.0096,10.17,5090.32
gfx1250,256,2,4608,1536,False,torch.bfloat16,torch.bfloat16,False,False,opus,20129,3,8.4128,opus_gemm_gfx1250_splitk_clusterlaunch_tdm_ws_128x16x32x256_1x2_16x16x32_0x0x0_c1x4_p3w2,0.0048,3.37,1685.57
gfx1250,256,2,6144,512,False,torch.bfloat16,torch.bfloat16,False,False,triton,0,0,5.667,auto,0.0,2.22,1114.89
gfx1250,256,2,7168,768,False,torch.bfloat16,torch.bfloat16,False,False,triton,0,0,7.0468,auto,0.0,3.12,1566.92
gfx1250,256,2,7168,1536,False,torch.bfloat16,torch.bfloat16,False,False,triton,0,0,9.2832,auto,0.0,4.74,2375.79
gfx1250,256,2,7168,3072,False,torch.bfloat16,torch.bfloat16,False,False,triton,0,0,12.3606,auto,0.0,7.13,3566.26
gfx1250,256,2,7168,4224,False,torch.bfloat16,torch.bfloat16,False,False,triton,0,0,14.1282,auto,0.0,8.57,4289.35
gfx1250,256,2,7168,8448,False,torch.bfloat16,torch.bfloat16,False,False,triton,0,0,23.7353,auto,0.0,10.21,5105.18
gfx1250,256,2,8448,7168,False,torch.bfloat16,torch.bfloat16,False,False,opus,20147,3,15.6133,opus_gemm_gfx1250_splitk_clusterlaunch_tdm_ws_128x16x64x128_1x2_16x16x32_0x0x0_c1x4_p3w2,0.0082,15.51,7760.88
gfx1250,256,2,12440,7168,False,torch.bfloat16,torch.bfloat16,False,False,triton,0,0,23.155,auto,0.0,15.4,7705.39
gfx1250,256,2,16896,7168,False,torch.bfloat16,torch.bfloat16,False,False,triton,0,0,25.1041,auto,0.0,19.3,9652.5
gfx1250,256,2,20480,7168,False,torch.bfloat16,torch.bfloat16,False,False,triton,0,0,27.1013,auto,0.0,21.67,10837.56
gfx1250,256,2,40960,7168,False,torch.bfloat16,torch.bfloat16,False,False,triton,0,0,52.6533,auto,0.0,22.3,11155.9
gfx1250,256,4,12,7168,False,torch.bfloat16,torch.bfloat16,False,False,opus,20002,6,4.19,opus_gemm_gfx1250_splitk_cluster_tdm_ws_128x16x32x512_1x2_16x16x32_0x0x0_p3w1,0.0417,0.16,54.77
gfx1250,256,4,24,7168,False,torch.bfloat16,torch.bfloat16,False,False,opus,20002,4,4.1737,opus_gemm_gfx1250_splitk_cluster_tdm_ws_128x16x32x512_1x2_16x16x32_0x0x0_p3w1,0.0104,0.33,96.22
gfx1250,256,4,128,7168,False,torch.bfloat16,torch.bfloat16,False,False,opus,20129,10,4.313,opus_gemm_gfx1250_splitk_clusterlaunch_tdm_ws_128x16x32x256_1x2_16x16x32_0x0x0_c1x4_p3w2,0.0137,1.7,438.99
gfx1250,256,4,576,7168,False,torch.bfloat16,torch.bfloat16,False,False,opus,20125,12,5.4829,opus_gemm_gfx1250_splitk_clusterlaunch_tdm_ws_128x16x32x256_1x2_16x16x32_0x0x0_c1x3_p3w2,0.0139,6.02,1517.35
gfx1250,256,4,896,7168,False,torch.bfloat16,torch.bfloat16,False,False,opus,20129,13,5.36,opus_gemm_gfx1250_splitk_clusterlaunch_tdm_ws_128x16x32x256_1x2_16x16x32_0x0x0_c1x4_p3w2,0.0123,9.59,2408.5
gfx1250,256,4,1536,128,False,torch.bfloat16,torch.bfloat16,False,False,triton,0,0,4.1681,auto,0.0,0.38,97.53
gfx1250,256,4,1536,7168,False,torch.bfloat16,torch.bfloat16,False,False,opus,20129,10,6.4321,opus_gemm_gfx1250_splitk_clusterlaunch_tdm_ws_128x16x32x256_1x2_16x16x32_0x0x0_c1x4_p3w2,0.0117,13.69,3434.29
gfx1250,256,4,2304,1536,False,torch.bfloat16,torch.bfloat16,False,False,opus,20129,6,5.6927,opus_gemm_gfx1250_splitk_clusterlaunch_tdm_ws_128x16x32x256_1x2_16x16x32_0x0x0_c1x4_p3w2,0.0061,4.97,1248.72
gfx1250,256,4,3072,128,False,torch.bfloat16,torch.bfloat16,False,False,triton,0,0,4.6025,auto,0.0,0.68,176.43
gfx1250,256,4,3072,512,False,torch.bfloat16,torch.bfloat16,False,False,triton,0,0,5.217,auto,0.0,2.41,608.47
gfx1250,256,4,3072,7168,False,torch.bfloat16,torch.bfloat16,False,False,opus,20129,5,8.7938,opus_gemm_gfx1250_splitk_clusterlaunch_tdm_ws_128x16x32x256_1x2_16x16x32_0x0x0_c1x4_p3w2,0.0089,20.03,5017.41
gfx1250,256,4,4608,1536,False,torch.bfloat16,torch.bfloat16,False,False,opus,20129,3,8.35,opus_gemm_gfx1250_splitk_clusterlaunch_tdm_ws_128x16x32x256_1x2_16x16x32_0x0x0_c1x4_p3w2,0.0045,6.78,1701.19
gfx1250,256,4,6144,512,False,torch.bfloat16,torch.bfloat16,False,False,triton,0,0,5.5707,auto,0.0,4.52,1138.94
gfx1250,256,4,7168,768,False,torch.bfloat16,torch.bfloat16,False,False,triton,0,0,7.2309,auto,0.0,6.09,1531.42
gfx1250,256,4,7168,1536,False,torch.bfloat16,torch.bfloat16,False,False,triton,0,0,9.1036,auto,0.0,9.68,2426.48
gfx1250,256,4,7168,3072,False,torch.bfloat16,torch.bfloat16,False,False,triton,0,0,12.2835,auto,0.0,14.34,3591.98
gfx1250,256,4,7168,4224,False,torch.bfloat16,torch.bfloat16,False,False,triton,0,0,14.1729,auto,0.0,17.09,4279.04
gfx1250,256,4,7168,8448,False,torch.bfloat16,torch.bfloat16,False,False,triton,0,0,23.6601,auto,0.0,20.48,5124.05
gfx1250,256,4,8448,7168,False,torch.bfloat16,torch.bfloat16,False,False,opus,20165,3,16.5006,opus_gemm_gfx1250_splitk_clusterlaunch_tdm_ws_128x16x64x256_1x2_16x16x32_0x0x0_c1x4_p3w2,0.0089,29.36,7347.34
gfx1250,256,4,12440,7168,False,torch.bfloat16,torch.bfloat16,False,False,triton,0,0,23.3131,auto,0.0,30.6,7656.5
gfx1250,256,4,16896,7168,False,torch.bfloat16,torch.bfloat16,False,False,triton,0,0,24.4534,auto,0.0,39.62,9913.29
gfx1250,256,4,20480,7168,False,torch.bfloat16,torch.bfloat16,False,False,triton,0,0,26.2027,auto,0.0,44.82,11213.44
gfx1250,256,4,40960,7168,False,torch.bfloat16,torch.bfloat16,False,False,triton,0,0,50.4086,auto,0.0,46.6,11656.49
gfx1250,256,8,12,7168,False,torch.bfloat16,torch.bfloat16,False,False,opus,20001,11,4.4054,opus_gemm_gfx1250_splitk_cluster_tdm_ws_128x16x32x256_1x2_16x16x32_0x0x0_p3w2,0.0104,0.31,65.13
gfx1250,256,8,24,7168,False,torch.bfloat16,torch.bfloat16,False,False,opus,20002,6,4.3958,opus_gemm_gfx1250_splitk_cluster_tdm_ws_128x16x32x512_1x2_16x16x32_0x0x0_p3w1,0.026,0.63,104.45
gfx1250,256,8,128,7168,False,torch.bfloat16,torch.bfloat16,False,False,opus,20001,10,4.5405,opus_gemm_gfx1250_splitk_cluster_tdm_ws_128x16x32x256_1x2_16x16x32_0x0x0_p3w2,0.0088,3.23,429.85
gfx1250,256,8,576,7168,False,torch.bfloat16,torch.bfloat16,False,False,opus,20125,13,5.4886,opus_gemm_gfx1250_splitk_clusterlaunch_tdm_ws_128x16x32x256_1x2_16x16x32_0x0x0_c1x3_p3w2,0.01,12.04,1527.06
gfx1250,256,8,896,7168,False,torch.bfloat16,torch.bfloat16,False,False,opus,20129,13,5.4596,opus_gemm_gfx1250_splitk_clusterlaunch_tdm_ws_128x16x32x256_1x2_16x16x32_0x0x0_c1x4_p3w2,0.0102,18.82,2376.38
gfx1250,256,8,1536,128,False,torch.bfloat16,torch.bfloat16,False,False,triton,0,0,4.4474,auto,0.0,0.71,94.4
gfx1250,256,8,1536,7168,False,torch.bfloat16,torch.bfloat16,False,False,opus,20125,10,6.4536,opus_gemm_gfx1250_splitk_clusterlaunch_tdm_ws_128x16x32x256_1x2_16x16x32_0x0x0_c1x3_p3w2,0.0103,27.3,3433.64
gfx1250,256,8,2304,1536,False,torch.bfloat16,torch.bfloat16,False,False,opus,20129,4,5.6891,opus_gemm_gfx1250_splitk_clusterlaunch_tdm_ws_128x16x32x256_1x2_16x16x32_0x0x0_c1x4_p3w2,0.0044,9.95,1254.91
gfx1250,256,8,3072,128,False,torch.bfloat16,torch.bfloat16,False,False,triton,0,0,4.6743,auto,0.0,1.35,179.2
gfx1250,256,8,3072,512,False,torch.bfloat16,torch.bfloat16,False,False,triton,0,0,5.1729,auto,0.0,4.86,619.2
gfx1250,256,8,3072,7168,False,torch.bfloat16,torch.bfloat16,False,False,opus,20129,5,8.9723,opus_gemm_gfx1250_splitk_clusterlaunch_tdm_ws_128x16x32x256_1x2_16x16x32_0x0x0_c1x4_p3w2,0.0095,39.27,4926.72
gfx1250,256,8,4608,1536,False,torch.bfloat16,torch.bfloat16,False,False,opus,20129,3,8.4195,opus_gemm_gfx1250_splitk_clusterlaunch_tdm_ws_128x16x32x256_1x2_16x16x32_0x0x0_c1x4_p3w2,0.0044,13.45,1692.98
gfx1250,256,8,6144,512,False,torch.bfloat16,torch.bfloat16,False,False,triton,0,0,5.4787,auto,0.0,9.19,1167.79
gfx1250,256,8,7168,768,False,torch.bfloat16,torch.bfloat16,False,False,triton,0,0,6.6223,auto,0.0,13.3,1681.75
gfx1250,256,8,7168,1536,False,torch.bfloat16,torch.bfloat16,False,False,triton,0,0,9.0811,auto,0.0,19.4,2440.16
gfx1250,256,8,7168,3072,False,torch.bfloat16,torch.bfloat16,False,False,triton,0,0,11.9882,auto,0.0,29.39,3687.3
gfx1250,256,8,7168,4224,False,torch.bfloat16,torch.bfloat16,False,False,triton,0,0,14.0436,auto,0.0,34.5,4324.93
gfx1250,256,8,7168,8448,False,torch.bfloat16,torch.bfloat16,False,False,triton,0,0,23.4346,auto,0.0,41.34,5178.68
gfx1250,256,8,8448,7168,False,torch.bfloat16,torch.bfloat16,False,False,opus,20165,3,17.7494,opus_gemm_gfx1250_splitk_clusterlaunch_tdm_ws_128x16x64x256_1x2_16x16x32_0x0x0_c1x4_p3w2,0.0083,54.59,6837.44
gfx1250,256,8,12440,7168,False,torch.bfloat16,torch.bfloat16,False,False,triton,0,0,23.6091,auto,0.0,60.43,7567.15
gfx1250,256,8,16896,7168,False,torch.bfloat16,torch.bfloat16,False,False,triton,0,0,23.5834,auto,0.0,82.17,10287.15
gfx1250,256,8,20480,7168,False,torch.bfloat16,torch.bfloat16,False,False,triton,0,0,24.8229,auto,0.0,94.62,11845.66
gfx1250,256,8,40960,7168,False,torch.bfloat16,torch.bfloat16,False,False,triton,0,0,50.5856,auto,0.0,92.86,11623.32
gfx1250,256,16,12,7168,False,torch.bfloat16,torch.bfloat16,False,False,opus,20002,6,4.3892,opus_gemm_gfx1250_splitk_cluster_tdm_ws_128x16x32x512_1x2_16x16x32_0x0x0_p3w1,0.0156,0.63,91.54
gfx1250,256,16,24,7168,False,torch.bfloat16,torch.bfloat16,False,False,opus,20001,13,4.3621,opus_gemm_gfx1250_splitk_cluster_tdm_ws_128x16x32x256_1x2_16x16x32_0x0x0_p3w2,0.0104,1.26,131.64
gfx1250,256,16,128,7168,False,torch.bfloat16,torch.bfloat16,False,False,opus,20129,12,4.5391,opus_gemm_gfx1250_splitk_clusterlaunch_tdm_ws_128x16x32x256_1x2_16x16x32_0x0x0_c1x4_p3w2,0.0112,6.47,455.7
gfx1250,256,16,576,7168,False,torch.bfloat16,torch.bfloat16,False,False,opus,20125,11,5.2173,opus_gemm_gfx1250_splitk_clusterlaunch_tdm_ws_128x16x32x256_1x2_16x16x32_0x0x0_c1x3_p3w2,0.0117,25.32,1630.22
gfx1250,256,16,896,7168,False,torch.bfloat16,torch.bfloat16,False,False,opus,20255,12,5.5953,opus_gemm_gfx1250_splitk_clusterlaunch_tdm_ws_128x32x32x256_2x1_16x16x32_0x0x0_c1x4_p3w2,0.0106,36.73,2341.81
gfx1250,256,16,1536,128,False,torch.bfloat16,torch.bfloat16,False,False,triton,0,0,4.0989,auto,0.0,1.53,108.92
gfx1250,256,16,1536,7168,False,torch.bfloat16,torch.bfloat16,False,False,opus,20129,10,6.4038,opus_gemm_gfx1250_splitk_clusterlaunch_tdm_ws_128x16x32x256_1x2_16x16x32_0x0x0_c1x4_p3w2,0.0111,55.02,3482.09
gfx1250,256,16,2304,1536,False,torch.bfloat16,torch.bfloat16,False,False,opus,20129,5,5.736,opus_gemm_gfx1250_splitk_clusterlaunch_tdm_ws_128x16x32x256_1x2_16x16x32_0x0x0_c1x4_p3w2,0.0043,19.74,1255.36
gfx1250,256,16,3072,128,False,torch.bfloat16,torch.bfloat16,False,False,triton,0,0,4.8659,auto,0.0,2.59,182.67
gfx1250,256,16,3072,512,False,torch.bfloat16,torch.bfloat16,False,False,triton,0,0,5.382,auto,0.0,9.35,605.8
gfx1250,256,16,3072,7168,False,torch.bfloat16,torch.bfloat16,False,False,opus,20129,5,9.2092,opus_gemm_gfx1250_splitk_clusterlaunch_tdm_ws_128x16x32x256_1x2_16x16x32_0x0x0_c1x4_p3w2,0.0098,76.52,4817.78
gfx1250,256,16,4608,1536,False,torch.bfloat16,torch.bfloat16,False,False,opus,20129,3,8.4549,opus_gemm_gfx1250_splitk_clusterlaunch_tdm_ws_128x16x32x256_1x2_16x16x32_0x0x0_c1x4_p3w2,0.0043,26.79,1697.52
gfx1250,256,16,6144,512,False,torch.bfloat16,torch.bfloat16,False,False,triton,0,0,5.6142,auto,0.0,17.93,1158.57
gfx1250,256,16,7168,768,False,torch.bfloat16,torch.bfloat16,False,False,triton,0,0,5.8035,auto,0.0,30.35,1940.9
gfx1250,256,16,7168,1536,False,torch.bfloat16,torch.bfloat16,False,False,triton,0,0,8.7479,auto,0.0,40.27,2549.03
gfx1250,256,16,7168,3072,False,torch.bfloat16,torch.bfloat16,False,False,triton,0,0,11.9179,auto,0.0,59.12,3722.79
gfx1250,256,16,7168,4224,False,torch.bfloat16,torch.bfloat16,False,False,triton,0,0,13.8982,auto,0.0,69.71,4383.29
gfx1250,256,16,7168,8448,False,torch.bfloat16,torch.bfloat16,False,False,triton,0,0,23.59,auto,0.0,82.14,5155.16
gfx1250,256,16,8448,7168,False,torch.bfloat16,torch.bfloat16,False,False,opus,20165,2,19.6178,opus_gemm_gfx1250_splitk_clusterlaunch_tdm_ws_128x16x64x256_1x2_16x16x32_0x0x0_c1x4_p3w2,0.0057,98.78,6198.97
gfx1250,256,16,12440,7168,False,torch.bfloat16,torch.bfloat16,False,False,triton,0,0,25.2316,auto,0.0,113.09,7092.98
gfx1250,256,16,16896,7168,False,torch.bfloat16,torch.bfloat16,False,False,triton,0,0,24.181,auto,0.0,160.27,10048.84
gfx1250,256,16,20480,7168,False,torch.bfloat16,torch.bfloat16,False,False,triton,0,0,25.2574,auto,0.0,185.99,11659.4
gfx1250,256,16,40960,7168,False,torch.bfloat16,torch.bfloat16,False,False,triton,0,0,52.1788,auto,0.0,180.06,11283.18
gfx1250,256,32,12,7168,False,torch.bfloat16,torch.bfloat16,False,False,opus,20118,11,4.7081,opus_gemm_gfx1250_splitk_clusterlaunch_tdm_ws_128x16x32x256_1x2_16x16x32_0x0x0_c2x1_p3w2,0.0182,1.17,134.14
gfx1250,256,32,24,7168,False,torch.bfloat16,torch.bfloat16,False,False,opus,20118,13,4.5231,opus_gemm_gfx1250_splitk_clusterlaunch_tdm_ws_128x16x32x256_1x2_16x16x32_0x0x0_c2x1_p3w2,0.0117,2.43,177.83
gfx1250,256,32,128,7168,False,torch.bfloat16,torch.bfloat16,False,False,opus,20121,11,4.6203,opus_gemm_gfx1250_splitk_clusterlaunch_tdm_ws_128x16x32x256_1x2_16x16x32_0x0x0_c1x2_p3w2,0.012,12.71,498.23
gfx1250,256,32,576,7168,False,torch.bfloat16,torch.bfloat16,False,False,opus,20251,13,5.3713,opus_gemm_gfx1250_splitk_clusterlaunch_tdm_ws_128x32x32x256_2x1_16x16x32_0x0x0_c1x3_p3w2,0.0114,49.2,1629.62
gfx1250,256,32,896,7168,False,torch.bfloat16,torch.bfloat16,False,False,opus,20255,12,5.8412,opus_gemm_gfx1250_splitk_clusterlaunch_tdm_ws_128x32x32x256_2x1_16x16x32_0x0x0_c1x4_p3w2,0.0115,70.37,2287.4
gfx1250,256,32,1536,128,False,torch.bfloat16,torch.bfloat16,False,False,opus,20147,0,4.5831,opus_gemm_gfx1250_splitk_clusterlaunch_tdm_ws_128x16x64x128_1x2_16x16x32_0x0x0_c1x4_p3w2,0.0,2.75,109.03
gfx1250,256,32,1536,7168,False,torch.bfloat16,torch.bfloat16,False,False,opus,20165,5,7.2444,opus_gemm_gfx1250_splitk_clusterlaunch_tdm_ws_128x16x64x256_1x2_16x16x32_0x0x0_c1x4_p3w2,0.0104,97.27,3116.5
gfx1250,256,32,2304,1536,False,torch.bfloat16,torch.bfloat16,False,False,opus,20147,7,5.7709,opus_gemm_gfx1250_splitk_clusterlaunch_tdm_ws_128x16x64x128_1x2_16x16x32_0x0x0_c1x4_p3w2,0.0052,39.25,1269.07
gfx1250,256,32,3072,128,False,torch.bfloat16,torch.bfloat16,False,False,triton,0,0,4.4922,auto,0.0,5.6,220.66
gfx1250,256,32,3072,512,False,torch.bfloat16,torch.bfloat16,False,False,triton,0,0,5.4612,auto,0.0,18.43,618.02
gfx1250,256,32,3072,7168,False,torch.bfloat16,torch.bfloat16,False,False,opus,20255,5,10.6639,opus_gemm_gfx1250_splitk_clusterlaunch_tdm_ws_128x32x32x256_2x1_16x16x32_0x0x0_c1x4_p3w2,0.01,132.15,4191.3
gfx1250,256,32,4608,1536,False,torch.bfloat16,torch.bfloat16,False,False,opus,20165,3,7.5042,opus_gemm_gfx1250_splitk_clusterlaunch_tdm_ws_128x16x64x256_1x2_16x16x32_0x0x0_c1x4_p3w2,0.0041,60.36,1938.78
gfx1250,256,32,6144,512,False,torch.bfloat16,torch.bfloat16,False,False,triton,0,0,5.3903,auto,0.0,37.35,1246.21
gfx1250,256,32,7168,768,False,torch.bfloat16,torch.bfloat16,False,False,triton,0,0,6.5268,auto,0.0,53.98,1764.72
gfx1250,256,32,7168,1536,False,torch.bfloat16,torch.bfloat16,False,False,triton,0,0,8.4721,auto,0.0,83.17,2664.88
gfx1250,256,32,7168,3072,False,torch.bfloat16,torch.bfloat16,False,False,triton,0,0,11.7045,auto,0.0,120.41,3818.66
gfx1250,256,32,7168,4224,False,torch.bfloat16,torch.bfloat16,False,False,triton,0,0,13.9249,auto,0.0,139.16,4401.06
gfx1250,256,32,7168,8448,False,torch.bfloat16,torch.bfloat16,False,False,triton,0,0,24.0977,auto,0.0,160.83,5067.29
gfx1250,256,32,8448,7168,False,torch.bfloat16,torch.bfloat16,False,False,triton,0,0,21.2255,auto,0.0,182.59,5752.98
gfx1250,256,32,12440,7168,False,torch.bfloat16,torch.bfloat16,False,False,triton,0,0,26.7443,auto,0.0,213.39,6715.25
gfx1250,256,32,16896,7168,False,torch.bfloat16,torch.bfloat16,False,False,triton,0,0,25.4454,auto,0.0,304.62,9579.77
gfx1250,256,32,20480,7168,False,torch.bfloat16,torch.bfloat16,False,False,triton,0,0,27.5013,auto,0.0,341.63,10740.25
gfx1250,256,32,40960,7168,False,torch.bfloat16,torch.bfloat16,False,False,triton,0,0,58.8963,auto,0.0,319.04,10022.41
gfx1250,256,64,12,7168,False,torch.bfloat16,torch.bfloat16,False,False,opus,20001,13,4.7446,opus_gemm_gfx1250_splitk_cluster_tdm_ws_128x16x32x256_1x2_16x16x32_0x0x0_p3w2,0.0117,2.32,229.96
gfx1250,256,64,24,7168,False,torch.bfloat16,torch.bfloat16,False,False,opus,20001,10,4.6918,opus_gemm_gfx1250_splitk_cluster_tdm_ws_128x16x32x256_1x2_16x16x32_0x0x0_p3w2,0.0098,4.69,269.54
gfx1250,256,64,128,7168,False,torch.bfloat16,torch.bfloat16,False,False,opus,20014,10,4.7277,opus_gemm_gfx1250_splitk_cluster_tdm_ws_128x32x32x256_2x1_16x16x32_0x0x0_p3w2,0.0107,24.84,585.68
gfx1250,256,64,576,7168,False,torch.bfloat16,torch.bfloat16,False,False,opus,20251,5,6.9317,opus_gemm_gfx1250_splitk_clusterlaunch_tdm_ws_128x32x32x256_2x1_16x16x32_0x0x0_c1x3_p3w2,0.0096,76.24,1334.27
gfx1250,256,64,896,7168,False,torch.bfloat16,torch.bfloat16,False,False,opus,20255,5,7.1808,opus_gemm_gfx1250_splitk_clusterlaunch_tdm_ws_128x32x32x256_2x1_16x16x32_0x0x0_c1x4_p3w2,0.0096,114.48,1932.55
gfx1250,256,64,1536,128,False,torch.bfloat16,torch.bfloat16,False,False,triton,0,0,4.5863,auto,0.0,5.49,132.18
gfx1250,256,64,1536,7168,False,torch.bfloat16,torch.bfloat16,False,False,opus,20255,5,9.1037,opus_gemm_gfx1250_splitk_clusterlaunch_tdm_ws_128x32x32x256_2x1_16x16x32_0x0x0_c1x4_p3w2,0.0103,154.8,2541.19
gfx1250,256,64,2304,1536,False,torch.bfloat16,torch.bfloat16,False,False,opus,20273,4,5.9356,opus_gemm_gfx1250_splitk_clusterlaunch_tdm_ws_128x32x64x128_2x1_16x16x32_0x0x0_c1x4_p3w2,0.0046,76.32,1275.26
gfx1250,256,64,3072,128,False,torch.bfloat16,torch.bfloat16,False,False,triton,0,0,4.9098,auto,0.0,10.25,243.6
gfx1250,256,64,3072,512,False,torch.bfloat16,torch.bfloat16,False,False,opus,20179,3,5.841,opus_gemm_gfx1250_splitk_clusterlaunch_tdm_ws_128x16x128x128_1x2_16x16x32_0x0x0_c1x3_p3w2,0.0012,34.47,617.1
gfx1250,256,64,3072,7168,False,torch.bfloat16,torch.bfloat16,False,False,opus,20273,5,11.9668,opus_gemm_gfx1250_splitk_clusterlaunch_tdm_ws_128x32x64x128_2x1_16x16x32_0x0x0_c1x4_p3w2,0.0104,235.53,3789.73
gfx1250,256,64,4608,1536,False,torch.bfloat16,torch.bfloat16,False,False,opus,20291,3,8.4366,opus_gemm_gfx1250_splitk_clusterlaunch_tdm_ws_128x32x64x256_2x1_16x16x32_0x0x0_c1x4_p3w2,0.0041,107.39,1771.12
gfx1250,256,64,6144,512,False,torch.bfloat16,torch.bfloat16,False,False,triton,0,0,6.1084,auto,0.0,65.92,1169.44
gfx1250,256,64,7168,768,False,torch.bfloat16,torch.bfloat16,False,False,triton,0,0,6.3628,auto,0.0,110.74,1890.03
gfx1250,256,64,7168,1536,False,torch.bfloat16,torch.bfloat16,False,False,triton,0,0,8.6123,auto,0.0,163.64,2686.18
gfx1250,256,64,7168,3072,False,torch.bfloat16,torch.bfloat16,False,False,triton,0,0,12.642,auto,0.0,222.95,3587.32
gfx1250,256,64,7168,4224,False,torch.bfloat16,torch.bfloat16,False,False,triton,0,0,15.239,auto,0.0,254.32,4069.39
gfx1250,256,64,7168,8448,False,torch.bfloat16,torch.bfloat16,False,False,triton,0,0,26.1535,auto,0.0,296.37,4707.19
gfx1250,256,64,8448,7168,False,torch.bfloat16,torch.bfloat16,False,False,opus,20341,3,21.2299,opus_gemm_gfx1250_splitk_clusterlaunch_tdm_ws_128x32x256x128_2x1_16x16x32_0x0x0_c1x3_p3w1,0.0084,365.1,5798.87
gfx1250,256,64,12440,7168,False,torch.bfloat16,torch.bfloat16,False,False,triton,0,0,34.4654,auto,0.0,331.17,5247.28
gfx1250,256,64,16896,7168,False,torch.bfloat16,torch.bfloat16,False,False,triton,0,0,38.0611,auto,0.0,407.3,6444.93
gfx1250,256,64,20480,7168,False,torch.bfloat16,torch.bfloat16,False,False,triton,0,0,53.9067,auto,0.0,348.57,5512.12
gfx1250,256,64,40960,7168,False,torch.bfloat16,torch.bfloat16,False,False,triton,0,0,112.4886,auto,0.0,334.09,5274.87
gfx1250,256,128,12,7168,False,torch.bfloat16,torch.bfloat16,False,False,opus,20001,11,4.9881,opus_gemm_gfx1250_splitk_cluster_tdm_ws_128x16x32x256_1x2_16x16x32_0x0x0_p3w2,0.0117,4.41,402.98
gfx1250,256,128,24,7168,False,torch.bfloat16,torch.bfloat16,False,False,opus,20002,5,4.8644,opus_gemm_gfx1250_splitk_cluster_tdm_ws_128x16x32x512_1x2_16x16x32_0x0x0_p3w1,0.0111,9.05,449.23
gfx1250,256,128,128,7168,False,torch.bfloat16,torch.bfloat16,False,False,opus,20247,11,5.0271,opus_gemm_gfx1250_splitk_clusterlaunch_tdm_ws_128x32x32x256_2x1_16x16x32_0x0x0_c1x2_p3w2,0.0112,46.72,736.56
gfx1250,256,128,576,7168,False,torch.bfloat16,torch.bfloat16,False,False,opus,20251,6,7.5144,opus_gemm_gfx1250_splitk_clusterlaunch_tdm_ws_128x32x32x256_2x1_16x16x32_0x0x0_c1x3_p3w2,0.0104,140.66,1362.72
gfx1250,256,128,896,7168,False,torch.bfloat16,torch.bfloat16,False,False,opus,20255,4,9.0062,opus_gemm_gfx1250_splitk_clusterlaunch_tdm_ws_128x32x32x256_2x1_16x16x32_0x0x0_c1x4_p3w2,0.0098,182.56,1655.46
gfx1250,256,128,1536,128,False,torch.bfloat16,torch.bfloat16,False,False,triton,0,0,4.4218,auto,0.0,11.38,185.26
gfx1250,256,128,1536,7168,False,torch.bfloat16,torch.bfloat16,False,False,opus,20273,5,10.9991,opus_gemm_gfx1250_splitk_clusterlaunch_tdm_ws_128x32x64x128_2x1_16x16x32_0x0x0_c1x4_p3w2,0.0106,256.25,2204.57
gfx1250,256,128,2304,1536,False,torch.bfloat16,torch.bfloat16,False,False,opus,20291,3,7.3826,opus_gemm_gfx1250_splitk_clusterlaunch_tdm_ws_128x32x64x256_2x1_16x16x32_0x0x0_c1x4_p3w2,0.0041,122.72,1091.88
gfx1250,256,128,3072,128,False,torch.bfloat16,torch.bfloat16,False,False,triton,0,0,4.8231,auto,0.0,20.87,332.9
gfx1250,256,128,3072,512,False,torch.bfloat16,torch.bfloat16,False,False,triton,0,0,5.8065,auto,0.0,69.35,699.77
gfx1250,256,128,3072,7168,False,torch.bfloat16,torch.bfloat16,False,False,opus,20399,5,13.9119,opus_gemm_gfx1250_splitk_clusterlaunch_tdm_ws_128x64x64x128_2x1_16x16x32_0x0x0_c1x4_p3w2,0.0105,405.2,3354.08
gfx1250,256,128,4608,1536,False,torch.bfloat16,torch.bfloat16,False,False,triton,0,0,8.9643,auto,0.0,202.13,1754.59
gfx1250,256,128,6144,512,False,torch.bfloat16,torch.bfloat16,False,False,triton,0,0,6.8189,auto,0.0,118.1,1172.53
gfx1250,256,128,7168,768,False,torch.bfloat16,torch.bfloat16,False,False,triton,0,0,7.4474,auto,0.0,189.23,1751.17
gfx1250,256,128,7168,1536,False,torch.bfloat16,torch.bfloat16,False,False,triton,0,0,10.5907,auto,0.0,266.14,2289.59
gfx1250,256,128,7168,3072,False,torch.bfloat16,torch.bfloat16,False,False,triton,0,0,15.9428,auto,0.0,353.59,2926.82
gfx1250,256,128,7168,4224,False,torch.bfloat16,torch.bfloat16,False,False,triton,0,0,20.6615,auto,0.0,375.15,3071.98
gfx1250,256,128,7168,8448,False,torch.bfloat16,torch.bfloat16,False,False,triton,0,0,33.5738,auto,0.0,461.73,3726.36
gfx1250,256,128,8448,7168,False,torch.bfloat16,torch.bfloat16,False,False,opus,20467,3,26.7303,opus_gemm_gfx1250_splitk_clusterlaunch_tdm_ws_128x64x256x128_2x1_16x16x32_0x0x0_c1x3_p3w1,0.0085,579.95,4680.39
gfx1250,256,128,12440,7168,False,torch.bfloat16,torch.bfloat16,False,False,triton,0,0,57.4011,auto,0.0,397.68,3194.35
gfx1250,256,128,16896,7168,False,torch.bfloat16,torch.bfloat16,False,False,triton,0,0,79.5681,auto,0.0,389.66,3121.62
gfx1250,256,128,20480,7168,False,torch.bfloat16,torch.bfloat16,False,False,triton,0,0,96.6032,auto,0.0,389.02,3112.52
gfx1250,256,128,40960,7168,False,torch.bfloat16,torch.bfloat16,False,False,triton,0,0,159.4031,auto,0.0,471.52,3761.05
gfx1250,256,256,12,7168,False,torch.bfloat16,torch.bfloat16,False,False,opus,20001,13,5.8453,opus_gemm_gfx1250_splitk_cluster_tdm_ws_128x16x32x256_1x2_16x16x32_0x0x0_p3w2,0.0101,7.53,658.34
gfx1250,256,256,24,7168,False,torch.bfloat16,torch.bfloat16,False,False,opus,20001,12,6.0556,opus_gemm_gfx1250_splitk_cluster_tdm_ws_128x16x32x256_1x2_16x16x32_0x0x0_p3w2,0.0099,14.55,664.9
gfx1250,256,256,128,7168,False,torch.bfloat16,torch.bfloat16,False,False,opus,20255,6,6.0928,opus_gemm_gfx1250_splitk_clusterlaunch_tdm_ws_128x32x32x256_2x1_16x16x32_0x0x0_c1x4_p3w2,0.0108,77.1,914.29
gfx1250,256,256,576,7168,False,torch.bfloat16,torch.bfloat16,False,False,opus,20287,3,10.1563,opus_gemm_gfx1250_splitk_clusterlaunch_tdm_ws_128x32x64x256_2x1_16x16x32_0x0x0_c1x3_p3w2,0.0086,208.14,1203.44
gfx1250,256,256,896,7168,False,torch.bfloat16,torch.bfloat16,False,False,opus,20283,4,13.2576,opus_gemm_gfx1250_splitk_clusterlaunch_tdm_ws_128x32x64x256_2x1_16x16x32_0x0x0_c1x2_p3w2,0.0098,248.03,1280.31
gfx1250,256,256,1536,128,False,torch.bfloat16,torch.bfloat16,False,False,triton,0,0,4.8472,auto,0.0,20.77,256.89
gfx1250,256,256,1536,7168,False,torch.bfloat16,torch.bfloat16,False,False,opus,20399,5,13.1972,opus_gemm_gfx1250_splitk_clusterlaunch_tdm_ws_128x64x64x128_2x1_16x16x32_0x0x0_c1x4_p3w2,0.0102,427.15,2006.22
gfx1250,256,256,2304,1536,False,torch.bfloat16,torch.bfloat16,False,False,opus,20399,3,9.0058,opus_gemm_gfx1250_splitk_clusterlaunch_tdm_ws_128x64x64x128_2x1_16x16x32_0x0x0_c1x4_p3w2,0.0041,201.2,1004.24
gfx1250,256,256,3072,128,False,torch.bfloat16,torch.bfloat16,False,False,triton,0,0,5.4237,auto,0.0,37.12,447.08
gfx1250,256,256,3072,512,False,torch.bfloat16,torch.bfloat16,False,False,triton,0,0,7.2075,auto,0.0,111.73,691.05
gfx1250,256,256,3072,7168,False,torch.bfloat16,torch.bfloat16,False,False,opus,20399,2,22.8303,opus_gemm_gfx1250_splitk_clusterlaunch_tdm_ws_128x64x64x128_2x1_16x16x32_0x0x0_c1x4_p3w2,0.006,493.83,2158.67
gfx1250,256,256,4608,1536,False,torch.bfloat16,torch.bfloat16,False,False,opus,20561,3,12.2429,opus_gemm_gfx1250_splitk_clusterlaunch_tdm_ws_128x128x128x128_2x1_16x16x32_0x0x0_c1x4_p3w1,0.0041,296.0,1413.19
gfx1250,256,256,6144,512,False,torch.bfloat16,torch.bfloat16,False,False,triton,0,0,9.2073,auto,0.0,174.93,1053.44
gfx1250,256,256,7168,768,False,torch.bfloat16,torch.bfloat16,False,False,triton,0,0,11.0765,auto,0.0,254.46,1360.83
gfx1250,256,256,7168,1536,False,torch.bfloat16,torch.bfloat16,False,False,opus,20561,2,15.3236,opus_gemm_gfx1250_splitk_clusterlaunch_tdm_ws_128x128x128x128_2x1_16x16x32_0x0x0_c1x4_p3w1,0.0029,367.87,1727.83
gfx1250,256,256,7168,3072,False,torch.bfloat16,torch.bfloat16,False,False,opus,20561,2,19.8229,opus_gemm_gfx1250_splitk_clusterlaunch_tdm_ws_128x128x128x128_2x1_16x16x32_0x0x0_c1x4_p3w1,0.0043,568.75,2486.17
gfx1250,256,256,7168,4224,False,torch.bfloat16,torch.bfloat16,False,False,opus,20561,2,24.1183,opus_gemm_gfx1250_splitk_clusterlaunch_tdm_ws_128x128x128x128_2x1_16x16x32_0x0x0_c1x4_p3w1,0.005,642.75,2752.6
gfx1250,256,256,7168,8448,False,torch.bfloat16,torch.bfloat16,False,False,opus,20561,2,37.5523,opus_gemm_gfx1250_splitk_clusterlaunch_tdm_ws_128x128x128x128_2x1_16x16x32_0x0x0_c1x4_p3w1,0.0063,825.63,3438.03
gfx1250,256,256,8448,7168,False,torch.bfloat16,torch.bfloat16,False,False,opus,20557,3,47.6967,opus_gemm_gfx1250_splitk_clusterlaunch_tdm_ws_128x128x128x128_2x1_16x16x32_0x0x0_c1x3_p3w1,0.0085,650.03,2706.81
gfx1250,256,256,12440,7168,False,torch.bfloat16,torch.bfloat16,False,False,triton,0,0,99.7044,auto,0.0,457.9,1889.38
gfx1250,256,256,16896,7168,False,torch.bfloat16,torch.bfloat16,False,False,triton,0,0,120.1056,auto,0.0,516.28,2119.32
gfx1250,256,256,20480,7168,False,torch.bfloat16,torch.bfloat16,False,False,triton,0,0,128.2885,auto,0.0,585.88,2398.95
gfx1250,256,256,40960,7168,False,torch.bfloat16,torch.bfloat16,False,False,triton,0,0,237.1012,auto,0.0,634.01,2580.52
gfx1250,256,512,12,7168,False,torch.bfloat16,torch.bfloat16,False,False,opus,20002,6,8.7307,opus_gemm_gfx1250_splitk_cluster_tdm_ws_128x16x32x512_1x2_16x16x32_0x0x0_p3w1,0.0106,10.09,861.83
gfx1250,256,512,24,7168,False,torch.bfloat16,torch.bfloat16,False,False,opus,20002,12,9.2012,opus_gemm_gfx1250_splitk_cluster_tdm_ws_128x16x32x512_1x2_16x16x32_0x0x0_p3w1,0.0109,19.15,837.79
gfx1250,256,512,128,7168,False,torch.bfloat16,torch.bfloat16,False,False,opus,20255,5,8.5545,opus_gemm_gfx1250_splitk_clusterlaunch_tdm_ws_128x32x32x256_2x1_16x16x32_0x0x0_c1x4_p3w2,0.0107,109.83,1087.86
gfx1250,256,512,576,7168,False,torch.bfloat16,torch.bfloat16,False,False,opus,20395,6,11.9772,opus_gemm_gfx1250_splitk_clusterlaunch_tdm_ws_128x64x64x128_2x1_16x16x32_0x0x0_c1x3_p3w2,0.0107,352.99,1351.52
gfx1250,256,512,896,7168,False,torch.bfloat16,torch.bfloat16,False,False,opus,20381,2,17.1842,opus_gemm_gfx1250_splitk_clusterlaunch_tdm_ws_128x64x32x256_2x1_16x16x32_0x0x0_c1x4_p3w2,0.0061,382.72,1228.02
gfx1250,256,512,1536,128,False,torch.bfloat16,torch.bfloat16,False,False,triton,0,0,5.0241,auto,0.0,40.07,417.42
gfx1250,256,512,1536,7168,False,torch.bfloat16,torch.bfloat16,False,False,opus,20417,1,21.8335,opus_gemm_gfx1250_splitk_clusterlaunch_tdm_ws_128x64x64x256_2x1_16x16x32_0x0x0_c1x4_p3w1,0.0,516.38,1416.77
gfx1250,256,512,2304,1536,False,torch.bfloat16,torch.bfloat16,False,False,opus,20525,3,11.7456,opus_gemm_gfx1250_splitk_clusterlaunch_tdm_ws_128x128x64x128_2x1_16x16x32_0x0x0_c1x4_p3w2,0.0041,308.53,937.38
gfx1250,256,512,3072,128,False,torch.bfloat16,torch.bfloat16,False,False,triton,0,0,6.1421,auto,0.0,65.56,661.54
gfx1250,256,512,3072,512,False,torch.bfloat16,torch.bfloat16,False,False,opus,20525,0,9.627,opus_gemm_gfx1250_splitk_clusterlaunch_tdm_ws_128x128x64x128_2x1_16x16x32_0x0x0_c1x4_p3w2,0.0,167.3,707.98
gfx1250,256,512,3072,7168,False,torch.bfloat16,torch.bfloat16,False,False,opus,20561,2,31.8804,opus_gemm_gfx1250_splitk_clusterlaunch_tdm_ws_128x128x128x128_2x1_16x16x32_0x0x0_c1x4_p3w1,0.006,707.29,1710.33
gfx1250,256,512,4608,1536,False,torch.bfloat16,torch.bfloat16,False,False,opus,20561,0,17.5188,opus_gemm_gfx1250_splitk_clusterlaunch_tdm_ws_128x128x128x128_2x1_16x16x32_0x0x0_c1x4_p3w1,0.0,413.71,1167.16
gfx1250,256,512,6144,512,False,torch.bfloat16,torch.bfloat16,False,False,opus,20435,0,13.0551,opus_gemm_gfx1250_splitk_clusterlaunch_tdm_ws_128x64x128x128_2x1_16x16x32_0x0x0_c1x4_p3w2,0.0,246.74,1003.99
gfx1250,256,512,7168,768,False,torch.bfloat16,torch.bfloat16,False,False,opus,20561,1,15.6586,opus_gemm_gfx1250_splitk_clusterlaunch_tdm_ws_128x128x128x128_2x1_16x16x32_0x0x0_c1x4_p3w1,0.0,360.0,1222.11
gfx1250,256,512,7168,1536,False,torch.bfloat16,torch.bfloat16,False,False,opus,20561,0,20.2882,opus_gemm_gfx1250_splitk_clusterlaunch_tdm_ws_128x128x128x128_2x1_16x16x32_0x0x0_c1x4_p3w1,0.0,555.71,1524.68
gfx1250,256,512,7168,3072,False,torch.bfloat16,torch.bfloat16,False,False,opus,20561,0,30.5477,opus_gemm_gfx1250_splitk_clusterlaunch_tdm_ws_128x128x128x128_2x1_16x16x32_0x0x0_c1x4_p3w1,0.0,738.14,1784.94
gfx1250,256,512,7168,4224,False,torch.bfloat16,torch.bfloat16,False,False,opus,20561,0,38.3228,opus_gemm_gfx1250_splitk_clusterlaunch_tdm_ws_128x128x128x128_2x1_16x16x32_0x0x0_c1x4_p3w1,0.0,809.03,1884.54
gfx1250,256,512,7168,8448,False,torch.bfloat16,torch.bfloat16,False,False,opus,20561,0,69.7051,opus_gemm_gfx1250_splitk_clusterlaunch_tdm_ws_128x128x128x128_2x1_16x16x32_0x0x0_c1x4_p3w1,0.0,889.58,1966.88
gfx1250,256,512,8448,7168,False,torch.bfloat16,torch.bfloat16,False,False,opus,20557,3,84.4345,opus_gemm_gfx1250_splitk_clusterlaunch_tdm_ws_128x128x128x128_2x1_16x16x32_0x0x0_c1x3_p3w1,0.0084,734.4,1623.76
gfx1250,256,512,12440,7168,False,torch.bfloat16,torch.bfloat16,False,False,triton,0,0,164.6082,auto,0.0,554.71,1205.4
gfx1250,256,512,16896,7168,False,torch.bfloat16,torch.bfloat16,False,False,triton,0,0,187.8411,auto,0.0,660.22,1420.68
gfx1250,256,512,20480,7168,False,torch.bfloat16,torch.bfloat16,False,False,triton,0,0,218.987,auto,0.0,686.45,1470.01
gfx1250,256,512,40960,7168,False,torch.bfloat16,torch.bfloat16,False,False,triton,0,0,422.3545,auto,0.0,711.84,1506.99
gfx1250,256,1024,12,7168,False,torch.bfloat16,torch.bfloat16,False,False,triton,0,0,19.7634,auto,0.0,8.91,752.74
gfx1250,256,1024,24,7168,False,torch.bfloat16,torch.bfloat16,False,False,triton,0,0,20.3037,auto,0.0,17.35,742.39
gfx1250,256,1024,128,7168,False,torch.bfloat16,torch.bfloat16,False,False,triton,0,0,19.2915,auto,0.0,97.4,869.67
gfx1250,256,1024,576,7168,False,torch.bfloat16,torch.bfloat16,False,False,triton,0,0,25.7873,auto,0.0,327.9,935.24
gfx1250,256,1024,896,7168,False,torch.bfloat16,torch.bfloat16,False,False,triton,0,0,28.2746,auto,0.0,465.2,1038.39
gfx1250,256,1024,1536,128,False,torch.bfloat16,torch.bfloat16,False,False,triton,0,0,6.0597,auto,0.0,66.45,627.27
gfx1250,256,1024,1536,7168,False,torch.bfloat16,torch.bfloat16,False,False,triton,0,0,41.0925,auto,0.0,548.73,969.66
gfx1250,256,1024,2304,1536,False,torch.bfloat16,torch.bfloat16,False,False,triton,0,0,21.0154,auto,0.0,344.88,711.01
gfx1250,256,1024,3072,128,False,torch.bfloat16,torch.bfloat16,False,False,triton,0,0,7.4774,auto,0.0,107.7,981.63
gfx1250,256,1024,3072,512,False,torch.bfloat16,torch.bfloat16,False,False,triton,0,0,13.2159,auto,0.0,243.74,793.42
gfx1250,256,1024,3072,7168,False,torch.bfloat16,torch.bfloat16,False,False,triton,0,0,84.0708,auto,0.0,536.42,773.3
gfx1250,256,1024,4608,1536,False,torch.bfloat16,torch.bfloat16,False,False,triton,0,0,34.0646,auto,0.0,425.53,784.94
gfx1250,256,1024,6144,512,False,torch.bfloat16,torch.bfloat16,False,False,triton,0,0,21.1292,auto,0.0,304.91,942.91
gfx1250,256,1024,7168,768,False,torch.bfloat16,torch.bfloat16,False,False,triton,0,0,28.766,auto,0.0,391.93,947.75
gfx1250,256,1024,7168,1536,False,torch.bfloat16,torch.bfloat16,False,False,triton,0,0,46.8491,auto,0.0,481.3,850.52
gfx1250,256,1024,7168,3072,False,torch.bfloat16,torch.bfloat16,False,False,triton,0,0,76.0326,auto,0.0,593.13,855.05
gfx1250,256,1024,7168,4224,False,torch.bfloat16,torch.bfloat16,False,False,triton,0,0,104.7909,auto,0.0,591.74,800.51
gfx1250,256,1024,7168,8448,False,torch.bfloat16,torch.bfloat16,False,False,triton,0,0,185.5496,auto,0.0,668.38,825.07
gfx1250,256,1024,8448,7168,False,torch.bfloat16,torch.bfloat16,False,False,triton,0,0,182.8777,auto,0.0,678.14,837.13
gfx1250,256,1024,12440,7168,False,torch.bfloat16,torch.bfloat16,False,False,triton,0,0,298.8241,auto,0.0,611.13,731.19
gfx1250,256,1024,16896,7168,False,torch.bfloat16,torch.bfloat16,False,False,triton,0,0,345.7437,auto,0.0,717.39,843.12
gfx1250,256,1024,20480,7168,False,torch.bfloat16,torch.bfloat16,False,False,triton,0,0,416.1398,auto,0.0,722.47,841.6
gfx1250,256,1024,40960,7168,False,torch.bfloat16,torch.bfloat16,False,False,triton,0,0,816.0739,auto,0.0,736.81,840.33
gfx1250,256,2048,12,7168,False,torch.bfloat16,torch.bfloat16,False,False,triton,0,0,21.734,auto,0.0,16.21,1361.06
gfx1250,256,2048,24,7168,False,torch.bfloat16,torch.bfloat16,False,False,triton,0,0,21.9854,auto,0.0,32.05,1355.56
gfx1250,256,2048,128,7168,False,torch.bfloat16,torch.bfloat16,False,False,triton,0,0,21.5031,auto,0.0,174.77,1475.11
gfx1250,256,2048,576,7168,False,torch.bfloat16,torch.bfloat16,False,False,triton,0,0,37.0078,auto,0.0,456.97,1080.23
gfx1250,256,2048,896,7168,False,torch.bfloat16,torch.bfloat16,False,False,triton,0,0,48.533,auto,0.0,542.04,945.24
gfx1250,256,2048,1536,128,False,torch.bfloat16,torch.bfloat16,False,False,triton,0,0,7.8899,auto,0.0,102.07,913.69
gfx1250,256,2048,1536,7168,False,torch.bfloat16,torch.bfloat16,False,False,triton,0,0,83.1181,auto,0.0,542.57,693.85
gfx1250,256,2048,2304,1536,False,torch.bfloat16,torch.bfloat16,False,False,triton,0,0,33.405,auto,0.0,433.93,682.73
gfx1250,256,2048,3072,128,False,torch.bfloat16,torch.bfloat16,False,False,triton,0,0,11.1375,auto,0.0,144.61,1247.46
gfx1250,256,2048,3072,512,False,torch.bfloat16,torch.bfloat16,False,False,triton,0,0,21.3795,auto,0.0,301.34,833.78
gfx1250,256,2048,3072,7168,False,torch.bfloat16,torch.bfloat16,False,False,triton,0,0,131.0566,auto,0.0,688.21,656.08
gfx1250,256,2048,4608,1536,False,torch.bfloat16,torch.bfloat16,False,False,triton,0,0,56.2693,auto,0.0,515.22,698.81
gfx1250,256,2048,6144,512,False,torch.bfloat16,torch.bfloat16,False,False,triton,0,0,36.3661,auto,0.0,354.31,922.68
gfx1250,256,2048,7168,768,False,torch.bfloat16,torch.bfloat16,False,False,triton,0,0,49.8458,auto,0.0,452.37,873.01
gfx1250,256,2048,7168,1536,False,torch.bfloat16,torch.bfloat16,False,False,triton,0,0,79.4626,auto,0.0,567.53,725.77
gfx1250,256,2048,7168,3072,False,torch.bfloat16,torch.bfloat16,False,False,triton,0,0,139.6569,auto,0.0,645.83,615.67
gfx1250,256,2048,7168,4224,False,torch.bfloat16,torch.bfloat16,False,False,triton,0,0,191.247,auto,0.0,648.47,560.62
gfx1250,256,2048,7168,8448,False,torch.bfloat16,torch.bfloat16,False,False,triton,0,0,344.2289,auto,0.0,720.55,537.65
gfx1250,256,2048,8448,7168,False,torch.bfloat16,torch.bfloat16,False,False,triton,0,0,342.491,auto,0.0,724.21,540.38
gfx1250,256,2048,12440,7168,False,torch.bfloat16,torch.bfloat16,False,False,triton,0,0,571.7798,auto,0.0,638.78,452.37
gfx1250,256,2048,16896,7168,False,torch.bfloat16,torch.bfloat16,False,False,triton,0,0,669.7579,auto,0.0,740.67,508.82
gfx1250,256,2048,20480,7168,False,torch.bfloat16,torch.bfloat16,False,False,triton,0,0,807.6314,auto,0.0,744.52,503.75
gfx1250,256,2048,40960,7168,False,torch.bfloat16,torch.bfloat16,False,False,triton,0,0,1600.718,auto,0.0,751.28,489.99
gfx1250,256,4096,12,7168,False,torch.bfloat16,torch.bfloat16,False,False,triton,0,0,22.0771,auto,0.0,31.92,2672.03
gfx1250,256,4096,24,7168,False,torch.bfloat16,torch.bfloat16,False,False,triton,0,0,22.5383,auto,0.0,62.53,2629.34
gfx1250,256,4096,128,7168,False,torch.bfloat16,torch.bfloat16,False,False,triton,0,0,23.1021,auto,0.0,325.35,2666.59
gfx1250,256,4096,576,7168,False,torch.bfloat16,torch.bfloat16,False,False,triton,0,0,80.0591,auto,0.0,422.47,895.54
gfx1250,256,4096,896,7168,False,torch.bfloat16,torch.bfloat16,False,False,triton,0,0,86.3284,auto,0.0,609.46,914.01
gfx1250,256,4096,1536,128,False,torch.bfloat16,torch.bfloat16,False,False,triton,0,0,10.8957,auto,0.0,147.82,1287.18
gfx1250,256,4096,1536,7168,False,torch.bfloat16,torch.bfloat16,False,False,triton,0,0,130.7416,auto,0.0,689.87,713.8
gfx1250,256,4096,2304,1536,False,torch.bfloat16,torch.bfloat16,False,False,triton,0,0,55.7688,auto,0.0,519.84,690.98
gfx1250,256,4096,3072,128,False,torch.bfloat16,torch.bfloat16,False,False,triton,0,0,17.3565,auto,0.0,185.59,1555.66
gfx1250,256,4096,3072,512,False,torch.bfloat16,torch.bfloat16,False,False,triton,0,0,35.9489,auto,0.0,358.42,904.22
gfx1250,256,4096,3072,7168,False,torch.bfloat16,torch.bfloat16,False,False,triton,0,0,253.4866,auto,0.0,711.63,504.67
gfx1250,256,4096,4608,1536,False,torch.bfloat16,torch.bfloat16,False,False,triton,0,0,99.6911,auto,0.0,581.62,646.87
gfx1250,256,4096,6144,512,False,torch.bfloat16,torch.bfloat16,False,False,triton,0,0,61.3293,auto,0.0,420.19,991.65
gfx1250,256,4096,7168,768,False,torch.bfloat16,torch.bfloat16,False,False,triton,0,0,87.3823,auto,0.0,516.09,869.99
gfx1250,256,4096,7168,1536,False,torch.bfloat16,torch.bfloat16,False,False,triton,0,0,150.5721,auto,0.0,599.01,619.79
gfx1250,256,4096,7168,3072,False,torch.bfloat16,torch.bfloat16,False,False,triton,0,0,269.9857,auto,0.0,668.14,473.83
gfx1250,256,4096,7168,4224,False,torch.bfloat16,torch.bfloat16,False,False,triton,0,0,361.0016,auto,0.0,687.07,426.25
gfx1250,256,4096,7168,8448,False,torch.bfloat16,torch.bfloat16,False,False,triton,0,0,672.8653,auto,0.0,737.25,370.11
gfx1250,256,4096,8448,7168,False,torch.bfloat16,torch.bfloat16,False,False,triton,0,0,667.784,auto,0.0,742.86,372.93
gfx1250,256,4096,12440,7168,False,torch.bfloat16,torch.bfloat16,False,False,triton,0,0,1124.254,auto,0.0,649.75,301.51
gfx1250,256,4096,16896,7168,False,torch.bfloat16,torch.bfloat16,False,False,triton,0,0,1328.4178,auto,0.0,746.86,330.73
gfx1250,256,4096,20480,7168,False,torch.bfloat16,torch.bfloat16,False,False,triton,0,0,1600.841,auto,0.0,751.22,324.89
gfx1250,256,4096,40960,7168,False,torch.bfloat16,torch.bfloat16,False,False,triton,0,0,3193.1174,auto,0.0,753.24,307.37
gfx1250,256,8192,12,7168,False,torch.bfloat16,torch.bfloat16,False,False,triton,0,0,23.5785,auto,0.0,59.77,4996.47
gfx1250,256,8192,24,7168,False,torch.bfloat16,torch.bfloat16,False,False,triton,0,0,24.1638,auto,0.0,116.64,4890.7
gfx1250,256,8192,128,7168,False,torch.bfloat16,torch.bfloat16,False,False,triton,0,0,31.6722,auto,0.0,474.62,3832.15
gfx1250,256,8192,576,7168,False,torch.bfloat16,torch.bfloat16,False,False,triton,0,0,120.4224,auto,0.0,561.74,1122.18
gfx1250,256,8192,896,7168,False,torch.bfloat16,torch.bfloat16,False,False,triton,0,0,160.8466,auto,0.0,654.21,901.27
gfx1250,256,8192,1536,128,False,torch.bfloat16,torch.bfloat16,False,False,triton,0,0,18.4625,auto,0.0,174.47,1497.97
gfx1250,256,8192,1536,7168,False,torch.bfloat16,torch.bfloat16,False,False,triton,0,0,254.2868,auto,0.0,709.39,647.4
gfx1250,256,8192,2304,1536,False,torch.bfloat16,torch.bfloat16,False,False,triton,0,0,99.6726,auto,0.0,581.73,702.22
gfx1250,256,8192,3072,128,False,torch.bfloat16,torch.bfloat16,False,False,triton,0,0,31.3584,auto,0.0,205.45,1697.0
gfx1250,256,8192,3072,512,False,torch.bfloat16,torch.bfloat16,False,False,triton,0,0,63.7807,auto,0.0,404.04,969.98
gfx1250,256,8192,3072,7168,False,torch.bfloat16,torch.bfloat16,False,False,triton,0,0,493.6108,auto,0.0,730.89,429.11
gfx1250,256,8192,4608,1536,False,torch.bfloat16,torch.bfloat16,False,False,triton,0,0,191.4212,auto,0.0,605.81,599.82
gfx1250,256,8192,6144,512,False,torch.bfloat16,torch.bfloat16,False,False,triton,0,0,109.8766,auto,0.0,469.07,1049.75
gfx1250,256,8192,7168,768,False,torch.bfloat16,torch.bfloat16,False,False,triton,0,0,169.3787,auto,0.0,532.5,832.65
gfx1250,256,8192,7168,1536,False,torch.bfloat16,torch.bfloat16,False,False,triton,0,0,291.8862,auto,0.0,618.01,564.01
gfx1250,256,8192,7168,3072,False,torch.bfloat16,torch.bfloat16,False,False,triton,0,0,531.3959,auto,0.0,678.92,398.6
gfx1250,256,8192,7168,4224,False,torch.bfloat16,torch.bfloat16,False,False,triton,0,0,699.2416,auto,0.0,709.44,353.53
gfx1250,256,8192,7168,8448,False,torch.bfloat16,torch.bfloat16,False,False,triton,0,0,1319.1035,auto,0.0,752.13,285.77
gfx1250,256,8192,8448,7168,False,torch.bfloat16,torch.bfloat16,False,False,triton,0,0,1328.2297,auto,0.0,746.96,283.81
gfx1250,256,8192,12440,7168,False,torch.bfloat16,torch.bfloat16,False,False,triton,0,0,2237.2325,auto,0.0,653.02,223.31
gfx1250,256,8192,16896,7168,False,torch.bfloat16,torch.bfloat16,False,False,triton,0,0,2661.0161,auto,0.0,745.68,239.19
gfx1250,256,8192,20480,7168,False,torch.bfloat16,torch.bfloat16,False,False,triton,0,0,3200.1673,auto,0.0,751.58,233.3
gfx1250,256,8192,40960,7168,False,torch.bfloat16,torch.bfloat16,False,False,triton,0,0,6392.6677,auto,0.0,752.48,215.2
gfx1250,256,16384,12,7168,False,torch.bfloat16,torch.bfloat16,False,False,triton,0,0,27.9218,auto,0.0,100.95,8432.35
gfx1250,256,16384,24,7168,False,torch.bfloat16,torch.bfloat16,False,False,triton,0,0,29.5059,auto,0.0,191.05,7998.79
gfx1250,256,16384,128,7168,False,torch.bfloat16,torch.bfloat16,False,False,triton,0,0,54.9906,auto,0.0,546.73,4380.94
gfx1250,256,16384,576,7168,False,torch.bfloat16,torch.bfloat16,False,False,triton,0,0,221.1471,auto,0.0,611.77,1184.79
gfx1250,256,16384,896,7168,False,torch.bfloat16,torch.bfloat16,False,False,triton,0,0,317.1442,auto,0.0,663.59,873.69
gfx1250,256,16384,1536,128,False,torch.bfloat16,torch.bfloat16,False,False,triton,0,0,33.0607,auto,0.0,194.87,1661.16
gfx1250,256,16384,1536,7168,False,torch.bfloat16,torch.bfloat16,False,False,triton,0,0,534.9372,auto,0.0,674.43,574.33
gfx1250,256,16384,2304,1536,False,torch.bfloat16,torch.bfloat16,False,False,triton,0,0,195.4261,auto,0.0,593.39,680.09
gfx1250,256,16384,3072,128,False,torch.bfloat16,torch.bfloat16,False,False,triton,0,0,58.4977,auto,0.0,220.26,1805.95
gfx1250,256,16384,3072,512,False,torch.bfloat16,torch.bfloat16,False,False,triton,0,0,117.2621,auto,0.0,439.52,1028.35
gfx1250,256,16384,3072,7168,False,torch.bfloat16,torch.bfloat16,False,False,triton,0,0,1087.1866,auto,0.0,663.69,349.14
gfx1250,256,16384,4608,1536,False,torch.bfloat16,torch.bfloat16,False,False,triton,0,0,377.7117,auto,0.0,614.04,570.49
gfx1250,256,16384,6144,512,False,torch.bfloat16,torch.bfloat16,False,False,triton,0,0,210.7113,auto,0.0,489.2,1064.94
gfx1250,256,16384,7168,768,False,torch.bfloat16,torch.bfloat16,False,False,triton,0,0,337.0032,auto,0.0,535.27,804.32
gfx1250,256,16384,7168,1536,False,torch.bfloat16,torch.bfloat16,False,False,triton,0,0,577.3735,auto,0.0,624.86,532.12
gfx1250,256,16384,7168,3072,False,torch.bfloat16,torch.bfloat16,False,False,triton,0,0,1062.2516,auto,0.0,679.27,357.34
gfx1250,256,16384,7168,4224,False,torch.bfloat16,torch.bfloat16,False,False,triton,0,0,1403.9505,auto,0.0,706.68,309.02
gfx1250,256,16384,7168,8448,False,torch.bfloat16,torch.bfloat16,False,False,triton,0,0,3122.2706,auto,0.0,635.52,202.68
gfx1250,256,16384,8448,7168,False,torch.bfloat16,torch.bfloat16,False,False,triton,0,0,3038.3694,auto,0.0,653.07,208.27
gfx1250,256,16384,12440,7168,False,torch.bfloat16,torch.bfloat16,False,False,triton,0,0,4958.5079,auto,0.0,589.27,165.54
gfx1250,256,16384,16896,7168,False,torch.bfloat16,torch.bfloat16,False,False,triton,0,0,6153.9405,auto,0.0,644.88,167.49
gfx1250,256,16384,20480,7168,False,torch.bfloat16,torch.bfloat16,False,False,triton,0,0,7476.4449,auto,0.0,643.4,160.45
gfx1250,256,16384,40960,7168,False,torch.bfloat16,torch.bfloat16,False,False,triton,0,0,15026.017,auto,0.0,640.27,144.03
gfx950,256,1,896,7168,False,torch.bfloat16,torch.bfloat16,False,False,flydsl,291,7,6.0776,flydsl_hgemm_abf16_wbf16_bf16_t16x32x128x6_ks7_w1x2x1_bias0_ktail0_gm0_pft_gfx950,0.0212,2.11,2116.16
gfx950,256,1,1536,7168,False,torch.bfloat16,torch.bfloat16,False,False,flydsl,543,7,7.4267,flydsl_hgemm_abf16_wbf16_bf16_t16x64x128x4_ks7_w1x2x1_bias0_ktail0_gm0_pft_gfx950,0.0215,2.96,2967.33
gfx950,256,1,2304,1536,False,torch.bfloat16,torch.bfloat16,False,False,flydsl,118,1,4.9926,flydsl_hgemm_abf16_wbf16_bf16_t16x16x128x8_ks1_w1x1x2_bias0_ktail0_gm0_pft_gfx950,0.0022,1.42,1419.21
gfx950,256,1,3072,512,False,torch.bfloat16,torch.bfloat16,False,False,flydsl,48,1,3.519,flydsl_hgemm_abf16_wbf16_bf16_t16x16x128x5_ks1_w1x1x1_bias0_ktail0_gm0_pft_gfx950,0.0,0.89,895.96
gfx950,256,1,4480,7168,False,torch.bfloat16,torch.bfloat16,False,False,flydsl,39,7,13.83,flydsl_hgemm_abf16_wbf16_bf16_t16x128x128x4_ks7_w1x2x1_bias0_ktail0_gm0_pft_gfx950,0.0188,4.64,4645.59
gfx950,256,1,6016,7168,False,torch.bfloat16,torch.bfloat16,False,False,flydsl,251,1,16.363,flydsl_hgemm_abf16_wbf16_bf16_t16x32x256x4_ks1_w1x1x2_bias0_ktail0_gm0_pft_gfx950,0.0053,5.27,5272.37
gfx950,256,1,6144,7168,False,torch.bfloat16,torch.bfloat16,False,False,flydsl,212,1,16.5598,flydsl_hgemm_abf16_wbf16_bf16_t16x32x128x5_ks1_w1x2x1_bias0_ktail0_gm0_pft_gfx950,0.0,5.32,5320.54
gfx950,256,1,7168,768,False,torch.bfloat16,torch.bfloat16,False,False,flydsl,156,1,4.6093,flydsl_hgemm_abf16_wbf16_bf16_t16x32x128x5_ks1_w1x1x1_bias0_ktail0_gm0_pft_gfx950,0.0,2.39,2392.1
gfx950,256,1,7168,1536,False,torch.bfloat16,torch.bfloat16,False,False,flydsl,203,1,6.2186,flydsl_hgemm_abf16_wbf16_bf16_t16x32x128x4_ks1_w1x2x1_bias0_ktail0_gm0_pft_gfx950,0.0,3.54,3543.8
gfx950,256,1,7168,3584,False,torch.bfloat16,torch.bfloat16,False,False,flydsl,163,1,10.694,flydsl_hgemm_abf16_wbf16_bf16_t16x16x64x8_ks1_w1x1x1_bias0_ktail0_gm0_pft_gfx950,0.0,4.8,4806.6
gfx950,256,1,7168,4224,False,torch.bfloat16,torch.bfloat16,False,False,flydsl,135,1,12.413,flydsl_hgemm_abf16_wbf16_bf16_t16x32x128x5_ks1_w1x2x1_bias0_ktail0_gm0_pft_gfx950,0.0,4.88,4880.21
gfx950,256,1,7168,35840,False,torch.bfloat16,torch.bfloat16,False,False,torch,0,0,82.9714,native,0.0,6.19,6193.56
gfx950,256,1,8448,7168,False,torch.bfloat16,torch.bfloat16,False,False,flydsl,582,2,22.7345,flydsl_hgemm_abf16_wbf16_bf16_t16x96x64x8_ks2_w1x2x1_bias0_ktail0_gm0_pft_gfx950,0.006,5.33,5328.54
gfx950,256,1,20480,7168,False,torch.bfloat16,torch.bfloat16,False,False,flydsl,173,1,42.5566,flydsl_hgemm_abf16_wbf16_bf16_t16x32x64x4_ks1_w1x1x1_bias0_ktail0_gm4_pft_gfx950,0.0,6.9,6900.38
gfx950,256,2,896,7168,False,torch.bfloat16,torch.bfloat16,False,False,flydsl,307,7,6.0704,flydsl_hgemm_abf16_wbf16_bf16_t16x32x128x7_ks7_w1x2x1_bias0_ktail0_gm0_pft_gfx950,0.0184,4.23,2121.33
gfx950,256,2,1536,7168,False,torch.bfloat16,torch.bfloat16,False,False,flydsl,807,7,7.4963,flydsl_hgemm_abf16_wbf16_bf16_t16x64x64x9_ks7_w1x2x1_bias0_ktail0_gm0_pft_gfx950,0.0192,5.87,2942.11
gfx950,256,2,2304,1536,False,torch.bfloat16,torch.bfloat16,False,False,triton,0,0,4.9891,auto,0.0,2.84,1421.75
gfx950,256,2,3072,512,False,torch.bfloat16,torch.bfloat16,False,False,flydsl,53,1,3.6314,flydsl_hgemm_abf16_wbf16_bf16_t16x16x256x3_ks1_w1x1x1_bias0_ktail0_gm0_pft_gfx950,0.0,1.73,870.21
gfx950,256,2,4480,7168,False,torch.bfloat16,torch.bfloat16,False,False,flydsl,442,7,13.8924,flydsl_hgemm_abf16_wbf16_bf16_t16x64x128x4_ks7_w1x2x2_bias0_ktail0_gm0_pft_gfx950,0.0243,9.25,4626.41
gfx950,256,2,6016,7168,False,torch.bfloat16,torch.bfloat16,False,False,flydsl,207,1,16.3068,flydsl_hgemm_abf16_wbf16_bf16_t16x32x128x5_ks1_w1x2x1_bias0_ktail0_gm0_pft_gfx950,0.0,10.58,5292.15
gfx950,256,2,6144,7168,False,torch.bfloat16,torch.bfloat16,False,False,flydsl,213,1,16.8879,flydsl_hgemm_abf16_wbf16_bf16_t16x32x128x5_ks1_w1x2x2_bias0_ktail0_gm0_pft_gfx950,0.005,10.43,5218.74
gfx950,256,2,7168,768,False,torch.bfloat16,torch.bfloat16,False,False,flydsl,233,1,4.5662,flydsl_hgemm_abf16_wbf16_bf16_t16x32x64x8_ks1_w1x2x1_bias0_ktail0_gm0_pft_gfx950,0.0,4.82,2418.16
gfx950,256,2,7168,1536,False,torch.bfloat16,torch.bfloat16,False,False,flydsl,330,1,6.1341,flydsl_hgemm_abf16_wbf16_bf16_t16x32x64x8_ks1_w1x2x1_bias0_ktail0_gm0_pft_gfx950,0.0,7.18,3595.46
gfx950,256,2,7168,3584,False,torch.bfloat16,torch.bfloat16,False,False,flydsl,236,1,10.6225,flydsl_hgemm_abf16_wbf16_bf16_t16x32x256x3_ks1_w1x2x1_bias0_ktail0_gm0_pft_gfx950,0.0,9.67,4840.97
gfx950,256,2,7168,4224,False,torch.bfloat16,torch.bfloat16,False,False,flydsl,155,1,12.249,flydsl_hgemm_abf16_wbf16_bf16_t16x32x128x8_ks1_w1x2x1_bias0_ktail0_gm0_pft_gfx950,0.0,9.89,4947.41
gfx950,256,2,7168,35840,False,torch.bfloat16,torch.bfloat16,False,False,flydsl,94,4,85.2097,flydsl_hgemm_abf16_wbf16_bf16_t16x128x64x5_ks4_w1x2x1_bias0_ktail0_gm0_pft_gfx950,0.0184,12.06,6031.88
gfx950,256,2,8448,7168,False,torch.bfloat16,torch.bfloat16,False,False,flydsl,573,2,22.8156,flydsl_hgemm_abf16_wbf16_bf16_t16x96x64x5_ks2_w1x2x1_bias0_ktail0_gm0_pft_gfx950,0.006,10.62,5310.97
gfx950,256,2,20480,7168,False,torch.bfloat16,torch.bfloat16,False,False,flydsl,373,1,48.4332,flydsl_hgemm_abf16_wbf16_bf16_t16x96x64x5_ks1_w1x2x1_bias0_ktail0_gm0_pft_gfx950,0.0,12.12,6064.27
gfx950,256,4,896,7168,False,torch.bfloat16,torch.bfloat16,False,False,flydsl,275,7,6.0958,flydsl_hgemm_abf16_wbf16_bf16_t16x32x128x5_ks7_w1x2x1_bias0_ktail0_gm0_pft_gfx950,0.0184,8.43,2117.78
gfx950,256,4,1536,7168,False,torch.bfloat16,torch.bfloat16,False,False,flydsl,543,7,7.5227,flydsl_hgemm_abf16_wbf16_bf16_t16x64x128x4_ks7_w1x2x1_bias0_ktail0_gm0_pft_gfx950,0.0186,11.71,2936.41
gfx950,256,4,2304,1536,False,torch.bfloat16,torch.bfloat16,False,False,flydsl,133,1,5.0147,flydsl_hgemm_abf16_wbf16_bf16_t16x16x256x5_ks1_w1x1x2_bias0_ktail0_gm0_pft_gfx950,0.0034,5.65,1417.55
gfx950,256,4,3072,512,False,torch.bfloat16,torch.bfloat16,False,False,flydsl,73,1,3.7038,flydsl_hgemm_abf16_wbf16_bf16_t16x16x64x9_ks1_w1x1x1_bias0_ktail0_gm0_pft_gfx950,0.0,3.4,857.07
gfx950,256,4,4480,7168,False,torch.bfloat16,torch.bfloat16,False,False,flydsl,25,7,13.982,flydsl_hgemm_abf16_wbf16_bf16_t16x128x128x3_ks7_w1x2x2_bias0_ktail0_gm0_pft_gfx950,0.0263,18.37,4600.09
gfx950,256,4,6016,7168,False,torch.bfloat16,torch.bfloat16,False,False,flydsl,226,1,16.1489,flydsl_hgemm_abf16_wbf16_bf16_t16x32x128x7_ks1_w1x2x1_bias0_ktail0_gm0_pft_gfx950,0.0,21.36,5347.17
gfx950,256,4,6144,7168,False,torch.bfloat16,torch.bfloat16,False,False,flydsl,256,1,16.6837,flydsl_hgemm_abf16_wbf16_bf16_t16x32x256x4_ks1_w1x1x2_bias0_ktail0_gm0_pft_gfx950,0.0049,21.12,5285.81
gfx950,256,4,7168,768,False,torch.bfloat16,torch.bfloat16,False,False,flydsl,151,1,4.6514,flydsl_hgemm_abf16_wbf16_bf16_t16x32x128x4_ks1_w1x2x1_bias0_ktail0_gm0_pft_gfx950,0.0,9.47,2380.69
gfx950,256,4,7168,1536,False,torch.bfloat16,torch.bfloat16,False,False,flydsl,330,1,6.1595,flydsl_hgemm_abf16_wbf16_bf16_t16x32x64x8_ks1_w1x2x1_bias0_ktail0_gm0_pft_gfx950,0.0,14.3,3586.29
gfx950,256,4,7168,3584,False,torch.bfloat16,torch.bfloat16,False,False,flydsl,236,1,10.688,flydsl_hgemm_abf16_wbf16_bf16_t16x32x256x3_ks1_w1x2x1_bias0_ktail0_gm0_pft_gfx950,0.0,19.23,4815.33
gfx950,256,4,7168,4224,False,torch.bfloat16,torch.bfloat16,False,False,flydsl,149,1,12.3502,flydsl_hgemm_abf16_wbf16_bf16_t16x32x128x7_ks1_w1x2x1_bias0_ktail0_gm0_pft_gfx950,0.0,19.61,4910.56
gfx950,256,4,7168,35840,False,torch.bfloat16,torch.bfloat16,False,False,flydsl,354,4,85.868,flydsl_hgemm_abf16_wbf16_bf16_t16x64x128x2_ks4_w1x2x2_bias0_ktail0_gm0_pft_gfx950,0.0254,23.93,5987.64
gfx950,256,4,8448,7168,False,torch.bfloat16,torch.bfloat16,False,False,flydsl,549,2,23.1943,flydsl_hgemm_abf16_wbf16_bf16_t16x96x128x3_ks2_w1x2x1_bias0_ktail0_gm0_pft_gfx950,0.0063,20.89,5226.95
gfx950,256,4,20480,7168,False,torch.bfloat16,torch.bfloat16,False,False,flydsl,355,1,48.435,flydsl_hgemm_abf16_wbf16_bf16_t16x96x128x3_ks1_w1x2x1_bias0_ktail0_gm0_pft_gfx950,0.0,24.25,6066.33
gfx950,256,6,896,7168,False,torch.bfloat16,torch.bfloat16,False,False,flydsl,3044,8,6.5297,flydsl_gemm5_abf16_wbf16_bf16_t16x64x128_split_k8_block_m_warp1_block_n_warp1_block_k_warp2_async_copyTrue_b_to_ldsTrue_b_preshuffleFalse_c_to_ldsFalse_gfx950,0.029,11.8,1981.99
gfx950,256,6,1536,128,False,torch.bfloat16,torch.bfloat16,False,False,triton,0,0,3.4666,auto,0.0,0.68,119.19
gfx950,256,6,1536,1536,False,torch.bfloat16,torch.bfloat16,False,False,flydsl,4993,4,4.7998,flydsl_gemm5_abf16_wbf16_bf16_t16x64x64_split_k4_block_m_warp1_block_n_warp2_block_k_warp1_async_copyTrue_b_to_ldsTrue_b_preshuffleFalse_c_to_ldsFalse_gfx950,0.0074,5.9,990.76
gfx950,256,6,1536,7168,False,torch.bfloat16,torch.bfloat16,False,False,flydsl,4477,7,7.3,flydsl_gemm6_abf16_wbf16_bf16_t16x64x128_split_k7_block_m_warp1_block_n_warp2_block_k_warp1_async_copyTrue_b_to_ldsTrue_b_preshuffleFalse_c_to_ldsFalse_gfx950,0.0195,18.1,3030.76
gfx950,256,6,2112,7168,False,torch.bfloat16,torch.bfloat16,False,False,flydsl,627,7,8.5299,flydsl_gemm3_abf16_wbf16_bf16_t16x64x128_split_k7_block_m_warp1_block_n_warp2_block_k_warp1_async_copyTrue_b_to_ldsTrue_b_preshuffleFalse_c_to_ldsFalse_gfx950,0.0189,21.3,3562.64
gfx950,256,6,2304,1536,False,torch.bfloat16,torch.bfloat16,False,False,flydsl,5799,4,5.0811,flydsl_gemm6_abf16_wbf16_bf16_t16x64x64_split_k4_block_m_warp1_block_n_warp1_block_k_warp1_async_copyTrue_b_to_ldsTrue_b_preshuffleFalse_c_to_ldsFalse_gfx950,0.0074,8.36,1402.05
gfx950,256,6,3072,512,False,torch.bfloat16,torch.bfloat16,False,False,flydsl,3132,1,3.9756,flydsl_gemm6_abf16_wbf16_bf16_t16x64x64_split_k1_block_m_warp1_block_n_warp2_block_k_warp1_async_copyTrue_b_to_ldsTrue_b_preshuffleFalse_c_to_ldsFalse_gfx950,0.0,4.75,802.08
gfx950,256,6,3584,7168,False,torch.bfloat16,torch.bfloat16,False,False,flydsl,3889,4,10.7014,flydsl_gemm5_abf16_wbf16_bf16_t16x64x64_split_k4_block_m_warp1_block_n_warp2_block_k_warp1_async_copyTrue_b_to_ldsTrue_b_preshuffleFalse_c_to_ldsFalse_gfx950,0.0143,28.81,4813.32
gfx950,256,6,6288,7168,False,torch.bfloat16,torch.bfloat16,False,False,torch,0,0,22.0727,native,0.0,24.5,4091.31
gfx950,256,6,7168,768,False,torch.bfloat16,torch.bfloat16,False,False,flydsl,5329,1,4.9154,flydsl_gemm8_abf16_wbf16_bf16_t16x64x64_split_k1_block_m_warp1_block_n_warp2_block_k_warp1_async_copyTrue_b_to_ldsTrue_b_preshuffleFalse_c_to_ldsFalse_gfx950,0.0,13.44,2259.28
gfx950,256,6,7168,1024,False,torch.bfloat16,torch.bfloat16,False,False,flydsl,4183,1,5.5295,flydsl_gemm8_abf16_wbf16_bf16_t16x64x64_split_k1_block_m_warp1_block_n_warp2_block_k_warp1_async_copyTrue_b_to_ldsTrue_b_preshuffleFalse_c_to_ldsFalse_gfx950,0.0,15.93,2672.64
gfx950,256,6,7168,1536,False,torch.bfloat16,torch.bfloat16,False,False,flydsl,6849,2,7.047,flydsl_gemm8_abf16_wbf16_bf16_t16x64x64_split_k2_block_m_warp1_block_n_warp1_block_k_warp1_async_copyTrue_b_to_ldsTrue_b_preshuffleFalse_c_to_ldsFalse_gfx950,0.0027,18.75,3139.57
gfx950,256,6,7168,4224,False,torch.bfloat16,torch.bfloat16,False,False,flydsl,4187,2,13.1663,flydsl_gemm8_abf16_wbf16_bf16_t16x64x64_split_k2_block_m_warp1_block_n_warp1_block_k_warp2_async_copyTrue_b_to_ldsTrue_b_preshuffleFalse_c_to_ldsFalse_gfx950,0.0117,27.6,4609.64
gfx950,256,6,8448,7168,False,torch.bfloat16,torch.bfloat16,False,False,flydsl,2975,7,23.7553,flydsl_gemm4_abf16_wbf16_bf16_t16x256x64_split_k7_block_m_warp1_block_n_warp2_block_k_warp1_async_copyTrue_b_to_ldsTrue_b_preshuffleFalse_c_to_ldsFalse_gfx950,0.0189,30.59,5106.14
gfx950,256,6,20480,7168,False,torch.bfloat16,torch.bfloat16,False,False,triton,0,0,53.2219,auto,0.0,33.1,5522.78
gfx950,256,7,896,7168,False,torch.bfloat16,torch.bfloat16,False,False,flydsl,4424,8,6.6839,flydsl_gemm8_abf16_wbf16_bf16_t16x64x64_split_k8_block_m_warp1_block_n_warp1_block_k_warp2_async_copyTrue_b_to_ldsTrue_b_preshuffleFalse_c_to_ldsFalse_gfx950,0.026,13.45,1938.68
gfx950,256,7,1536,128,False,torch.bfloat16,torch.bfloat16,False,False,triton,0,0,2.9739,auto,0.0,0.93,140.06
gfx950,256,7,1536,7168,False,torch.bfloat16,torch.bfloat16,False,False,flydsl,5257,7,7.3285,flydsl_gemm8_abf16_wbf16_bf16_t16x64x64_split_k7_block_m_warp1_block_n_warp2_block_k_warp1_async_copyTrue_b_to_ldsTrue_b_preshuffleFalse_c_to_ldsFalse_gfx950,0.0177,21.03,3021.35
gfx950,256,7,2112,7168,False,torch.bfloat16,torch.bfloat16,False,False,flydsl,2227,7,8.5695,flydsl_gemm7_abf16_wbf16_bf16_t16x64x128_split_k7_block_m_warp1_block_n_warp2_block_k_warp1_async_copyTrue_b_to_ldsTrue_b_preshuffleFalse_c_to_ldsFalse_gfx950,0.0175,24.73,3548.35
gfx950,256,7,2304,1536,False,torch.bfloat16,torch.bfloat16,False,False,flydsl,5799,4,5.1313,flydsl_gemm6_abf16_wbf16_bf16_t16x64x64_split_k4_block_m_warp1_block_n_warp1_block_k_warp1_async_copyTrue_b_to_ldsTrue_b_preshuffleFalse_c_to_ldsFalse_gfx950,0.0076,9.66,1389.83
gfx950,256,7,3072,512,False,torch.bfloat16,torch.bfloat16,False,False,flydsl,3729,1,4.0257,flydsl_gemm8_abf16_wbf16_bf16_t16x64x64_split_k1_block_m_warp1_block_n_warp2_block_k_warp1_async_copyTrue_b_to_ldsTrue_b_preshuffleFalse_c_to_ldsFalse_gfx950,0.0,5.47,793.88
gfx950,256,7,3584,7168,False,torch.bfloat16,torch.bfloat16,False,False,flydsl,5238,4,10.8765,flydsl_gemm8_abf16_wbf16_bf16_t16x64x128_split_k4_block_m_warp1_block_n_warp1_block_k_warp2_async_copyTrue_b_to_ldsTrue_b_preshuffleFalse_c_to_ldsFalse_gfx950,0.0199,33.07,4737.81
gfx950,256,7,6288,7168,False,torch.bfloat16,torch.bfloat16,False,False,torch,0,0,22.0707,native,0.0,28.59,4092.9
gfx950,256,7,7168,768,False,torch.bfloat16,torch.bfloat16,False,False,flydsl,2830,1,4.916,flydsl_gemm4_abf16_wbf16_bf16_t16x64x128_split_k1_block_m_warp1_block_n_warp2_block_k_warp1_async_copyTrue_b_to_ldsTrue_b_preshuffleFalse_c_to_ldsFalse_gfx950,0.0,15.68,2262.24
gfx950,256,7,7168,1536,False,torch.bfloat16,torch.bfloat16,False,False,flydsl,3790,2,7.0572,flydsl_gemm4_abf16_wbf16_bf16_t16x64x128_split_k2_block_m_warp1_block_n_warp2_block_k_warp1_async_copyTrue_b_to_ldsTrue_b_preshuffleFalse_c_to_ldsFalse_gfx950,0.0026,21.84,3137.5
gfx950,256,7,7168,4224,False,torch.bfloat16,torch.bfloat16,False,False,flydsl,2917,2,13.1957,flydsl_gemm5_abf16_wbf16_bf16_t16x64x64_split_k2_block_m_warp1_block_n_warp2_block_k_warp1_async_copyTrue_b_to_ldsTrue_b_preshuffleFalse_c_to_ldsFalse_gfx950,0.0044,32.12,4601.1
gfx950,256,7,8448,7168,False,torch.bfloat16,torch.bfloat16,False,False,flydsl,1777,7,24.0472,flydsl_gemm3_abf16_wbf16_bf16_t16x256x64_split_k7_block_m_warp1_block_n_warp2_block_k_warp1_async_copyTrue_b_to_ldsTrue_b_preshuffleFalse_c_to_ldsFalse_gfx950,0.0193,35.25,5045.46
gfx950,256,8,896,7168,False,torch.bfloat16,torch.bfloat16,False,False,flydsl,2300,7,6.6089,flydsl_gemm4_abf16_wbf16_bf16_t16x64x128_split_k7_block_m_warp1_block_n_warp2_block_k_warp1_async_copyTrue_b_to_ldsTrue_b_preshuffleFalse_c_to_ldsFalse_gfx950,0.0187,15.55,1963.12
gfx950,256,8,1536,128,False,torch.bfloat16,torch.bfloat16,False,False,triton,0,0,2.9259,auto,0.0,1.08,143.49
gfx950,256,8,1536,1536,False,torch.bfloat16,torch.bfloat16,False,False,flydsl,2237,4,5.0136,flydsl_gemm3_abf16_wbf16_bf16_t16x64x128_split_k4_block_m_warp1_block_n_warp2_block_k_warp1_async_copyTrue_b_to_ldsTrue_b_preshuffleFalse_c_to_ldsFalse_gfx950,0.0079,7.53,950.96
gfx950,256,8,1536,7168,False,torch.bfloat16,torch.bfloat16,False,False,flydsl,5260,8,7.4521,flydsl_gemm8_abf16_wbf16_bf16_t16x64x64_split_k8_block_m_warp1_block_n_warp2_block_k_warp1_async_copyTrue_b_to_ldsTrue_b_preshuffleFalse_c_to_ldsFalse_gfx950,0.0199,23.64,2973.57
gfx950,256,8,2304,1536,False,torch.bfloat16,torch.bfloat16,False,False,flydsl,5799,4,5.1801,flydsl_gemm6_abf16_wbf16_bf16_t16x64x64_split_k4_block_m_warp1_block_n_warp1_block_k_warp1_async_copyTrue_b_to_ldsTrue_b_preshuffleFalse_c_to_ldsFalse_gfx950,0.007,10.93,1378.22
gfx950,256,8,3072,512,False,torch.bfloat16,torch.bfloat16,False,False,flydsl,3132,1,3.9952,flydsl_gemm6_abf16_wbf16_bf16_t16x64x64_split_k1_block_m_warp1_block_n_warp2_block_k_warp1_async_copyTrue_b_to_ldsTrue_b_preshuffleFalse_c_to_ldsFalse_gfx950,0.0,6.3,801.73
gfx950,256,8,3584,7168,False,torch.bfloat16,torch.bfloat16,False,False,flydsl,3873,4,10.9902,flydsl_gemm5_abf16_wbf16_bf16_t16x64x128_split_k4_block_m_warp1_block_n_warp1_block_k_warp2_async_copyTrue_b_to_ldsTrue_b_preshuffleFalse_c_to_ldsFalse_gfx950,0.0209,37.4,4690.75
gfx950,256,8,4480,7168,False,torch.bfloat16,torch.bfloat16,False,False,flydsl,41,7,14.1873,flydsl_hgemm_abf16_wbf16_bf16_t16x128x128x4_ks7_w1x4x1_bias0_ktail0_gm0_pft_gfx950,0.0184,36.22,4540.09
gfx950,256,8,6016,7168,False,torch.bfloat16,torch.bfloat16,False,False,flydsl,256,1,16.6913,flydsl_hgemm_abf16_wbf16_bf16_t16x32x256x4_ks1_w1x1x2_bias0_ktail0_gm0_pft_gfx950,0.0054,41.34,5179.72
gfx950,256,8,6144,7168,False,torch.bfloat16,torch.bfloat16,False,False,flydsl,232,1,16.8125,flydsl_hgemm_abf16_wbf16_bf16_t16x32x128x8_ks1_w1x2x1_bias0_ktail0_gm0_pft_gfx950,0.0,41.91,5251.65
gfx950,256,8,6288,7168,False,torch.bfloat16,torch.bfloat16,False,False,torch,0,0,22.1946,native,0.0,32.49,4071.26
gfx950,256,8,7168,768,False,torch.bfloat16,torch.bfloat16,False,False,flydsl,4963,1,4.9508,flydsl_gemm7_abf16_wbf16_bf16_t16x64x64_split_k1_block_m_warp1_block_n_warp2_block_k_warp1_async_copyTrue_b_to_ldsTrue_b_preshuffleFalse_c_to_ldsFalse_gfx950,0.0,17.79,2249.54
gfx950,256,8,7168,1024,False,torch.bfloat16,torch.bfloat16,False,False,flydsl,2370,1,5.5798,flydsl_gemm4_abf16_wbf16_bf16_t16x64x128_split_k1_block_m_warp1_block_n_warp2_block_k_warp1_async_copyTrue_b_to_ldsTrue_b_preshuffleFalse_c_to_ldsFalse_gfx950,0.0,21.05,2654.42
gfx950,256,8,7168,1536,False,torch.bfloat16,torch.bfloat16,False,False,flydsl,6851,2,7.1577,flydsl_gemm8_abf16_wbf16_bf16_t16x64x64_split_k2_block_m_warp1_block_n_warp2_block_k_warp1_async_copyTrue_b_to_ldsTrue_b_preshuffleFalse_c_to_ldsFalse_gfx950,0.0026,24.61,3095.88
gfx950,256,8,7168,1792,False,torch.bfloat16,torch.bfloat16,False,False,flydsl,3486,2,7.6602,flydsl_gemm7_abf16_wbf16_bf16_t16x64x64_split_k2_block_m_warp1_block_n_warp1_block_k_warp2_async_copyTrue_b_to_ldsTrue_b_preshuffleFalse_c_to_ldsFalse_gfx950,0.0089,26.83,3372.43
gfx950,256,8,7168,3584,False,torch.bfloat16,torch.bfloat16,False,False,flydsl,243,1,10.7643,flydsl_hgemm_abf16_wbf16_bf16_t16x32x256x4_ks1_w1x2x1_bias0_ktail0_gm0_pft_gfx950,0.0,38.19,4789.19
gfx950,256,8,7168,4224,False,torch.bfloat16,torch.bfloat16,False,False,flydsl,3884,2,13.1426,flydsl_gemm7_abf16_wbf16_bf16_t16x64x64_split_k2_block_m_warp1_block_n_warp2_block_k_warp1_async_copyTrue_b_to_ldsTrue_b_preshuffleFalse_c_to_ldsFalse_gfx950,0.0043,36.86,4621.42
gfx950,256,8,7168,35840,False,torch.bfloat16,torch.bfloat16,False,False,flydsl,112,4,85.5868,flydsl_hgemm_abf16_wbf16_bf16_t16x128x64x8_ks4_w1x2x1_bias0_ktail0_gm0_pft_gfx950,0.0186,48.03,6011.33
gfx950,256,8,8448,7168,False,torch.bfloat16,torch.bfloat16,False,False,flydsl,1762,7,24.5441,flydsl_gemm3_abf16_wbf16_bf16_t16x128x64_split_k7_block_m_warp1_block_n_warp2_block_k_warp1_async_copyTrue_b_to_ldsTrue_b_preshuffleFalse_c_to_ldsFalse_gfx950,0.0191,39.48,4944.58
gfx950,256,8,20480,7168,False,torch.bfloat16,torch.bfloat16,False,False,flydsl,2924,1,50.5016,flydsl_gemm4_abf16_wbf16_bf16_t16x128x128_split_k1_block_m_warp1_block_n_warp4_block_k_warp1_async_copyTrue_b_to_ldsTrue_b_preshuffleFalse_c_to_ldsFalse_gfx950,0.0,46.51,5822.46
gfx950,256,9,896,7168,False,torch.bfloat16,torch.bfloat16,False,False,flydsl,4423,8,6.7337,flydsl_gemm8_abf16_wbf16_bf16_t16x64x64_split_k8_block_m_warp1_block_n_warp1_block_k_warp1_async_copyTrue_b_to_ldsTrue_b_preshuffleFalse_c_to_ldsFalse_gfx950,0.0205,17.17,1929.13
gfx950,256,9,1536,128,False,torch.bfloat16,torch.bfloat16,False,False,flydsl,29,1,2.9628,flydsl_gemm2_abf16_wbf16_bf16_t16x64x64_split_k1_block_m_warp1_block_n_warp2_block_k_warp1_async_copyTrue_b_to_ldsTrue_b_preshuffleFalse_c_to_ldsFalse_gfx950,0.0,1.19,142.83
gfx950,256,9,1536,7168,False,torch.bfloat16,torch.bfloat16,False,False,flydsl,4492,7,7.4433,flydsl_gemm6_abf16_wbf16_bf16_t16x64x64_split_k7_block_m_warp1_block_n_warp2_block_k_warp1_async_copyTrue_b_to_ldsTrue_b_preshuffleFalse_c_to_ldsFalse_gfx950,0.0183,26.63,2979.43
gfx950,256,9,2112,7168,False,torch.bfloat16,torch.bfloat16,False,False,flydsl,1582,7,8.854,flydsl_gemm5_abf16_wbf16_bf16_t16x64x64_split_k7_block_m_warp1_block_n_warp2_block_k_warp1_async_copyTrue_b_to_ldsTrue_b_preshuffleFalse_c_to_ldsFalse_gfx950,0.0175,30.78,3438.52
gfx950,256,9,2304,1536,False,torch.bfloat16,torch.bfloat16,False,False,flydsl,4992,4,5.2883,flydsl_gemm5_abf16_wbf16_bf16_t16x64x64_split_k4_block_m_warp1_block_n_warp1_block_k_warp2_async_copyTrue_b_to_ldsTrue_b_preshuffleFalse_c_to_ldsFalse_gfx950,0.015,12.05,1351.48
gfx950,256,9,2880,7168,False,torch.bfloat16,torch.bfloat16,False,False,flydsl,2239,4,10.1317,flydsl_gemm7_abf16_wbf16_bf16_t16x64x64_split_k4_block_m_warp1_block_n_warp2_block_k_warp1_async_copyTrue_b_to_ldsTrue_b_preshuffleFalse_c_to_ldsFalse_gfx950,0.0121,36.68,4092.95
gfx950,256,9,3072,512,False,torch.bfloat16,torch.bfloat16,False,False,triton,0,0,3.6684,auto,0.0,7.72,875.11
gfx950,256,9,3584,7168,False,torch.bfloat16,torch.bfloat16,False,False,flydsl,4489,4,10.9144,flydsl_gemm6_abf16_wbf16_bf16_t16x64x64_split_k4_block_m_warp1_block_n_warp2_block_k_warp1_async_copyTrue_b_to_ldsTrue_b_preshuffleFalse_c_to_ldsFalse_gfx950,0.0131,42.37,4725.3
gfx950,256,9,6288,7168,False,torch.bfloat16,torch.bfloat16,False,False,torch,0,0,22.5143,native,0.0,36.04,4014.65
gfx950,256,9,7168,768,False,torch.bfloat16,torch.bfloat16,False,False,flydsl,4441,1,4.9355,flydsl_gemm6_abf16_wbf16_bf16_t16x64x64_split_k1_block_m_warp1_block_n_warp2_block_k_warp1_async_copyTrue_b_to_ldsTrue_b_preshuffleFalse_c_to_ldsFalse_gfx950,0.0,20.08,2259.73
gfx950,256,9,7168,1536,False,torch.bfloat16,torch.bfloat16,False,False,flydsl,6851,2,7.2503,flydsl_gemm8_abf16_wbf16_bf16_t16x64x64_split_k2_block_m_warp1_block_n_warp2_block_k_warp1_async_copyTrue_b_to_ldsTrue_b_preshuffleFalse_c_to_ldsFalse_gfx950,0.0026,27.33,3058.74
gfx950,256,9,7168,4224,False,torch.bfloat16,torch.bfloat16,False,False,flydsl,3883,2,13.1441,flydsl_gemm7_abf16_wbf16_bf16_t16x64x64_split_k2_block_m_warp1_block_n_warp1_block_k_warp2_async_copyTrue_b_to_ldsTrue_b_preshuffleFalse_c_to_ldsFalse_gfx950,0.0115,41.46,4622.63
gfx950,256,9,7168,35840,False,torch.bfloat16,torch.bfloat16,False,False,flydsl,4138,4,84.5797,flydsl_gemm4_abf16_wbf16_bf16_t16x128x128_split_k4_block_m_warp1_block_n_warp2_block_k_warp1_async_copyTrue_b_to_ldsTrue_b_preshuffleFalse_c_to_ldsFalse_gfx950,0.018,54.67,6083.92
gfx950,256,9,8448,7168,False,torch.bfloat16,torch.bfloat16,False,False,flydsl,2975,7,24.6898,flydsl_gemm4_abf16_wbf16_bf16_t16x256x64_split_k7_block_m_warp1_block_n_warp2_block_k_warp1_async_copyTrue_b_to_ldsTrue_b_preshuffleFalse_c_to_ldsFalse_gfx950,0.0191,44.15,4916.67
gfx950,256,9,20480,7168,False,torch.bfloat16,torch.bfloat16,False,False,flydsl,2924,1,50.7259,flydsl_gemm4_abf16_wbf16_bf16_t16x128x128_split_k1_block_m_warp1_block_n_warp4_block_k_warp1_async_copyTrue_b_to_ldsTrue_b_preshuffleFalse_c_to_ldsFalse_gfx950,0.0,52.09,5797.81
gfx950,256,10,1536,128,False,torch.bfloat16,torch.bfloat16,False,False,triton,0,0,2.9218,auto,0.0,1.35,145.97
gfx950,256,10,1536,7168,False,torch.bfloat16,torch.bfloat16,False,False,flydsl,5257,7,7.5688,flydsl_gemm8_abf16_wbf16_bf16_t16x64x64_split_k7_block_m_warp1_block_n_warp2_block_k_warp1_async_copyTrue_b_to_ldsTrue_b_preshuffleFalse_c_to_ldsFalse_gfx950,0.0199,29.09,2932.32
gfx950,256,10,2112,7168,False,torch.bfloat16,torch.bfloat16,False,False,flydsl,1946,7,8.9024,flydsl_gemm6_abf16_wbf16_bf16_t16x64x128_split_k7_block_m_warp1_block_n_warp1_block_k_warp2_async_copyTrue_b_to_ldsTrue_b_preshuffleFalse_c_to_ldsFalse_gfx950,0.0246,34.01,3421.91
gfx950,256,10,2880,7168,False,torch.bfloat16,torch.bfloat16,False,False,flydsl,2239,4,10.2432,flydsl_gemm7_abf16_wbf16_bf16_t16x64x64_split_k4_block_m_warp1_block_n_warp2_block_k_warp1_async_copyTrue_b_to_ldsTrue_b_preshuffleFalse_c_to_ldsFalse_gfx950,0.0125,40.31,4050.36
gfx950,256,10,3072,512,False,torch.bfloat16,torch.bfloat16,False,False,triton,0,0,3.7498,auto,0.0,8.39,858.02
gfx950,256,10,3584,7168,False,torch.bfloat16,torch.bfloat16,False,False,flydsl,3873,4,11.5174,flydsl_gemm5_abf16_wbf16_bf16_t16x64x128_split_k4_block_m_warp1_block_n_warp1_block_k_warp2_async_copyTrue_b_to_ldsTrue_b_preshuffleFalse_c_to_ldsFalse_gfx950,0.0213,44.61,4479.77
gfx950,256,10,6288,7168,False,torch.bfloat16,torch.bfloat16,False,False,torch,0,0,19.2474,native,0.0,46.83,4697.46
gfx950,256,10,7168,1536,False,torch.bfloat16,torch.bfloat16,False,False,flydsl,6420,2,7.2367,flydsl_gemm7_abf16_wbf16_bf16_t16x64x64_split_k2_block_m_warp1_block_n_warp2_block_k_warp1_async_copyTrue_b_to_ldsTrue_b_preshuffleFalse_c_to_ldsFalse_gfx950,0.0027,30.43,3066.89
gfx950,256,10,7168,4224,False,torch.bfloat16,torch.bfloat16,False,False,flydsl,2110,3,13.4078,flydsl_gemm4_abf16_wbf16_bf16_t16x128x128_split_k3_block_m_warp1_block_n_warp4_block_k_warp1_async_copyTrue_b_to_ldsTrue_b_preshuffleFalse_c_to_ldsFalse_gfx950,0.0087,45.16,4533.41
gfx950,256,10,7168,35840,False,torch.bfloat16,torch.bfloat16,False,False,torch,0,0,84.2659,native,0.0,60.97,6107.6
gfx950,256,10,8448,7168,False,torch.bfloat16,torch.bfloat16,False,False,flydsl,23,7,24.8966,flydsl_gemm2_abf16_wbf16_bf16_t16x128x128_split_k7_block_m_warp1_block_n_warp4_block_k_warp1_async_copyTrue_b_to_ldsTrue_b_preshuffleFalse_c_to_ldsFalse_gfx950,0.0197,48.65,4877.09
gfx950,256,10,20480,7168,False,torch.bfloat16,torch.bfloat16,False,False,flydsl,2922,1,50.9063,flydsl_gemm4_abf16_wbf16_bf16_t16x128x128_split_k1_block_m_warp1_block_n_warp2_block_k_warp1_async_copyTrue_b_to_ldsTrue_b_preshuffleFalse_c_to_ldsFalse_gfx950,0.0,57.67,5778.35
gfx950,256,11,1536,128,False,torch.bfloat16,torch.bfloat16,False,False,flydsl,29,1,2.9674,flydsl_gemm2_abf16_wbf16_bf16_t16x64x64_split_k1_block_m_warp1_block_n_warp2_block_k_warp1_async_copyTrue_b_to_ldsTrue_b_preshuffleFalse_c_to_ldsFalse_gfx950,0.0,1.46,144.85
gfx950,256,11,1536,7168,False,torch.bfloat16,torch.bfloat16,False,False,flydsl,5257,7,7.5949,flydsl_gemm8_abf16_wbf16_bf16_t16x64x64_split_k7_block_m_warp1_block_n_warp2_block_k_warp1_async_copyTrue_b_to_ldsTrue_b_preshuffleFalse_c_to_ldsFalse_gfx950,0.0184,31.89,2924.54
gfx950,256,11,2112,7168,False,torch.bfloat16,torch.bfloat16,False,False,flydsl,1962,7,8.7474,flydsl_gemm6_abf16_wbf16_bf16_t16x64x64_split_k7_block_m_warp1_block_n_warp2_block_k_warp1_async_copyTrue_b_to_ldsTrue_b_preshuffleFalse_c_to_ldsFalse_gfx950,0.0189,38.07,3484.67
gfx950,256,11,3584,7168,False,torch.bfloat16,torch.bfloat16,False,False,flydsl,4928,4,11.5793,flydsl_gemm7_abf16_wbf16_bf16_t16x64x128_split_k4_block_m_warp1_block_n_warp1_block_k_warp2_async_copyTrue_b_to_ldsTrue_b_preshuffleFalse_c_to_ldsFalse_gfx950,0.0208,48.81,4457.68
gfx950,256,11,6288,7168,False,torch.bfloat16,torch.bfloat16,False,False,torch,0,0,19.3308,native,0.0,51.3,4678.59
gfx950,256,11,7168,1536,False,torch.bfloat16,torch.bfloat16,False,False,flydsl,6851,2,7.3214,flydsl_gemm8_abf16_wbf16_bf16_t16x64x64_split_k2_block_m_warp1_block_n_warp2_block_k_warp1_async_copyTrue_b_to_ldsTrue_b_preshuffleFalse_c_to_ldsFalse_gfx950,0.0027,33.08,3033.79
gfx950,256,11,7168,4224,False,torch.bfloat16,torch.bfloat16,False,False,flydsl,4188,2,13.3388,flydsl_gemm8_abf16_wbf16_bf16_t16x64x64_split_k2_block_m_warp1_block_n_warp2_block_k_warp1_async_copyTrue_b_to_ldsTrue_b_preshuffleFalse_c_to_ldsFalse_gfx950,0.0045,49.94,4558.57
gfx950,256,11,8448,7168,False,torch.bfloat16,torch.bfloat16,False,False,flydsl,23,7,25.1917,flydsl_gemm2_abf16_wbf16_bf16_t16x128x128_split_k7_block_m_warp1_block_n_warp4_block_k_warp1_async_copyTrue_b_to_ldsTrue_b_preshuffleFalse_c_to_ldsFalse_gfx950,0.0198,52.88,4821.19
gfx950,256,12,1536,128,False,torch.bfloat16,torch.bfloat16,False,False,flydsl,29,1,2.919,flydsl_gemm2_abf16_wbf16_bf16_t16x64x64_split_k1_block_m_warp1_block_n_warp2_block_k_warp1_async_copyTrue_b_to_ldsTrue_b_preshuffleFalse_c_to_ldsFalse_gfx950,0.0,1.62,148.39
gfx950,256,12,1536,7168,False,torch.bfloat16,torch.bfloat16,False,False,flydsl,3895,8,7.8786,flydsl_gemm5_abf16_wbf16_bf16_t16x64x64_split_k8_block_m_warp1_block_n_warp2_block_k_warp1_async_copyTrue_b_to_ldsTrue_b_preshuffleFalse_c_to_ldsFalse_gfx950,0.0219,33.54,2821.44
gfx950,256,12,2112,7168,False,torch.bfloat16,torch.bfloat16,False,False,flydsl,1962,7,8.85,flydsl_gemm6_abf16_wbf16_bf16_t16x64x64_split_k7_block_m_warp1_block_n_warp2_block_k_warp1_async_copyTrue_b_to_ldsTrue_b_preshuffleFalse_c_to_ldsFalse_gfx950,0.0195,41.05,3446.37
gfx950,256,12,3072,512,False,torch.bfloat16,torch.bfloat16,False,False,triton,0,0,3.7939,auto,0.0,9.95,851.83
gfx950,256,12,3584,7168,False,torch.bfloat16,torch.bfloat16,False,False,flydsl,4474,4,11.6477,flydsl_gemm6_abf16_wbf16_bf16_t16x64x128_split_k4_block_m_warp1_block_n_warp2_block_k_warp1_async_copyTrue_b_to_ldsTrue_b_preshuffleFalse_c_to_ldsFalse_gfx950,0.0134,52.93,4433.34
gfx950,256,12,6288,7168,False,torch.bfloat16,torch.bfloat16,False,False,torch,0,0,20.4411,native,0.0,52.92,4425.78
gfx950,256,12,7168,1536,False,torch.bfloat16,torch.bfloat16,False,False,flydsl,6420,2,7.3912,flydsl_gemm7_abf16_wbf16_bf16_t16x64x64_split_k2_block_m_warp1_block_n_warp2_block_k_warp1_async_copyTrue_b_to_ldsTrue_b_preshuffleFalse_c_to_ldsFalse_gfx950,0.0028,35.75,3007.49
gfx950,256,12,7168,4224,False,torch.bfloat16,torch.bfloat16,False,False,flydsl,3453,2,13.5016,flydsl_gemm6_abf16_wbf16_bf16_t16x64x64_split_k2_block_m_warp1_block_n_warp2_block_k_warp1_async_copyTrue_b_to_ldsTrue_b_preshuffleFalse_c_to_ldsFalse_gfx950,0.0046,53.82,4505.29
gfx950,256,12,8448,7168,False,torch.bfloat16,torch.bfloat16,False,False,flydsl,22,7,25.1974,flydsl_gemm2_abf16_wbf16_bf16_t16x128x128_split_k7_block_m_warp1_block_n_warp2_block_k_warp2_async_copyTrue_b_to_ldsTrue_b_preshuffleFalse_c_to_ldsFalse_gfx950,0.0267,57.68,4821.34
gfx950,256,13,1536,128,False,torch.bfloat16,torch.bfloat16,False,False,triton,0,0,3.0114,auto,0.0,1.7,144.94
gfx950,256,13,1536,7168,False,torch.bfloat16,torch.bfloat16,False,False,flydsl,5257,7,7.7669,flydsl_gemm8_abf16_wbf16_bf16_t16x64x64_split_k7_block_m_warp1_block_n_warp2_block_k_warp1_async_copyTrue_b_to_ldsTrue_b_preshuffleFalse_c_to_ldsFalse_gfx950,0.0194,36.86,2864.26
gfx950,256,13,2112,7168,False,torch.bfloat16,torch.bfloat16,False,False,flydsl,1962,7,9.035,flydsl_gemm6_abf16_wbf16_bf16_t16x64x64_split_k7_block_m_warp1_block_n_warp2_block_k_warp1_async_copyTrue_b_to_ldsTrue_b_preshuffleFalse_c_to_ldsFalse_gfx950,0.0203,43.56,3377.85
gfx950,256,13,3584,7168,False,torch.bfloat16,torch.bfloat16,False,False,flydsl,4942,4,11.7528,flydsl_gemm7_abf16_wbf16_bf16_t16x64x64_split_k4_block_m_warp1_block_n_warp1_block_k_warp1_async_copyTrue_b_to_ldsTrue_b_preshuffleFalse_c_to_ldsFalse_gfx950,0.0134,56.83,4395.53
gfx950,256,13,6288,7168,False,torch.bfloat16,torch.bfloat16,False,False,torch,0,0,19.9295,native,0.0,58.8,4540.74
gfx950,256,13,7168,1536,False,torch.bfloat16,torch.bfloat16,False,False,flydsl,2231,2,7.4875,flydsl_gemm3_abf16_wbf16_bf16_t16x64x128_split_k2_block_m_warp1_block_n_warp2_block_k_warp1_async_copyTrue_b_to_ldsTrue_b_preshuffleFalse_c_to_ldsFalse_gfx950,0.0029,38.23,2971.14
gfx950,256,13,7168,4224,False,torch.bfloat16,torch.bfloat16,False,False,flydsl,4188,2,13.4966,flydsl_gemm8_abf16_wbf16_bf16_t16x64x64_split_k2_block_m_warp1_block_n_warp2_block_k_warp1_async_copyTrue_b_to_ldsTrue_b_preshuffleFalse_c_to_ldsFalse_gfx950,0.0046,58.33,4508.65
gfx950,256,13,8448,7168,False,torch.bfloat16,torch.bfloat16,False,False,flydsl,2958,7,25.9731,flydsl_gemm4_abf16_wbf16_bf16_t16x128x64_split_k7_block_m_warp1_block_n_warp1_block_k_warp1_async_copyTrue_b_to_ldsTrue_b_preshuffleFalse_c_to_ldsFalse_gfx950,0.0195,60.62,4678.55
gfx950,256,14,1536,128,False,torch.bfloat16,torch.bfloat16,False,False,flydsl,27,1,3.0419,flydsl_gemm2_abf16_wbf16_bf16_t16x64x64_split_k1_block_m_warp1_block_n_warp1_block_k_warp1_async_copyTrue_b_to_ldsTrue_b_preshuffleFalse_c_to_ldsFalse_gfx950,0.0,1.81,144.58
gfx950,256,14,1536,7168,False,torch.bfloat16,torch.bfloat16,False,False,flydsl,2990,7,7.8813,flydsl_gemm4_abf16_wbf16_bf16_t16x64x128_split_k7_block_m_warp1_block_n_warp2_block_k_warp1_async_copyTrue_b_to_ldsTrue_b_preshuffleFalse_c_to_ldsFalse_gfx950,0.0195,39.12,2824.89
gfx950,256,14,2112,7168,False,torch.bfloat16,torch.bfloat16,False,False,flydsl,1582,7,8.9795,flydsl_gemm5_abf16_wbf16_bf16_t16x64x64_split_k7_block_m_warp1_block_n_warp2_block_k_warp1_async_copyTrue_b_to_ldsTrue_b_preshuffleFalse_c_to_ldsFalse_gfx950,0.0194,47.21,3400.8
gfx950,256,14,3072,512,False,torch.bfloat16,torch.bfloat16,False,False,triton,0,0,3.8118,auto,0.0,11.55,851.59
gfx950,256,14,3584,7168,False,torch.bfloat16,torch.bfloat16,False,False,flydsl,4489,4,11.6931,flydsl_gemm6_abf16_wbf16_bf16_t16x64x64_split_k4_block_m_warp1_block_n_warp2_block_k_warp1_async_copyTrue_b_to_ldsTrue_b_preshuffleFalse_c_to_ldsFalse_gfx950,0.0139,61.52,4419.81
gfx950,256,14,6288,7168,False,torch.bfloat16,torch.bfloat16,False,False,torch,0,0,20.3344,native,0.0,62.06,4451.65
gfx950,256,14,7168,1536,False,torch.bfloat16,torch.bfloat16,False,False,flydsl,4969,2,7.5145,flydsl_gemm5_abf16_wbf16_bf16_t16x64x128_split_k2_block_m_warp1_block_n_warp2_block_k_warp1_async_copyTrue_b_to_ldsTrue_b_preshuffleFalse_c_to_ldsFalse_gfx950,0.0029,41.02,2962.78
gfx950,256,14,7168,4224,False,torch.bfloat16,torch.bfloat16,False,False,flydsl,3453,2,13.6698,flydsl_gemm6_abf16_wbf16_bf16_t16x64x64_split_k2_block_m_warp1_block_n_warp2_block_k_warp1_async_copyTrue_b_to_ldsTrue_b_preshuffleFalse_c_to_ldsFalse_gfx950,0.0047,62.02,4453.19
gfx950,256,14,8448,7168,False,torch.bfloat16,torch.bfloat16,False,False,flydsl,22,7,26.0607,flydsl_gemm2_abf16_wbf16_bf16_t16x128x128_split_k7_block_m_warp1_block_n_warp2_block_k_warp2_async_copyTrue_b_to_ldsTrue_b_preshuffleFalse_c_to_ldsFalse_gfx950,0.0263,65.06,4664.03
gfx950,256,15,1536,128,False,torch.bfloat16,torch.bfloat16,False,False,triton,0,0,3.0126,auto,0.0,1.96,147.09
gfx950,256,15,1536,7168,False,torch.bfloat16,torch.bfloat16,False,False,flydsl,3877,7,7.9057,flydsl_gemm5_abf16_wbf16_bf16_t16x64x128_split_k7_block_m_warp1_block_n_warp2_block_k_warp1_async_copyTrue_b_to_ldsTrue_b_preshuffleFalse_c_to_ldsFalse_gfx950,0.0195,41.78,2818.37
gfx950,256,15,2112,7168,False,torch.bfloat16,torch.bfloat16,False,False,flydsl,2477,7,8.9728,flydsl_gemm8_abf16_wbf16_bf16_t16x64x64_split_k7_block_m_warp1_block_n_warp2_block_k_warp1_async_copyTrue_b_to_ldsTrue_b_preshuffleFalse_c_to_ldsFalse_gfx950,0.0195,50.62,3405.41
gfx950,256,15,3072,512,False,torch.bfloat16,torch.bfloat16,False,False,triton,0,0,3.8602,auto,0.0,12.22,842.77
gfx950,256,15,3584,7168,False,torch.bfloat16,torch.bfloat16,False,False,flydsl,5254,4,11.7901,flydsl_gemm8_abf16_wbf16_bf16_t16x64x64_split_k4_block_m_warp1_block_n_warp2_block_k_warp1_async_copyTrue_b_to_ldsTrue_b_preshuffleFalse_c_to_ldsFalse_gfx950,0.0137,65.37,4385.27
gfx950,256,15,6288,7168,False,torch.bfloat16,torch.bfloat16,False,False,torch,0,0,19.5791,native,0.0,69.06,4624.75
gfx950,256,15,7168,1536,False,torch.bfloat16,torch.bfloat16,False,False,flydsl,6420,2,7.5825,flydsl_gemm7_abf16_wbf16_bf16_t16x64x64_split_k2_block_m_warp1_block_n_warp2_block_k_warp1_async_copyTrue_b_to_ldsTrue_b_preshuffleFalse_c_to_ldsFalse_gfx950,0.0029,43.56,2938.51
gfx950,256,15,7168,4224,False,torch.bfloat16,torch.bfloat16,False,False,flydsl,3451,2,13.3228,flydsl_gemm6_abf16_wbf16_bf16_t16x64x64_split_k2_block_m_warp1_block_n_warp1_block_k_warp1_async_copyTrue_b_to_ldsTrue_b_preshuffleFalse_c_to_ldsFalse_gfx950,0.0048,68.18,4570.89
gfx950,256,15,8448,7168,False,torch.bfloat16,torch.bfloat16,False,False,flydsl,2995,1,26.4283,flydsl_gemm4_abf16_wbf16_bf16_t16x64x256_split_k1_block_m_warp1_block_n_warp1_block_k_warp2_async_copyTrue_b_to_ldsTrue_b_preshuffleFalse_c_to_ldsFalse_gfx950,0.0055,68.74,4600.33
gfx950,256,16,896,7168,False,torch.bfloat16,torch.bfloat16,False,False,flydsl,307,7,6.5003,flydsl_hgemm_abf16_wbf16_bf16_t16x32x128x7_ks7_w1x2x1_bias0_ktail0_gm0_pft_gfx950,0.0183,31.62,2015.77
gfx950,256,16,1536,128,False,torch.bfloat16,torch.bfloat16,False,False,flydsl,27,1,3.0662,flydsl_gemm2_abf16_wbf16_bf16_t16x64x64_split_k1_block_m_warp1_block_n_warp1_block_k_warp1_async_copyTrue_b_to_ldsTrue_b_preshuffleFalse_c_to_ldsFalse_gfx950,0.0,2.05,145.61
gfx950,256,16,1536,7168,False,torch.bfloat16,torch.bfloat16,False,False,flydsl,2990,7,7.8981,flydsl_gemm4_abf16_wbf16_bf16_t16x64x128_split_k7_block_m_warp1_block_n_warp2_block_k_warp1_async_copyTrue_b_to_ldsTrue_b_preshuffleFalse_c_to_ldsFalse_gfx950,0.0186,44.61,2823.29
gfx950,256,16,2304,1536,False,torch.bfloat16,torch.bfloat16,False,False,triton,0,0,5.1983,auto,0.0,21.79,1385.22
gfx950,256,16,3072,512,False,torch.bfloat16,torch.bfloat16,False,False,triton,0,0,3.8018,auto,0.0,13.24,857.6
gfx950,256,16,3584,7168,False,torch.bfloat16,torch.bfloat16,False,False,flydsl,2987,4,11.8615,flydsl_gemm4_abf16_wbf16_bf16_t16x64x128_split_k4_block_m_warp1_block_n_warp2_block_k_warp1_async_copyTrue_b_to_ldsTrue_b_preshuffleFalse_c_to_ldsFalse_gfx950,0.0137,69.31,4360.69
gfx950,256,16,4480,7168,False,torch.bfloat16,torch.bfloat16,False,False,flydsl,774,4,14.7771,flydsl_hgemm_abf16_wbf16_bf16_t16x96x64x8_ks4_w1x2x1_bias0_ktail0_gm0_pft_gfx950,0.0136,69.54,4371.49
gfx950,256,16,6016,7168,False,torch.bfloat16,torch.bfloat16,False,False,flydsl,257,1,17.7605,flydsl_hgemm_abf16_wbf16_bf16_t16x32x256x4_ks1_w1x2x1_bias0_ktail0_gm0_pft_gfx950,0.0,77.7,4879.78
gfx950,256,16,6144,7168,False,torch.bfloat16,torch.bfloat16,False,False,flydsl,257,1,17.9172,flydsl_hgemm_abf16_wbf16_bf16_t16x32x256x4_ks1_w1x2x1_bias0_ktail0_gm0_pft_gfx950,0.0,78.66,4939.74
gfx950,256,16,6288,7168,False,torch.bfloat16,torch.bfloat16,False,False,torch,0,0,19.9404,native,0.0,72.33,4542.3
gfx950,256,16,7168,768,False,torch.bfloat16,torch.bfloat16,False,False,triton,0,0,4.696,auto,0.0,37.51,2398.64
gfx950,256,16,7168,1536,False,torch.bfloat16,torch.bfloat16,False,False,flydsl,6420,2,7.5819,flydsl_gemm7_abf16_wbf16_bf16_t16x64x64_split_k2_block_m_warp1_block_n_warp2_block_k_warp1_async_copyTrue_b_to_ldsTrue_b_preshuffleFalse_c_to_ldsFalse_gfx950,0.0029,46.47,2941.03
gfx950,256,16,7168,1792,False,torch.bfloat16,torch.bfloat16,False,False,flydsl,3135,2,8.1372,flydsl_gemm6_abf16_wbf16_bf16_t16x64x64_split_k2_block_m_warp1_block_n_warp2_block_k_warp1_async_copyTrue_b_to_ldsTrue_b_preshuffleFalse_c_to_ldsFalse_gfx950,0.0033,50.51,3192.36
gfx950,256,16,7168,3584,False,torch.bfloat16,torch.bfloat16,False,False,flydsl,218,1,10.9363,flydsl_hgemm_abf16_wbf16_bf16_t16x32x128x8_ks1_w1x2x1_bias0_ktail0_gm0_pft_gfx950,0.0,75.17,4729.6
gfx950,256,16,7168,4224,False,torch.bfloat16,torch.bfloat16,False,False,flydsl,3453,2,13.3368,flydsl_gemm6_abf16_wbf16_bf16_t16x64x64_split_k2_block_m_warp1_block_n_warp2_block_k_warp1_async_copyTrue_b_to_ldsTrue_b_preshuffleFalse_c_to_ldsFalse_gfx950,0.0048,72.65,4567.8
gfx950,256,16,7168,35840,False,torch.bfloat16,torch.bfloat16,False,False,flydsl,82,4,85.9572,flydsl_hgemm_abf16_wbf16_bf16_t16x128x64x3_ks4_w1x2x1_bias0_ktail0_gm0_pft_gfx950,0.0181,95.64,5993.43
gfx950,256,16,8448,7168,False,torch.bfloat16,torch.bfloat16,False,False,flydsl,2995,1,26.5186,flydsl_gemm4_abf16_wbf16_bf16_t16x64x256_split_k1_block_m_warp1_block_n_warp1_block_k_warp2_async_copyTrue_b_to_ldsTrue_b_preshuffleFalse_c_to_ldsFalse_gfx950,0.0056,73.07,4585.85
gfx950,256,16,20480,7168,False,torch.bfloat16,torch.bfloat16,False,False,flydsl,2924,1,51.5946,flydsl_gemm4_abf16_wbf16_bf16_t16x128x128_split_k1_block_m_warp1_block_n_warp4_block_k_warp1_async_copyTrue_b_to_ldsTrue_b_preshuffleFalse_c_to_ldsFalse_gfx950,0.0,91.05,5707.69
gfx950,256,17,896,7168,False,torch.bfloat16,torch.bfloat16,False,False,flydsl,1317,7,7.7917,flydsl_gemm3_abf16_wbf16_bf16_t16x64x128_split_k7_block_m_warp1_block_n_warp2_block_k_warp1_async_copyTrue_b_to_ldsTrue_b_preshuffleFalse_c_to_ldsFalse_gfx950,0.0188,28.03,1683.74
gfx950,256,17,1536,128,False,torch.bfloat16,torch.bfloat16,False,False,flydsl,29,1,2.9351,flydsl_gemm2_abf16_wbf16_bf16_t16x64x64_split_k1_block_m_warp1_block_n_warp2_block_k_warp1_async_copyTrue_b_to_ldsTrue_b_preshuffleFalse_c_to_ldsFalse_gfx950,0.0,2.28,153.25
gfx950,256,17,1536,7168,False,torch.bfloat16,torch.bfloat16,False,False,flydsl,2986,4,9.0309,flydsl_gemm4_abf16_wbf16_bf16_t16x64x128_split_k4_block_m_warp1_block_n_warp1_block_k_warp2_async_copyTrue_b_to_ldsTrue_b_preshuffleFalse_c_to_ldsFalse_gfx950,0.0209,41.45,2471.08
gfx950,256,17,2112,7168,False,torch.bfloat16,torch.bfloat16,False,False,flydsl,1581,7,11.9431,flydsl_gemm5_abf16_wbf16_bf16_t16x64x64_split_k7_block_m_warp1_block_n_warp1_block_k_warp2_async_copyTrue_b_to_ldsTrue_b_preshuffleFalse_c_to_ldsFalse_gfx950,0.0264,43.1,2561.58
gfx950,256,17,3584,7168,False,torch.bfloat16,torch.bfloat16,False,False,flydsl,2983,2,14.1498,flydsl_gemm4_abf16_wbf16_bf16_t16x64x128_split_k2_block_m_warp1_block_n_warp1_block_k_warp2_async_copyTrue_b_to_ldsTrue_b_preshuffleFalse_c_to_ldsFalse_gfx950,0.0138,61.73,3657.0
gfx950,256,17,6288,7168,False,torch.bfloat16,torch.bfloat16,False,False,torch,0,0,22.2181,native,0.0,68.97,4077.86
gfx950,256,17,7168,768,False,torch.bfloat16,torch.bfloat16,False,False,flydsl,5329,1,4.8931,flydsl_gemm8_abf16_wbf16_bf16_t16x64x64_split_k1_block_m_warp1_block_n_warp2_block_k_warp1_async_copyTrue_b_to_ldsTrue_b_preshuffleFalse_c_to_ldsFalse_gfx950,0.0,38.25,2305.26
gfx950,256,17,7168,1536,False,torch.bfloat16,torch.bfloat16,False,False,flydsl,6848,1,7.1321,flydsl_gemm8_abf16_wbf16_bf16_t16x64x64_split_k1_block_m_warp1_block_n_warp2_block_k_warp1_async_copyTrue_b_to_ldsTrue_b_preshuffleFalse_c_to_ldsFalse_gfx950,0.0,52.49,3128.96
gfx950,256,17,7168,4224,False,torch.bfloat16,torch.bfloat16,False,False,flydsl,4185,1,14.7286,flydsl_gemm8_abf16_wbf16_bf16_t16x64x64_split_k1_block_m_warp1_block_n_warp2_block_k_warp1_async_copyTrue_b_to_ldsTrue_b_preshuffleFalse_c_to_ldsFalse_gfx950,0.0,69.89,4137.7
gfx950,256,17,8448,7168,False,torch.bfloat16,torch.bfloat16,False,False,torch,0,0,27.5532,native,0.0,74.72,4414.79
gfx950,256,18,896,7168,False,torch.bfloat16,torch.bfloat16,False,False,flydsl,4111,7,7.7699,flydsl_gemm7_abf16_wbf16_bf16_t16x64x64_split_k7_block_m_warp1_block_n_warp1_block_k_warp2_async_copyTrue_b_to_ldsTrue_b_preshuffleFalse_c_to_ldsFalse_gfx950,0.0262,29.76,1690.54
gfx950,256,18,1536,128,False,torch.bfloat16,torch.bfloat16,False,False,flydsl,29,1,2.9921,flydsl_gemm2_abf16_wbf16_bf16_t16x64x64_split_k1_block_m_warp1_block_n_warp2_block_k_warp1_async_copyTrue_b_to_ldsTrue_b_preshuffleFalse_c_to_ldsFalse_gfx950,0.0,2.37,151.44
gfx950,256,18,1536,7168,False,torch.bfloat16,torch.bfloat16,False,False,flydsl,2987,4,9.0449,flydsl_gemm4_abf16_wbf16_bf16_t16x64x128_split_k4_block_m_warp1_block_n_warp2_block_k_warp1_async_copyTrue_b_to_ldsTrue_b_preshuffleFalse_c_to_ldsFalse_gfx950,0.0136,43.82,2469.17
gfx950,256,18,2112,7168,False,torch.bfloat16,torch.bfloat16,False,False,flydsl,1137,4,12.0752,flydsl_gemm4_abf16_wbf16_bf16_t16x64x64_split_k4_block_m_warp1_block_n_warp1_block_k_warp1_async_copyTrue_b_to_ldsTrue_b_preshuffleFalse_c_to_ldsFalse_gfx950,0.0144,45.13,2535.09
gfx950,256,18,2880,7168,False,torch.bfloat16,torch.bfloat16,False,False,flydsl,1108,2,14.3903,flydsl_gemm4_abf16_wbf16_bf16_t16x64x128_split_k2_block_m_warp1_block_n_warp1_block_k_warp2_async_copyTrue_b_to_ldsTrue_b_preshuffleFalse_c_to_ldsFalse_gfx950,0.0138,51.64,2894.27
gfx950,256,18,3072,512,False,torch.bfloat16,torch.bfloat16,False,False,triton,0,0,3.8144,auto,0.0,14.84,858.52
gfx950,256,18,3584,7168,False,torch.bfloat16,torch.bfloat16,False,False,flydsl,3871,2,14.4461,flydsl_gemm5_abf16_wbf16_bf16_t16x64x128_split_k2_block_m_warp1_block_n_warp2_block_k_warp1_async_copyTrue_b_to_ldsTrue_b_preshuffleFalse_c_to_ldsFalse_gfx950,0.0055,64.02,3583.48
gfx950,256,18,6288,7168,False,torch.bfloat16,torch.bfloat16,False,False,torch,0,0,22.0327,native,0.0,73.65,4113.39
gfx950,256,18,7168,768,False,torch.bfloat16,torch.bfloat16,False,False,flydsl,4426,1,4.9405,flydsl_gemm6_abf16_wbf16_bf16_t16x64x128_split_k1_block_m_warp1_block_n_warp2_block_k_warp1_async_copyTrue_b_to_ldsTrue_b_preshuffleFalse_c_to_ldsFalse_gfx950,0.0,40.11,2286.36
gfx950,256,18,7168,1024,False,torch.bfloat16,torch.bfloat16,False,False,flydsl,2370,1,5.5269,flydsl_gemm4_abf16_wbf16_bf16_t16x64x128_split_k1_block_m_warp1_block_n_warp2_block_k_warp1_async_copyTrue_b_to_ldsTrue_b_preshuffleFalse_c_to_ldsFalse_gfx950,0.0,47.81,2709.47
gfx950,256,18,7168,1536,False,torch.bfloat16,torch.bfloat16,False,False,flydsl,3786,1,7.1769,flydsl_gemm4_abf16_wbf16_bf16_t16x64x128_split_k1_block_m_warp1_block_n_warp1_block_k_warp2_async_copyTrue_b_to_ldsTrue_b_preshuffleFalse_c_to_ldsFalse_gfx950,0.0028,55.23,3111.85
gfx950,256,18,7168,4224,False,torch.bfloat16,torch.bfloat16,False,False,flydsl,2146,1,14.8067,flydsl_gemm4_abf16_wbf16_bf16_t16x64x128_split_k1_block_m_warp1_block_n_warp2_block_k_warp1_async_copyTrue_b_to_ldsTrue_b_preshuffleFalse_c_to_ldsFalse_gfx950,0.0,73.61,4117.42
gfx950,256,18,7168,35840,False,torch.bfloat16,torch.bfloat16,False,False,torch,0,0,87.0946,native,0.0,106.19,5917.14
gfx950,256,18,8448,7168,False,torch.bfloat16,torch.bfloat16,False,False,torch,0,0,26.7951,native,0.0,81.36,4540.86
gfx950,256,18,20480,7168,False,torch.bfloat16,torch.bfloat16,False,False,torch,0,0,47.0482,native,0.0,112.33,6261.59
gfx950,256,19,896,7168,False,torch.bfloat16,torch.bfloat16,False,False,flydsl,3657,7,7.7912,flydsl_gemm6_abf16_wbf16_bf16_t16x64x64_split_k7_block_m_warp1_block_n_warp2_block_k_warp1_async_copyTrue_b_to_ldsTrue_b_preshuffleFalse_c_to_ldsFalse_gfx950,0.0178,31.32,1687.99
gfx950,256,19,1536,128,False,torch.bfloat16,torch.bfloat16,False,False,flydsl,29,1,2.9427,flydsl_gemm2_abf16_wbf16_bf16_t16x64x64_split_k1_block_m_warp1_block_n_warp2_block_k_warp1_async_copyTrue_b_to_ldsTrue_b_preshuffleFalse_c_to_ldsFalse_gfx950,0.0,2.54,155.11
gfx950,256,19,1536,7168,False,torch.bfloat16,torch.bfloat16,False,False,flydsl,2987,4,9.0975,flydsl_gemm4_abf16_wbf16_bf16_t16x64x128_split_k4_block_m_warp1_block_n_warp2_block_k_warp1_async_copyTrue_b_to_ldsTrue_b_preshuffleFalse_c_to_ldsFalse_gfx950,0.0139,45.99,2456.81
gfx950,256,19,2112,7168,False,torch.bfloat16,torch.bfloat16,False,False,flydsl,1139,4,12.1249,flydsl_gemm4_abf16_wbf16_bf16_t16x64x64_split_k4_block_m_warp1_block_n_warp2_block_k_warp1_async_copyTrue_b_to_ldsTrue_b_preshuffleFalse_c_to_ldsFalse_gfx950,0.0148,47.45,2526.23
gfx950,256,19,3072,512,False,torch.bfloat16,torch.bfloat16,False,False,flydsl,3132,1,3.984,flydsl_gemm6_abf16_wbf16_bf16_t16x64x64_split_k1_block_m_warp1_block_n_warp2_block_k_warp1_async_copyTrue_b_to_ldsTrue_b_preshuffleFalse_c_to_ldsFalse_gfx950,0.0,15.0,823.78
gfx950,256,19,3584,7168,False,torch.bfloat16,torch.bfloat16,False,False,flydsl,2998,2,14.5578,flydsl_gemm4_abf16_wbf16_bf16_t16x64x256_split_k2_block_m_warp1_block_n_warp1_block_k_warp2_async_copyTrue_b_to_ldsTrue_b_preshuffleFalse_c_to_ldsFalse_gfx950,0.0143,67.06,3557.46
gfx950,256,19,7168,768,False,torch.bfloat16,torch.bfloat16,False,False,flydsl,5329,1,4.8513,flydsl_gemm8_abf16_wbf16_bf16_t16x64x64_split_k1_block_m_warp1_block_n_warp2_block_k_warp1_async_copyTrue_b_to_ldsTrue_b_preshuffleFalse_c_to_ldsFalse_gfx950,0.0,43.12,2331.67
gfx950,256,19,7168,1536,False,torch.bfloat16,torch.bfloat16,False,False,flydsl,6829,1,7.4024,flydsl_gemm8_abf16_wbf16_bf16_t16x64x128_split_k1_block_m_warp1_block_n_warp1_block_k_warp2_async_copyTrue_b_to_ldsTrue_b_preshuffleFalse_c_to_ldsFalse_gfx950,0.0028,56.52,3019.41
gfx950,256,20,896,7168,False,torch.bfloat16,torch.bfloat16,False,False,flydsl,3057,7,7.7639,flydsl_gemm5_abf16_wbf16_bf16_t16x64x64_split_k7_block_m_warp1_block_n_warp2_block_k_warp1_async_copyTrue_b_to_ldsTrue_b_preshuffleFalse_c_to_ldsFalse_gfx950,0.0191,33.09,1696.01
gfx950,256,20,1536,128,False,torch.bfloat16,torch.bfloat16,False,False,flydsl,29,1,2.9569,flydsl_gemm2_abf16_wbf16_bf16_t16x64x64_split_k1_block_m_warp1_block_n_warp2_block_k_warp1_async_copyTrue_b_to_ldsTrue_b_preshuffleFalse_c_to_ldsFalse_gfx950,0.0,2.66,155.49
gfx950,256,20,1536,7168,False,torch.bfloat16,torch.bfloat16,False,False,flydsl,2986,4,9.2191,flydsl_gemm4_abf16_wbf16_bf16_t16x64x128_split_k4_block_m_warp1_block_n_warp1_block_k_warp2_async_copyTrue_b_to_ldsTrue_b_preshuffleFalse_c_to_ldsFalse_gfx950,0.0213,47.77,2426.29
gfx950,256,20,2112,7168,False,torch.bfloat16,torch.bfloat16,False,False,flydsl,1581,7,12.2245,flydsl_gemm5_abf16_wbf16_bf16_t16x64x64_split_k7_block_m_warp1_block_n_warp1_block_k_warp2_async_copyTrue_b_to_ldsTrue_b_preshuffleFalse_c_to_ldsFalse_gfx950,0.0268,49.54,2507.16
gfx950,256,20,2880,7168,False,torch.bfloat16,torch.bfloat16,False,False,flydsl,1561,2,14.5324,flydsl_gemm5_abf16_wbf16_bf16_t16x64x128_split_k2_block_m_warp1_block_n_warp2_block_k_warp1_async_copyTrue_b_to_ldsTrue_b_preshuffleFalse_c_to_ldsFalse_gfx950,0.0054,56.82,2868.73
gfx950,256,20,3072,512,False,torch.bfloat16,torch.bfloat16,False,False,triton,0,0,3.8448,auto,0.0,16.36,855.46
gfx950,256,20,3584,7168,False,torch.bfloat16,torch.bfloat16,False,False,flydsl,2983,2,14.4408,flydsl_gemm4_abf16_wbf16_bf16_t16x64x128_split_k2_block_m_warp1_block_n_warp1_block_k_warp2_async_copyTrue_b_to_ldsTrue_b_preshuffleFalse_c_to_ldsFalse_gfx950,0.0138,71.16,3587.77
gfx950,256,20,6288,7168,False,torch.bfloat16,torch.bfloat16,False,False,torch,0,0,22.2647,native,0.0,80.98,4072.95
gfx950,256,20,7168,768,False,torch.bfloat16,torch.bfloat16,False,False,flydsl,4963,1,4.9489,flydsl_gemm7_abf16_wbf16_bf16_t16x64x64_split_k1_block_m_warp1_block_n_warp2_block_k_warp1_async_copyTrue_b_to_ldsTrue_b_preshuffleFalse_c_to_ldsFalse_gfx950,0.0,44.49,2288.89
gfx950,256,20,7168,1024,False,torch.bfloat16,torch.bfloat16,False,False,flydsl,3079,1,5.58,flydsl_gemm5_abf16_wbf16_bf16_t16x64x128_split_k1_block_m_warp1_block_n_warp2_block_k_warp1_async_copyTrue_b_to_ldsTrue_b_preshuffleFalse_c_to_ldsFalse_gfx950,0.0,52.62,2689.56
gfx950,256,20,7168,1536,False,torch.bfloat16,torch.bfloat16,False,False,flydsl,6847,1,7.4423,flydsl_gemm8_abf16_wbf16_bf16_t16x64x64_split_k1_block_m_warp1_block_n_warp1_block_k_warp2_async_copyTrue_b_to_ldsTrue_b_preshuffleFalse_c_to_ldsFalse_gfx950,0.003,59.18,3005.56
gfx950,256,20,7168,4224,False,torch.bfloat16,torch.bfloat16,False,False,flydsl,2146,1,14.9718,flydsl_gemm4_abf16_wbf16_bf16_t16x64x128_split_k1_block_m_warp1_block_n_warp2_block_k_warp1_async_copyTrue_b_to_ldsTrue_b_preshuffleFalse_c_to_ldsFalse_gfx950,0.0,80.89,4075.06
gfx950,256,20,7168,35840,False,torch.bfloat16,torch.bfloat16,False,False,torch,0,0,86.5587,native,0.0,118.72,5955.76
gfx950,256,20,8448,7168,False,torch.bfloat16,torch.bfloat16,False,False,torch,0,0,27.4341,native,0.0,88.29,4437.37
gfx950,256,20,20480,7168,False,torch.bfloat16,torch.bfloat16,False,False,torch,0,0,47.2654,native,0.0,124.24,6235.16
gfx950,256,21,896,7168,False,torch.bfloat16,torch.bfloat16,False,False,flydsl,3057,7,7.7835,flydsl_gemm5_abf16_wbf16_bf16_t16x64x64_split_k7_block_m_warp1_block_n_warp2_block_k_warp1_async_copyTrue_b_to_ldsTrue_b_preshuffleFalse_c_to_ldsFalse_gfx950,0.0184,34.66,1693.81
gfx950,256,21,1536,128,False,torch.bfloat16,torch.bfloat16,False,False,flydsl,27,1,3.0899,flydsl_gemm2_abf16_wbf16_bf16_t16x64x64_split_k1_block_m_warp1_block_n_warp1_block_k_warp1_async_copyTrue_b_to_ldsTrue_b_preshuffleFalse_c_to_ldsFalse_gfx950,0.0,2.67,149.88
gfx950,256,21,1536,7168,False,torch.bfloat16,torch.bfloat16,False,False,flydsl,2986,4,9.1745,flydsl_gemm4_abf16_wbf16_bf16_t16x64x128_split_k4_block_m_warp1_block_n_warp1_block_k_warp2_async_copyTrue_b_to_ldsTrue_b_preshuffleFalse_c_to_ldsFalse_gfx950,0.0224,50.4,2439.99
gfx950,256,21,2112,7168,False,torch.bfloat16,torch.bfloat16,False,False,flydsl,624,4,12.4761,flydsl_gemm3_abf16_wbf16_bf16_t16x64x128_split_k4_block_m_warp1_block_n_warp2_block_k_warp1_async_copyTrue_b_to_ldsTrue_b_preshuffleFalse_c_to_ldsFalse_gfx950,0.014,50.96,2458.09
gfx950,256,21,3072,512,False,torch.bfloat16,torch.bfloat16,False,False,triton,0,0,3.8833,auto,0.0,17.01,848.83
gfx950,256,21,3584,7168,False,torch.bfloat16,torch.bfloat16,False,False,flydsl,5236,2,14.7931,flydsl_gemm8_abf16_wbf16_bf16_t16x64x128_split_k2_block_m_warp1_block_n_warp2_block_k_warp1_async_copyTrue_b_to_ldsTrue_b_preshuffleFalse_c_to_ldsFalse_gfx950,0.0056,72.94,3503.78
gfx950,256,21,7168,768,False,torch.bfloat16,torch.bfloat16,False,False,flydsl,5329,1,4.8925,flydsl_gemm8_abf16_wbf16_bf16_t16x64x64_split_k1_block_m_warp1_block_n_warp2_block_k_warp1_async_copyTrue_b_to_ldsTrue_b_preshuffleFalse_c_to_ldsFalse_gfx950,0.0,47.26,2318.52
gfx950,256,21,7168,1536,False,torch.bfloat16,torch.bfloat16,False,False,flydsl,3787,1,7.2484,flydsl_gemm4_abf16_wbf16_bf16_t16x64x128_split_k1_block_m_warp1_block_n_warp2_block_k_warp1_async_copyTrue_b_to_ldsTrue_b_preshuffleFalse_c_to_ldsFalse_gfx950,0.0,63.8,3088.36
gfx950,256,22,896,7168,False,torch.bfloat16,torch.bfloat16,False,False,flydsl,3041,7,8.0976,flydsl_gemm5_abf16_wbf16_bf16_t16x64x128_split_k7_block_m_warp1_block_n_warp1_block_k_warp2_async_copyTrue_b_to_ldsTrue_b_preshuffleFalse_c_to_ldsFalse_gfx950,0.0263,34.9,1630.1
gfx950,256,22,1536,128,False,torch.bfloat16,torch.bfloat16,False,False,flydsl,27,1,3.0761,flydsl_gemm2_abf16_wbf16_bf16_t16x64x64_split_k1_block_m_warp1_block_n_warp1_block_k_warp1_async_copyTrue_b_to_ldsTrue_b_preshuffleFalse_c_to_ldsFalse_gfx950,0.0,2.81,151.63
gfx950,256,22,1536,7168,False,torch.bfloat16,torch.bfloat16,False,False,flydsl,2986,4,9.2685,flydsl_gemm4_abf16_wbf16_bf16_t16x64x128_split_k4_block_m_warp1_block_n_warp1_block_k_warp2_async_copyTrue_b_to_ldsTrue_b_preshuffleFalse_c_to_ldsFalse_gfx950,0.0212,52.27,2417.12
gfx950,256,22,2112,7168,False,torch.bfloat16,torch.bfloat16,False,False,flydsl,1139,4,12.0582,flydsl_gemm4_abf16_wbf16_bf16_t16x64x64_split_k4_block_m_warp1_block_n_warp2_block_k_warp1_async_copyTrue_b_to_ldsTrue_b_preshuffleFalse_c_to_ldsFalse_gfx950,0.014,55.24,2544.82
gfx950,256,22,3072,512,False,torch.bfloat16,torch.bfloat16,False,False,flydsl,3132,1,3.9721,flydsl_gemm6_abf16_wbf16_bf16_t16x64x64_split_k1_block_m_warp1_block_n_warp2_block_k_warp1_async_copyTrue_b_to_ldsTrue_b_preshuffleFalse_c_to_ldsFalse_gfx950,0.0,17.42,831.66
gfx950,256,22,3584,7168,False,torch.bfloat16,torch.bfloat16,False,False,flydsl,5235,2,14.5868,flydsl_gemm8_abf16_wbf16_bf16_t16x64x128_split_k2_block_m_warp1_block_n_warp1_block_k_warp2_async_copyTrue_b_to_ldsTrue_b_preshuffleFalse_c_to_ldsFalse_gfx950,0.0139,77.49,3554.81
gfx950,256,22,7168,768,False,torch.bfloat16,torch.bfloat16,False,False,flydsl,4962,1,5.0011,flydsl_gemm7_abf16_wbf16_bf16_t16x64x64_split_k1_block_m_warp1_block_n_warp1_block_k_warp2_async_copyTrue_b_to_ldsTrue_b_preshuffleFalse_c_to_ldsFalse_gfx950,0.0018,48.43,2271.35
gfx950,256,22,7168,1024,False,torch.bfloat16,torch.bfloat16,False,False,flydsl,4183,1,5.6299,flydsl_gemm8_abf16_wbf16_bf16_t16x64x64_split_k1_block_m_warp1_block_n_warp2_block_k_warp1_async_copyTrue_b_to_ldsTrue_b_preshuffleFalse_c_to_ldsFalse_gfx950,0.0,57.37,2671.54
gfx950,256,22,7168,1536,False,torch.bfloat16,torch.bfloat16,False,False,flydsl,4965,1,7.3521,flydsl_gemm5_abf16_wbf16_bf16_t16x64x128_split_k1_block_m_warp1_block_n_warp1_block_k_warp2_async_copyTrue_b_to_ldsTrue_b_preshuffleFalse_c_to_ldsFalse_gfx950,0.0028,65.89,3047.17
gfx950,256,23,896,7168,False,torch.bfloat16,torch.bfloat16,False,False,flydsl,3057,7,7.8188,flydsl_gemm5_abf16_wbf16_bf16_t16x64x64_split_k7_block_m_warp1_block_n_warp2_block_k_warp1_async_copyTrue_b_to_ldsTrue_b_preshuffleFalse_c_to_ldsFalse_gfx950,0.0199,37.79,1690.28
gfx950,256,23,1536,128,False,torch.bfloat16,torch.bfloat16,False,False,flydsl,8,1,3.2464,flydsl_gemm2_abf16_wbf16_bf16_t16x128x64_split_k1_block_m_warp1_block_n_warp2_block_k_warp1_async_copyTrue_b_to_ldsTrue_b_preshuffleFalse_c_to_ldsFalse_gfx950,0.0,2.79,144.7
gfx950,256,23,1536,7168,False,torch.bfloat16,torch.bfloat16,False,False,flydsl,2986,4,9.4213,flydsl_gemm4_abf16_wbf16_bf16_t16x64x128_split_k4_block_m_warp1_block_n_warp1_block_k_warp2_async_copyTrue_b_to_ldsTrue_b_preshuffleFalse_c_to_ldsFalse_gfx950,0.022,53.76,2379.77
gfx950,256,23,2112,7168,False,torch.bfloat16,torch.bfloat16,False,False,flydsl,1582,7,12.2736,flydsl_gemm5_abf16_wbf16_bf16_t16x64x64_split_k7_block_m_warp1_block_n_warp2_block_k_warp1_async_copyTrue_b_to_ldsTrue_b_preshuffleFalse_c_to_ldsFalse_gfx950,0.0204,56.74,2501.67
gfx950,256,23,3584,7168,False,torch.bfloat16,torch.bfloat16,False,False,flydsl,2984,2,14.4729,flydsl_gemm4_abf16_wbf16_bf16_t16x64x128_split_k2_block_m_warp1_block_n_warp2_block_k_warp1_async_copyTrue_b_to_ldsTrue_b_preshuffleFalse_c_to_ldsFalse_gfx950,0.0056,81.65,3584.27
gfx950,256,23,7168,768,False,torch.bfloat16,torch.bfloat16,False,False,flydsl,5328,1,5.0908,flydsl_gemm8_abf16_wbf16_bf16_t16x64x64_split_k1_block_m_warp1_block_n_warp1_block_k_warp2_async_copyTrue_b_to_ldsTrue_b_preshuffleFalse_c_to_ldsFalse_gfx950,0.0018,49.74,2234.44
gfx950,256,23,7168,1536,False,torch.bfloat16,torch.bfloat16,False,False,flydsl,3786,1,7.4038,flydsl_gemm4_abf16_wbf16_bf16_t16x64x128_split_k1_block_m_warp1_block_n_warp1_block_k_warp2_async_copyTrue_b_to_ldsTrue_b_preshuffleFalse_c_to_ldsFalse_gfx950,0.0028,68.41,3028.24
gfx950,256,24,896,7168,False,torch.bfloat16,torch.bfloat16,False,False,flydsl,3657,7,7.881,flydsl_gemm6_abf16_wbf16_bf16_t16x64x64_split_k7_block_m_warp1_block_n_warp2_block_k_warp1_async_copyTrue_b_to_ldsTrue_b_preshuffleFalse_c_to_ldsFalse_gfx950,0.0192,39.12,1678.99
gfx950,256,24,1536,128,False,torch.bfloat16,torch.bfloat16,False,False,flydsl,29,1,2.911,flydsl_gemm2_abf16_wbf16_bf16_t16x64x64_split_k1_block_m_warp1_block_n_warp2_block_k_warp1_async_copyTrue_b_to_ldsTrue_b_preshuffleFalse_c_to_ldsFalse_gfx950,0.0,3.24,162.52
gfx950,256,24,1536,7168,False,torch.bfloat16,torch.bfloat16,False,False,flydsl,2986,4,9.4507,flydsl_gemm4_abf16_wbf16_bf16_t16x64x128_split_k4_block_m_warp1_block_n_warp1_block_k_warp2_async_copyTrue_b_to_ldsTrue_b_preshuffleFalse_c_to_ldsFalse_gfx950,0.0219,55.92,2374.2
gfx950,256,24,3072,512,False,torch.bfloat16,torch.bfloat16,False,False,triton,0,0,3.9882,auto,0.0,18.93,831.89
gfx950,256,24,3584,7168,False,torch.bfloat16,torch.bfloat16,False,False,flydsl,4925,2,14.6744,flydsl_gemm7_abf16_wbf16_bf16_t16x64x128_split_k2_block_m_warp1_block_n_warp1_block_k_warp2_async_copyTrue_b_to_ldsTrue_b_preshuffleFalse_c_to_ldsFalse_gfx950,0.0139,84.03,3536.52
gfx950,256,24,7168,768,False,torch.bfloat16,torch.bfloat16,False,False,flydsl,4426,1,5.091,flydsl_gemm6_abf16_wbf16_bf16_t16x64x128_split_k1_block_m_warp1_block_n_warp2_block_k_warp1_async_copyTrue_b_to_ldsTrue_b_preshuffleFalse_c_to_ldsFalse_gfx950,0.0,51.9,2237.47
gfx950,256,24,7168,1024,False,torch.bfloat16,torch.bfloat16,False,False,flydsl,4183,1,5.601,flydsl_gemm8_abf16_wbf16_bf16_t16x64x64_split_k1_block_m_warp1_block_n_warp2_block_k_warp1_async_copyTrue_b_to_ldsTrue_b_preshuffleFalse_c_to_ldsFalse_gfx950,0.0,62.9,2691.18
gfx950,256,24,7168,1536,False,torch.bfloat16,torch.bfloat16,False,False,flydsl,4965,1,7.4502,flydsl_gemm5_abf16_wbf16_bf16_t16x64x128_split_k1_block_m_warp1_block_n_warp1_block_k_warp2_async_copyTrue_b_to_ldsTrue_b_preshuffleFalse_c_to_ldsFalse_gfx950,0.0028,70.94,3011.72
gfx950,256,25,896,7168,False,torch.bfloat16,torch.bfloat16,False,False,flydsl,3656,7,8.1127,flydsl_gemm6_abf16_wbf16_bf16_t16x64x64_split_k7_block_m_warp1_block_n_warp1_block_k_warp2_async_copyTrue_b_to_ldsTrue_b_preshuffleFalse_c_to_ldsFalse_gfx950,0.0264,39.58,1633.03
gfx950,256,25,1536,128,False,torch.bfloat16,torch.bfloat16,False,False,flydsl,27,1,3.0229,flydsl_gemm2_abf16_wbf16_bf16_t16x64x64_split_k1_block_m_warp1_block_n_warp1_block_k_warp1_async_copyTrue_b_to_ldsTrue_b_preshuffleFalse_c_to_ldsFalse_gfx950,0.0,3.25,157.6
gfx950,256,25,1536,7168,False,torch.bfloat16,torch.bfloat16,False,False,flydsl,2986,4,9.4014,flydsl_gemm4_abf16_wbf16_bf16_t16x64x128_split_k4_block_m_warp1_block_n_warp1_block_k_warp2_async_copyTrue_b_to_ldsTrue_b_preshuffleFalse_c_to_ldsFalse_gfx950,0.0217,58.56,2388.51
gfx950,256,25,2112,7168,False,torch.bfloat16,torch.bfloat16,False,False,flydsl,624,4,12.3756,flydsl_gemm3_abf16_wbf16_bf16_t16x64x128_split_k4_block_m_warp1_block_n_warp2_block_k_warp1_async_copyTrue_b_to_ldsTrue_b_preshuffleFalse_c_to_ldsFalse_gfx950,0.0139,61.16,2484.05
gfx950,256,25,3584,7168,False,torch.bfloat16,torch.bfloat16,False,False,flydsl,4925,2,14.8873,flydsl_gemm7_abf16_wbf16_bf16_t16x64x128_split_k2_block_m_warp1_block_n_warp1_block_k_warp2_async_copyTrue_b_to_ldsTrue_b_preshuffleFalse_c_to_ldsFalse_gfx950,0.0139,86.28,3487.39
gfx950,256,25,7168,768,False,torch.bfloat16,torch.bfloat16,False,False,flydsl,5329,1,4.9674,flydsl_gemm8_abf16_wbf16_bf16_t16x64x64_split_k1_block_m_warp1_block_n_warp2_block_k_warp1_async_copyTrue_b_to_ldsTrue_b_preshuffleFalse_c_to_ldsFalse_gfx950,0.0,55.41,2296.34
gfx950,256,25,7168,1536,False,torch.bfloat16,torch.bfloat16,False,False,flydsl,4966,1,7.3604,flydsl_gemm5_abf16_wbf16_bf16_t16x64x128_split_k1_block_m_warp1_block_n_warp2_block_k_warp1_async_copyTrue_b_to_ldsTrue_b_preshuffleFalse_c_to_ldsFalse_gfx950,0.0,74.79,3050.83
gfx950,256,26,896,7168,False,torch.bfloat16,torch.bfloat16,False,False,flydsl,4422,7,8.0569,flydsl_gemm8_abf16_wbf16_bf16_t16x64x64_split_k7_block_m_warp1_block_n_warp2_block_k_warp1_async_copyTrue_b_to_ldsTrue_b_preshuffleFalse_c_to_ldsFalse_gfx950,0.0203,41.45,1646.34
gfx950,256,26,1536,128,False,torch.bfloat16,torch.bfloat16,False,False,flydsl,29,1,2.9229,flydsl_gemm2_abf16_wbf16_bf16_t16x64x64_split_k1_block_m_warp1_block_n_warp2_block_k_warp1_async_copyTrue_b_to_ldsTrue_b_preshuffleFalse_c_to_ldsFalse_gfx950,0.0,3.5,164.13
gfx950,256,26,1536,7168,False,torch.bfloat16,torch.bfloat16,False,False,flydsl,2987,4,9.4251,flydsl_gemm4_abf16_wbf16_bf16_t16x64x128_split_k4_block_m_warp1_block_n_warp2_block_k_warp1_async_copyTrue_b_to_ldsTrue_b_preshuffleFalse_c_to_ldsFalse_gfx950,0.0141,60.74,2384.35
gfx950,256,26,2112,7168,False,torch.bfloat16,torch.bfloat16,False,False,flydsl,1137,4,12.8342,flydsl_gemm4_abf16_wbf16_bf16_t16x64x64_split_k4_block_m_warp1_block_n_warp1_block_k_warp1_async_copyTrue_b_to_ldsTrue_b_preshuffleFalse_c_to_ldsFalse_gfx950,0.0138,61.34,2396.74
gfx950,256,26,3072,512,False,torch.bfloat16,torch.bfloat16,False,False,flydsl,3484,1,4.0148,flydsl_gemm7_abf16_wbf16_bf16_t16x64x64_split_k1_block_m_warp1_block_n_warp2_block_k_warp1_async_copyTrue_b_to_ldsTrue_b_preshuffleFalse_c_to_ldsFalse_gfx950,0.0,20.37,829.95
gfx950,256,26,3584,7168,False,torch.bfloat16,torch.bfloat16,False,False,flydsl,1800,2,14.929,flydsl_gemm3_abf16_wbf16_bf16_t16x64x256_split_k2_block_m_warp1_block_n_warp1_block_k_warp2_async_copyTrue_b_to_ldsTrue_b_preshuffleFalse_c_to_ldsFalse_gfx950,0.0145,89.48,3479.09
gfx950,256,26,7168,768,False,torch.bfloat16,torch.bfloat16,False,False,flydsl,5329,1,4.9637,flydsl_gemm8_abf16_wbf16_bf16_t16x64x64_split_k1_block_m_warp1_block_n_warp2_block_k_warp1_async_copyTrue_b_to_ldsTrue_b_preshuffleFalse_c_to_ldsFalse_gfx950,0.0,57.67,2301.25
gfx950,256,26,7168,1024,False,torch.bfloat16,torch.bfloat16,False,False,flydsl,3079,1,5.6983,flydsl_gemm5_abf16_wbf16_bf16_t16x64x128_split_k1_block_m_warp1_block_n_warp2_block_k_warp1_async_copyTrue_b_to_ldsTrue_b_preshuffleFalse_c_to_ldsFalse_gfx950,0.0,66.98,2650.97
gfx950,256,26,7168,1536,False,torch.bfloat16,torch.bfloat16,False,False,flydsl,3787,1,7.428,flydsl_gemm4_abf16_wbf16_bf16_t16x64x128_split_k1_block_m_warp1_block_n_warp2_block_k_warp1_async_copyTrue_b_to_ldsTrue_b_preshuffleFalse_c_to_ldsFalse_gfx950,0.0,77.08,3025.4
gfx950,256,27,896,7168,False,torch.bfloat16,torch.bfloat16,False,False,flydsl,3057,7,8.0228,flydsl_gemm5_abf16_wbf16_bf16_t16x64x64_split_k7_block_m_warp1_block_n_warp2_block_k_warp1_async_copyTrue_b_to_ldsTrue_b_preshuffleFalse_c_to_ldsFalse_gfx950,0.0197,43.23,1655.35
gfx950,256,27,1536,128,False,torch.bfloat16,torch.bfloat16,False,False,flydsl,27,1,3.0542,flydsl_gemm2_abf16_wbf16_bf16_t16x64x64_split_k1_block_m_warp1_block_n_warp1_block_k_warp1_async_copyTrue_b_to_ldsTrue_b_preshuffleFalse_c_to_ldsFalse_gfx950,0.0,3.48,158.17
gfx950,256,27,1536,7168,False,torch.bfloat16,torch.bfloat16,False,False,flydsl,2986,4,9.5316,flydsl_gemm4_abf16_wbf16_bf16_t16x64x128_split_k4_block_m_warp1_block_n_warp1_block_k_warp2_async_copyTrue_b_to_ldsTrue_b_preshuffleFalse_c_to_ldsFalse_gfx950,0.0221,62.38,2359.53
gfx950,256,27,2112,7168,False,torch.bfloat16,torch.bfloat16,False,False,flydsl,624,4,12.6991,flydsl_gemm3_abf16_wbf16_bf16_t16x64x128_split_k4_block_m_warp1_block_n_warp2_block_k_warp1_async_copyTrue_b_to_ldsTrue_b_preshuffleFalse_c_to_ldsFalse_gfx950,0.0137,64.37,2423.7
gfx950,256,27,3072,512,False,torch.bfloat16,torch.bfloat16,False,False,triton,0,0,3.9548,auto,0.0,21.48,844.36
gfx950,256,27,3584,7168,False,torch.bfloat16,torch.bfloat16,False,False,flydsl,5235,2,14.9449,flydsl_gemm8_abf16_wbf16_bf16_t16x64x128_split_k2_block_m_warp1_block_n_warp1_block_k_warp2_async_copyTrue_b_to_ldsTrue_b_preshuffleFalse_c_to_ldsFalse_gfx950,0.0139,92.83,3476.83
gfx950,256,27,7168,768,False,torch.bfloat16,torch.bfloat16,False,False,flydsl,5329,1,5.0319,flydsl_gemm8_abf16_wbf16_bf16_t16x64x64_split_k1_block_m_warp1_block_n_warp2_block_k_warp1_async_copyTrue_b_to_ldsTrue_b_preshuffleFalse_c_to_ldsFalse_gfx950,0.0,59.08,2273.22
gfx950,256,27,7168,1536,False,torch.bfloat16,torch.bfloat16,False,False,flydsl,3787,1,7.4338,flydsl_gemm4_abf16_wbf16_bf16_t16x64x128_split_k1_block_m_warp1_block_n_warp2_block_k_warp1_async_copyTrue_b_to_ldsTrue_b_preshuffleFalse_c_to_ldsFalse_gfx950,0.0,79.98,3025.39
gfx950,256,27,7168,4224,False,torch.bfloat16,torch.bfloat16,False,False,asm,1,2,17.9684,_ZN5aiter39bf16gemm_fp32bf16_tn_32x64_splitk_cleanE,0.0048,90.99,3404.33
gfx950,256,28,896,7168,False,torch.bfloat16,torch.bfloat16,False,False,flydsl,4420,7,8.1532,flydsl_gemm8_abf16_wbf16_bf16_t16x64x64_split_k7_block_m_warp1_block_n_warp1_block_k_warp1_async_copyTrue_b_to_ldsTrue_b_preshuffleFalse_c_to_ldsFalse_gfx950,0.0195,44.11,1630.85
gfx950,256,28,1536,128,False,torch.bfloat16,torch.bfloat16,False,False,flydsl,8,1,3.2188,flydsl_gemm2_abf16_wbf16_bf16_t16x128x64_split_k1_block_m_warp1_block_n_warp2_block_k_warp1_async_copyTrue_b_to_ldsTrue_b_preshuffleFalse_c_to_ldsFalse_gfx950,0.0,3.42,151.11
gfx950,256,28,1536,7168,False,torch.bfloat16,torch.bfloat16,False,False,flydsl,2986,4,9.4809,flydsl_gemm4_abf16_wbf16_bf16_t16x64x128_split_k4_block_m_warp1_block_n_warp1_block_k_warp2_async_copyTrue_b_to_ldsTrue_b_preshuffleFalse_c_to_ldsFalse_gfx950,0.0216,65.03,2373.99
gfx950,256,28,2112,7168,False,torch.bfloat16,torch.bfloat16,False,False,flydsl,1138,4,12.7894,flydsl_gemm4_abf16_wbf16_bf16_t16x64x64_split_k4_block_m_warp1_block_n_warp1_block_k_warp2_async_copyTrue_b_to_ldsTrue_b_preshuffleFalse_c_to_ldsFalse_gfx950,0.0216,66.29,2408.03
gfx950,256,28,3072,512,False,torch.bfloat16,torch.bfloat16,False,False,flydsl,3484,1,4.0027,flydsl_gemm7_abf16_wbf16_bf16_t16x64x64_split_k1_block_m_warp1_block_n_warp2_block_k_warp1_async_copyTrue_b_to_ldsTrue_b_preshuffleFalse_c_to_ldsFalse_gfx950,0.0,22.01,836.04
gfx950,256,28,3584,7168,False,torch.bfloat16,torch.bfloat16,False,False,flydsl,2983,2,14.8966,flydsl_gemm4_abf16_wbf16_bf16_t16x64x128_split_k2_block_m_warp1_block_n_warp1_block_k_warp2_async_copyTrue_b_to_ldsTrue_b_preshuffleFalse_c_to_ldsFalse_gfx950,0.0139,96.58,3489.54
gfx950,256,28,7168,768,False,torch.bfloat16,torch.bfloat16,False,False,flydsl,4963,1,5.0261,flydsl_gemm7_abf16_wbf16_bf16_t16x64x64_split_k1_block_m_warp1_block_n_warp2_block_k_warp1_async_copyTrue_b_to_ldsTrue_b_preshuffleFalse_c_to_ldsFalse_gfx950,0.0,61.34,2279.0
gfx950,256,28,7168,1024,False,torch.bfloat16,torch.bfloat16,False,False,flydsl,3559,1,5.7981,flydsl_gemm6_abf16_wbf16_bf16_t16x64x128_split_k1_block_m_warp1_block_n_warp2_block_k_warp1_async_copyTrue_b_to_ldsTrue_b_preshuffleFalse_c_to_ldsFalse_gfx950,0.0,70.89,2611.0
gfx950,256,28,7168,1536,False,torch.bfloat16,torch.bfloat16,False,False,flydsl,4966,1,7.4981,flydsl_gemm5_abf16_wbf16_bf16_t16x64x128_split_k1_block_m_warp1_block_n_warp2_block_k_warp1_async_copyTrue_b_to_ldsTrue_b_preshuffleFalse_c_to_ldsFalse_gfx950,0.0,82.23,3001.76
gfx950,256,28,7168,4224,False,torch.bfloat16,torch.bfloat16,False,False,asm,1,2,18.369,_ZN5aiter39bf16gemm_fp32bf16_tn_32x64_splitk_cleanE,0.0048,92.3,3331.33
gfx950,256,29,896,7168,False,torch.bfloat16,torch.bfloat16,False,False,flydsl,3642,7,8.2666,flydsl_gemm6_abf16_wbf16_bf16_t16x64x128_split_k7_block_m_warp1_block_n_warp2_block_k_warp1_async_copyTrue_b_to_ldsTrue_b_preshuffleFalse_c_to_ldsFalse_gfx950,0.019,45.06,1610.43
gfx950,256,29,1536,128,False,torch.bfloat16,torch.bfloat16,False,False,flydsl,29,1,2.9388,flydsl_gemm2_abf16_wbf16_bf16_t16x64x64_split_k1_block_m_warp1_block_n_warp2_block_k_warp1_async_copyTrue_b_to_ldsTrue_b_preshuffleFalse_c_to_ldsFalse_gfx950,0.0,3.88,166.64
gfx950,256,29,1536,7168,False,torch.bfloat16,torch.bfloat16,False,False,flydsl,2987,4,10.1307,flydsl_gemm4_abf16_wbf16_bf16_t16x64x128_split_k4_block_m_warp1_block_n_warp2_block_k_warp1_async_copyTrue_b_to_ldsTrue_b_preshuffleFalse_c_to_ldsFalse_gfx950,0.0134,63.03,2223.43
gfx950,256,29,2112,7168,False,torch.bfloat16,torch.bfloat16,False,False,flydsl,1137,4,12.9195,flydsl_gemm4_abf16_wbf16_bf16_t16x64x64_split_k4_block_m_warp1_block_n_warp1_block_k_warp1_async_copyTrue_b_to_ldsTrue_b_preshuffleFalse_c_to_ldsFalse_gfx950,0.0139,67.96,2385.22
gfx950,256,29,3584,7168,False,torch.bfloat16,torch.bfloat16,False,False,flydsl,2983,2,15.043,flydsl_gemm4_abf16_wbf16_bf16_t16x64x128_split_k2_block_m_warp1_block_n_warp1_block_k_warp2_async_copyTrue_b_to_ldsTrue_b_preshuffleFalse_c_to_ldsFalse_gfx950,0.0139,99.05,3457.01
gfx950,256,29,7168,768,False,torch.bfloat16,torch.bfloat16,False,False,flydsl,2830,1,5.1133,flydsl_gemm4_abf16_wbf16_bf16_t16x64x128_split_k1_block_m_warp1_block_n_warp2_block_k_warp1_async_copyTrue_b_to_ldsTrue_b_preshuffleFalse_c_to_ldsFalse_gfx950,0.0,62.44,2243.24
gfx950,256,29,7168,1536,False,torch.bfloat16,torch.bfloat16,False,False,flydsl,4966,1,7.5237,flydsl_gemm5_abf16_wbf16_bf16_t16x64x128_split_k1_block_m_warp1_block_n_warp2_block_k_warp1_async_copyTrue_b_to_ldsTrue_b_preshuffleFalse_c_to_ldsFalse_gfx950,0.0,84.88,2993.86
gfx950,256,29,7168,4224,False,torch.bfloat16,torch.bfloat16,False,False,asm,1,2,18.1896,_ZN5aiter39bf16gemm_fp32bf16_tn_32x64_splitk_cleanE,0.0048,96.54,3365.44
gfx950,256,30,896,7168,False,torch.bfloat16,torch.bfloat16,False,False,flydsl,2300,7,8.1688,flydsl_gemm4_abf16_wbf16_bf16_t16x64x128_split_k7_block_m_warp1_block_n_warp2_block_k_warp1_async_copyTrue_b_to_ldsTrue_b_preshuffleFalse_c_to_ldsFalse_gfx950,0.0189,47.17,1631.68
gfx950,256,30,1536,128,False,torch.bfloat16,torch.bfloat16,False,False,flydsl,29,1,2.955,flydsl_gemm2_abf16_wbf16_bf16_t16x64x64_split_k1_block_m_warp1_block_n_warp2_block_k_warp1_async_copyTrue_b_to_ldsTrue_b_preshuffleFalse_c_to_ldsFalse_gfx950,0.0,3.99,166.85
gfx950,256,30,1536,7168,False,torch.bfloat16,torch.bfloat16,False,False,flydsl,3874,4,10.1459,flydsl_gemm5_abf16_wbf16_bf16_t16x64x128_split_k4_block_m_warp1_block_n_warp2_block_k_warp1_async_copyTrue_b_to_ldsTrue_b_preshuffleFalse_c_to_ldsFalse_gfx950,0.0139,65.11,2221.82
gfx950,256,30,2112,7168,False,torch.bfloat16,torch.bfloat16,False,False,flydsl,1137,4,12.9616,flydsl_gemm4_abf16_wbf16_bf16_t16x64x64_split_k4_block_m_warp1_block_n_warp1_block_k_warp1_async_copyTrue_b_to_ldsTrue_b_preshuffleFalse_c_to_ldsFalse_gfx950,0.0144,70.08,2378.91
gfx950,256,30,3072,512,False,torch.bfloat16,torch.bfloat16,False,False,flydsl,3729,1,4.0918,flydsl_gemm8_abf16_wbf16_bf16_t16x64x64_split_k1_block_m_warp1_block_n_warp2_block_k_warp1_async_copyTrue_b_to_ldsTrue_b_preshuffleFalse_c_to_ldsFalse_gfx950,0.0,23.06,821.34
gfx950,256,30,3584,7168,False,torch.bfloat16,torch.bfloat16,False,False,flydsl,3871,2,15.1487,flydsl_gemm5_abf16_wbf16_bf16_t16x64x128_split_k2_block_m_warp1_block_n_warp2_block_k_warp1_async_copyTrue_b_to_ldsTrue_b_preshuffleFalse_c_to_ldsFalse_gfx950,0.0057,101.75,3434.31
gfx950,256,30,7168,768,False,torch.bfloat16,torch.bfloat16,False,False,flydsl,4426,1,5.1079,flydsl_gemm6_abf16_wbf16_bf16_t16x64x128_split_k1_block_m_warp1_block_n_warp2_block_k_warp1_async_copyTrue_b_to_ldsTrue_b_preshuffleFalse_c_to_ldsFalse_gfx950,0.0,64.66,2248.71
gfx950,256,30,7168,1024,False,torch.bfloat16,torch.bfloat16,False,False,flydsl,2370,1,5.729,flydsl_gemm4_abf16_wbf16_bf16_t16x64x128_split_k1_block_m_warp1_block_n_warp2_block_k_warp1_async_copyTrue_b_to_ldsTrue_b_preshuffleFalse_c_to_ldsFalse_gfx950,0.0,76.87,2648.21
gfx950,256,30,7168,1536,False,torch.bfloat16,torch.bfloat16,False,False,flydsl,4966,1,7.4761,flydsl_gemm5_abf16_wbf16_bf16_t16x64x128_split_k1_block_m_warp1_block_n_warp2_block_k_warp1_async_copyTrue_b_to_ldsTrue_b_preshuffleFalse_c_to_ldsFalse_gfx950,0.0,88.36,3015.25
gfx950,256,30,7168,4224,False,torch.bfloat16,torch.bfloat16,False,False,asm,1,2,18.5135,_ZN5aiter39bf16gemm_fp32bf16_tn_32x64_splitk_cleanE,0.0048,98.13,3307.79
gfx950,256,31,896,7168,False,torch.bfloat16,torch.bfloat16,False,False,flydsl,4422,7,8.2435,flydsl_gemm8_abf16_wbf16_bf16_t16x64x64_split_k7_block_m_warp1_block_n_warp2_block_k_warp1_async_copyTrue_b_to_ldsTrue_b_preshuffleFalse_c_to_ldsFalse_gfx950,0.0188,48.3,1618.85
gfx950,256,31,1536,128,False,torch.bfloat16,torch.bfloat16,False,False,flydsl,29,1,2.9293,flydsl_gemm2_abf16_wbf16_bf16_t16x64x64_split_k1_block_m_warp1_block_n_warp2_block_k_warp1_async_copyTrue_b_to_ldsTrue_b_preshuffleFalse_c_to_ldsFalse_gfx950,0.0,4.16,169.45
gfx950,256,31,1536,7168,False,torch.bfloat16,torch.bfloat16,False,False,flydsl,3874,4,10.2225,flydsl_gemm5_abf16_wbf16_bf16_t16x64x128_split_k4_block_m_warp1_block_n_warp2_block_k_warp1_async_copyTrue_b_to_ldsTrue_b_preshuffleFalse_c_to_ldsFalse_gfx950,0.0146,66.78,2206.87
gfx950,256,31,2112,7168,False,torch.bfloat16,torch.bfloat16,False,False,flydsl,1138,4,12.9487,flydsl_gemm4_abf16_wbf16_bf16_t16x64x64_split_k4_block_m_warp1_block_n_warp1_block_k_warp2_async_copyTrue_b_to_ldsTrue_b_preshuffleFalse_c_to_ldsFalse_gfx950,0.0213,72.49,2382.71
gfx950,256,31,3584,7168,False,torch.bfloat16,torch.bfloat16,False,False,flydsl,5235,2,15.27,flydsl_gemm8_abf16_wbf16_bf16_t16x64x128_split_k2_block_m_warp1_block_n_warp1_block_k_warp2_async_copyTrue_b_to_ldsTrue_b_preshuffleFalse_c_to_ldsFalse_gfx950,0.0137,104.31,3408.44
gfx950,256,31,7168,768,False,torch.bfloat16,torch.bfloat16,False,False,flydsl,4441,1,5.0924,flydsl_gemm6_abf16_wbf16_bf16_t16x64x64_split_k1_block_m_warp1_block_n_warp2_block_k_warp1_async_copyTrue_b_to_ldsTrue_b_preshuffleFalse_c_to_ldsFalse_gfx950,0.0,67.02,2258.68
gfx950,256,31,7168,1536,False,torch.bfloat16,torch.bfloat16,False,False,flydsl,4966,1,7.548,flydsl_gemm5_abf16_wbf16_bf16_t16x64x128_split_k1_block_m_warp1_block_n_warp2_block_k_warp1_async_copyTrue_b_to_ldsTrue_b_preshuffleFalse_c_to_ldsFalse_gfx950,0.0,90.44,2988.84
gfx950,256,31,7168,4224,False,torch.bfloat16,torch.bfloat16,False,False,asm,3,2,18.2161,_ZN5aiter39bf16gemm_fp32bf16_tn_48x64_splitk_cleanE,0.0048,103.05,3363.05
gfx950,256,32,896,7168,False,torch.bfloat16,torch.bfloat16,False,False,flydsl,4202,8,8.0665,flydsl_gemm7_abf16_wbf16_bf16_t32x64x64_split_k8_block_m_warp1_block_n_warp4_block_k_warp1_async_copyTrue_b_to_ldsTrue_b_preshuffleFalse_c_to_ldsFalse_gfx950,0.0201,50.96,1656.38
gfx950,256,32,1536,128,False,torch.bfloat16,torch.bfloat16,False,False,triton,0,0,2.6778,auto,0.0,4.7,186.61
gfx950,256,32,1536,7168,False,torch.bfloat16,torch.bfloat16,False,False,flydsl,5028,7,9.1085,flydsl_gemm7_abf16_wbf16_bf16_t32x64x64_split_k7_block_m_warp1_block_n_warp4_block_k_warp1_async_copyTrue_b_to_ldsTrue_b_preshuffleFalse_c_to_ldsFalse_gfx950,0.0209,77.36,2478.69
gfx950,256,32,2304,1536,False,torch.bfloat16,torch.bfloat16,False,False,flydsl,222,1,5.8375,flydsl_hgemm_abf16_wbf16_bf16_t16x32x128x5_ks1_w1x2x1_bias0_ktail0_gm0_pft_gfx950,0.0,38.8,1254.59
gfx950,256,32,3072,512,False,torch.bfloat16,torch.bfloat16,False,False,triton,0,0,3.4696,auto,0.0,29.01,972.76
gfx950,256,32,3584,7168,False,torch.bfloat16,torch.bfloat16,False,False,flydsl,3964,4,13.4693,flydsl_gemm5_abf16_wbf16_bf16_t32x64x128_split_k4_block_m_warp1_block_n_warp4_block_k_warp1_async_copyTrue_b_to_ldsTrue_b_preshuffleFalse_c_to_ldsFalse_gfx950,0.0137,122.07,3865.71
gfx950,256,32,4480,7168,False,torch.bfloat16,torch.bfloat16,False,False,flydsl,2138,4,16.0124,flydsl_hgemm_abf16_wbf16_bf16_t32x96x128x3_ks4_w2x2x1_bias0_ktail0_gm0_pft_gfx950,0.0134,128.35,4057.53
gfx950,256,32,6016,7168,False,torch.bfloat16,torch.bfloat16,False,False,flydsl,1755,4,19.1205,flydsl_hgemm_abf16_wbf16_bf16_t32x96x64x5_ks4_w2x2x1_bias0_ktail0_gm0_pft_gfx950,0.0133,144.34,4554.75
gfx950,256,32,6144,7168,False,torch.bfloat16,torch.bfloat16,False,False,flydsl,1800,4,19.3609,flydsl_hgemm_abf16_wbf16_bf16_t32x96x64x8_ks4_w2x2x1_bias0_ktail0_gm0_pft_gfx950,0.0135,145.58,4593.4
gfx950,256,32,7168,768,False,torch.bfloat16,torch.bfloat16,False,False,flydsl,5329,1,5.0037,flydsl_gemm8_abf16_wbf16_bf16_t16x64x64_split_k1_block_m_warp1_block_n_warp2_block_k_warp1_async_copyTrue_b_to_ldsTrue_b_preshuffleFalse_c_to_ldsFalse_gfx950,0.0,70.41,2301.89
gfx950,256,32,7168,1024,False,torch.bfloat16,torch.bfloat16,False,False,flydsl,3079,1,5.7269,flydsl_gemm5_abf16_wbf16_bf16_t16x64x128_split_k1_block_m_warp1_block_n_warp2_block_k_warp1_async_copyTrue_b_to_ldsTrue_b_preshuffleFalse_c_to_ldsFalse_gfx950,0.0,82.03,2654.9
gfx950,256,32,7168,1536,False,torch.bfloat16,torch.bfloat16,False,False,flydsl,3787,1,7.4657,flydsl_gemm4_abf16_wbf16_bf16_t16x64x128_split_k1_block_m_warp1_block_n_warp2_block_k_warp1_async_copyTrue_b_to_ldsTrue_b_preshuffleFalse_c_to_ldsFalse_gfx950,0.0,94.38,3024.12
gfx950,256,32,7168,3584,False,torch.bfloat16,torch.bfloat16,False,False,flydsl,929,1,12.3754,flydsl_hgemm_abf16_wbf16_bf16_t32x32x128x4_ks1_w2x1x2_bias0_ktail0_gm0_pft_gfx950,0.0049,132.86,4207.41
gfx950,256,32,7168,4224,False,torch.bfloat16,torch.bfloat16,False,False,asm,1,2,17.9373,_ZN5aiter39bf16gemm_fp32bf16_tn_32x64_splitk_cleanE,0.0048,108.03,3416.59
gfx950,256,32,7168,35840,False,torch.bfloat16,torch.bfloat16,False,False,flydsl,563,4,87.5974,flydsl_hgemm_abf16_wbf16_bf16_t32x128x128x3_ks4_w2x2x1_bias0_ktail0_gm0_pft_gfx950,0.0177,187.7,5896.92
gfx950,256,32,8448,7168,False,torch.bfloat16,torch.bfloat16,False,False,flydsl,1557,2,25.5313,flydsl_hgemm_abf16_wbf16_bf16_t32x96x128x4_ks2_w1x2x2_bias0_ktail0_gm0_pft_gfx950,0.014,151.8,4782.75
gfx950,256,32,20480,7168,False,torch.bfloat16,torch.bfloat16,False,False,torch,0,0,47.8034,native,0.0,196.54,6178.86
gfx950,256,33,896,7168,False,torch.bfloat16,torch.bfloat16,False,False,flydsl,4196,7,8.5057,flydsl_gemm7_abf16_wbf16_bf16_t32x64x64_split_k7_block_m_warp2_block_n_warp2_block_k_warp1_async_copyTrue_b_to_ldsTrue_b_preshuffleFalse_c_to_ldsFalse_gfx950,0.0185,49.84,1572.74
gfx950,256,33,1536,128,False,torch.bfloat16,torch.bfloat16,False,False,flydsl,114,1,2.995,flydsl_gemm2_abf16_wbf16_bf16_t32x64x64_split_k1_block_m_warp2_block_n_warp2_block_k_warp1_async_copyTrue_b_to_ldsTrue_b_preshuffleFalse_c_to_ldsFalse_gfx950,0.0,4.33,167.96
gfx950,256,33,1536,7168,False,torch.bfloat16,torch.bfloat16,False,False,flydsl,3203,4,10.0093,flydsl_gemm4_abf16_wbf16_bf16_t32x64x128_split_k4_block_m_warp1_block_n_warp2_block_k_warp2_async_copyTrue_b_to_ldsTrue_b_preshuffleFalse_c_to_ldsFalse_gfx950,0.0217,72.6,2257.36
gfx950,256,33,2112,7168,False,torch.bfloat16,torch.bfloat16,False,False,flydsl,2046,7,12.821,flydsl_gemm6_abf16_wbf16_bf16_t32x64x64_split_k7_block_m_warp2_block_n_warp2_block_k_warp1_async_copyTrue_b_to_ldsTrue_b_preshuffleFalse_c_to_ldsFalse_gfx950,0.0196,77.93,2409.34
gfx950,256,33,2304,1536,False,torch.bfloat16,torch.bfloat16,False,False,flydsl,4969,2,6.3352,flydsl_gemm5_abf16_wbf16_bf16_t16x64x128_split_k2_block_m_warp1_block_n_warp2_block_k_warp1_async_copyTrue_b_to_ldsTrue_b_preshuffleFalse_c_to_ldsFalse_gfx950,0.0027,36.87,1157.24
gfx950,256,33,3072,512,False,torch.bfloat16,torch.bfloat16,False,False,flydsl,3132,1,3.9299,flydsl_gemm6_abf16_wbf16_bf16_t16x64x64_split_k1_block_m_warp1_block_n_warp2_block_k_warp1_async_copyTrue_b_to_ldsTrue_b_preshuffleFalse_c_to_ldsFalse_gfx950,0.0,26.42,860.65
gfx950,256,33,3584,7168,False,torch.bfloat16,torch.bfloat16,False,False,flydsl,4008,4,15.3696,flydsl_gemm5_abf16_wbf16_bf16_t32x64x64_split_k4_block_m_warp1_block_n_warp2_block_k_warp2_async_copyTrue_b_to_ldsTrue_b_preshuffleFalse_c_to_ldsFalse_gfx950,0.0212,110.32,3389.15
gfx950,256,33,7168,768,False,torch.bfloat16,torch.bfloat16,False,False,flydsl,3036,1,5.0847,flydsl_gemm4_abf16_wbf16_bf16_t32x64x128_split_k1_block_m_warp2_block_n_warp2_block_k_warp1_async_copyTrue_b_to_ldsTrue_b_preshuffleFalse_c_to_ldsFalse_gfx950,0.0,71.46,2268.34
gfx950,256,33,7168,1536,False,torch.bfloat16,torch.bfloat16,False,False,flydsl,4057,1,7.286,flydsl_gemm4_abf16_wbf16_bf16_t32x64x128_split_k1_block_m_warp1_block_n_warp4_block_k_warp1_async_copyTrue_b_to_ldsTrue_b_preshuffleFalse_c_to_ldsFalse_gfx950,0.0,99.73,3101.09
gfx950,256,33,7168,4224,False,torch.bfloat16,torch.bfloat16,False,False,asm,3,2,18.6936,_ZN5aiter39bf16gemm_fp32bf16_tn_48x64_splitk_cleanE,0.0048,106.9,3279.58
gfx950,256,34,896,7168,False,torch.bfloat16,torch.bfloat16,False,False,flydsl,2478,7,8.5546,flydsl_gemm4_abf16_wbf16_bf16_t32x64x128_split_k7_block_m_warp1_block_n_warp4_block_k_warp1_async_copyTrue_b_to_ldsTrue_b_preshuffleFalse_c_to_ldsFalse_gfx950,0.0195,51.05,1565.64
gfx950,256,34,1536,128,False,torch.bfloat16,torch.bfloat16,False,False,flydsl,29,1,2.9061,flydsl_gemm2_abf16_wbf16_bf16_t16x64x64_split_k1_block_m_warp1_block_n_warp2_block_k_warp1_async_copyTrue_b_to_ldsTrue_b_preshuffleFalse_c_to_ldsFalse_gfx950,0.0,4.6,174.24
gfx950,256,34,1536,1536,False,torch.bfloat16,torch.bfloat16,False,False,flydsl,6854,3,5.6233,flydsl_gemm8_abf16_wbf16_bf16_t16x64x64_split_k3_block_m_warp1_block_n_warp2_block_k_warp1_async_copyTrue_b_to_ldsTrue_b_preshuffleFalse_c_to_ldsFalse_gfx950,0.0061,28.53,876.26
gfx950,256,34,1536,7168,False,torch.bfloat16,torch.bfloat16,False,False,flydsl,3204,4,9.8287,flydsl_gemm4_abf16_wbf16_bf16_t32x64x128_split_k4_block_m_warp1_block_n_warp4_block_k_warp1_async_copyTrue_b_to_ldsTrue_b_preshuffleFalse_c_to_ldsFalse_gfx950,0.0135,76.17,2300.61
gfx950,256,34,2112,7168,False,torch.bfloat16,torch.bfloat16,False,False,flydsl,690,7,13.3687,flydsl_gemm3_abf16_wbf16_bf16_t32x64x128_split_k7_block_m_warp1_block_n_warp4_block_k_warp1_async_copyTrue_b_to_ldsTrue_b_preshuffleFalse_c_to_ldsFalse_gfx950,0.02,77.0,2312.02
gfx950,256,34,2304,1536,False,torch.bfloat16,torch.bfloat16,False,False,flydsl,6851,2,6.2746,flydsl_gemm8_abf16_wbf16_bf16_t16x64x64_split_k2_block_m_warp1_block_n_warp2_block_k_warp1_async_copyTrue_b_to_ldsTrue_b_preshuffleFalse_c_to_ldsFalse_gfx950,0.0027,38.35,1169.64
gfx950,256,34,3072,512,False,torch.bfloat16,torch.bfloat16,False,False,flydsl,3484,1,3.9421,flydsl_gemm7_abf16_wbf16_bf16_t16x64x64_split_k1_block_m_warp1_block_n_warp2_block_k_warp1_async_copyTrue_b_to_ldsTrue_b_preshuffleFalse_c_to_ldsFalse_gfx950,0.0,27.13,859.81
gfx950,256,34,3584,7168,False,torch.bfloat16,torch.bfloat16,False,False,flydsl,3195,2,15.4578,flydsl_gemm4_abf16_wbf16_bf16_t32x64x128_split_k2_block_m_warp1_block_n_warp4_block_k_warp1_async_copyTrue_b_to_ldsTrue_b_preshuffleFalse_c_to_ldsFalse_gfx950,0.0057,113.01,3371.2
gfx950,256,34,7168,768,False,torch.bfloat16,torch.bfloat16,False,False,flydsl,3904,1,5.3217,flydsl_gemm5_abf16_wbf16_bf16_t32x64x64_split_k1_block_m_warp2_block_n_warp1_block_k_warp2_async_copyTrue_b_to_ldsTrue_b_preshuffleFalse_c_to_ldsFalse_gfx950,0.0017,70.34,2170.3
gfx950,256,34,7168,1024,False,torch.bfloat16,torch.bfloat16,False,False,flydsl,4234,1,5.8118,flydsl_gemm8_abf16_wbf16_bf16_t32x64x64_split_k1_block_m_warp1_block_n_warp4_block_k_warp1_async_copyTrue_b_to_ldsTrue_b_preshuffleFalse_c_to_ldsFalse_gfx950,0.0,85.88,2621.76
gfx950,256,34,7168,1536,False,torch.bfloat16,torch.bfloat16,False,False,flydsl,4056,1,7.423,flydsl_gemm4_abf16_wbf16_bf16_t32x64x128_split_k1_block_m_warp1_block_n_warp2_block_k_warp2_async_copyTrue_b_to_ldsTrue_b_preshuffleFalse_c_to_ldsFalse_gfx950,0.0027,100.86,3046.2
gfx950,256,34,7168,1792,False,torch.bfloat16,torch.bfloat16,False,False,triton,0,0,11.5947,auto,0.0,75.33,2268.23
gfx950,256,34,7168,4224,False,torch.bfloat16,torch.bfloat16,False,False,asm,3,2,19.3795,_ZN5aiter39bf16gemm_fp32bf16_tn_48x64_splitk_cleanE,0.0048,106.24,3164.68
gfx950,256,35,896,7168,False,torch.bfloat16,torch.bfloat16,False,False,flydsl,3183,7,8.3257,flydsl_gemm5_abf16_wbf16_bf16_t32x64x64_split_k7_block_m_warp1_block_n_warp4_block_k_warp1_async_copyTrue_b_to_ldsTrue_b_preshuffleFalse_c_to_ldsFalse_gfx950,0.0194,54.0,1610.62
gfx950,256,35,1536,128,False,torch.bfloat16,torch.bfloat16,False,False,flydsl,29,1,2.953,flydsl_gemm2_abf16_wbf16_bf16_t16x64x64_split_k1_block_m_warp1_block_n_warp2_block_k_warp1_async_copyTrue_b_to_ldsTrue_b_preshuffleFalse_c_to_ldsFalse_gfx950,0.0,4.66,172.6
gfx950,256,35,1536,7168,False,torch.bfloat16,torch.bfloat16,False,False,flydsl,3963,4,10.265,flydsl_gemm5_abf16_wbf16_bf16_t32x64x128_split_k4_block_m_warp1_block_n_warp2_block_k_warp2_async_copyTrue_b_to_ldsTrue_b_preshuffleFalse_c_to_ldsFalse_gfx950,0.0219,75.08,2204.52
gfx950,256,35,2112,7168,False,torch.bfloat16,torch.bfloat16,False,False,flydsl,2045,7,14.4209,flydsl_gemm6_abf16_wbf16_bf16_t32x64x64_split_k7_block_m_warp2_block_n_warp1_block_k_warp2_async_copyTrue_b_to_ldsTrue_b_preshuffleFalse_c_to_ldsFalse_gfx950,0.0267,73.48,2144.61
gfx950,256,35,2304,1536,False,torch.bfloat16,torch.bfloat16,False,False,flydsl,6851,2,6.2951,flydsl_gemm8_abf16_wbf16_bf16_t16x64x64_split_k2_block_m_warp1_block_n_warp2_block_k_warp1_async_copyTrue_b_to_ldsTrue_b_preshuffleFalse_c_to_ldsFalse_gfx950,0.0027,39.35,1167.05
gfx950,256,35,3584,7168,False,torch.bfloat16,torch.bfloat16,False,False,flydsl,2005,4,15.4613,flydsl_gemm3_abf16_wbf16_bf16_t32x64x128_split_k4_block_m_warp1_block_n_warp2_block_k_warp2_async_copyTrue_b_to_ldsTrue_b_preshuffleFalse_c_to_ldsFalse_gfx950,0.0211,116.31,3371.83
gfx950,256,35,7168,768,False,torch.bfloat16,torch.bfloat16,False,False,flydsl,3033,1,5.1506,flydsl_gemm4_abf16_wbf16_bf16_t32x64x128_split_k1_block_m_warp1_block_n_warp4_block_k_warp1_async_copyTrue_b_to_ldsTrue_b_preshuffleFalse_c_to_ldsFalse_gfx950,0.0,74.82,2245.48
gfx950,256,35,7168,1536,False,torch.bfloat16,torch.bfloat16,False,False,flydsl,4057,1,7.3624,flydsl_gemm4_abf16_wbf16_bf16_t32x64x128_split_k1_block_m_warp1_block_n_warp4_block_k_warp1_async_copyTrue_b_to_ldsTrue_b_preshuffleFalse_c_to_ldsFalse_gfx950,0.0,104.68,3073.64
gfx950,256,35,7168,4224,False,torch.bfloat16,torch.bfloat16,False,False,asm,3,2,19.1701,_ZN5aiter39bf16gemm_fp32bf16_tn_48x64_splitk_cleanE,0.0049,110.56,3200.44
gfx950,256,36,896,7168,False,torch.bfloat16,torch.bfloat16,False,False,flydsl,3183,7,8.383,flydsl_gemm5_abf16_wbf16_bf16_t32x64x64_split_k7_block_m_warp1_block_n_warp4_block_k_warp1_async_copyTrue_b_to_ldsTrue_b_preshuffleFalse_c_to_ldsFalse_gfx950,0.0193,55.16,1601.53
gfx950,256,36,1536,128,False,torch.bfloat16,torch.bfloat16,False,False,flydsl,29,1,2.9292,flydsl_gemm2_abf16_wbf16_bf16_t16x64x64_split_k1_block_m_warp1_block_n_warp2_block_k_warp1_async_copyTrue_b_to_ldsTrue_b_preshuffleFalse_c_to_ldsFalse_gfx950,0.0,4.83,175.14
gfx950,256,36,1536,1536,False,torch.bfloat16,torch.bfloat16,False,False,flydsl,6423,3,5.683,flydsl_gemm7_abf16_wbf16_bf16_t16x64x64_split_k3_block_m_warp1_block_n_warp2_block_k_warp1_async_copyTrue_b_to_ldsTrue_b_preshuffleFalse_c_to_ldsFalse_gfx950,0.0062,29.89,869.22
gfx950,256,36,1536,7168,False,torch.bfloat16,torch.bfloat16,False,False,flydsl,5331,4,10.2814,flydsl_gemm8_abf16_wbf16_bf16_t32x64x64_split_k4_block_m_warp2_block_n_warp1_block_k_warp2_async_copyTrue_b_to_ldsTrue_b_preshuffleFalse_c_to_ldsFalse_gfx950,0.0208,77.1,2202.69
gfx950,256,36,2112,7168,False,torch.bfloat16,torch.bfloat16,False,False,flydsl,1599,2,14.2993,flydsl_gemm5_abf16_wbf16_bf16_t32x64x128_split_k2_block_m_warp1_block_n_warp2_block_k_warp2_async_copyTrue_b_to_ldsTrue_b_preshuffleFalse_c_to_ldsFalse_gfx950,0.0141,76.23,2164.15
gfx950,256,36,2304,1536,False,torch.bfloat16,torch.bfloat16,False,False,flydsl,6851,2,6.3636,flydsl_gemm8_abf16_wbf16_bf16_t16x64x64_split_k2_block_m_warp1_block_n_warp2_block_k_warp1_async_copyTrue_b_to_ldsTrue_b_preshuffleFalse_c_to_ldsFalse_gfx950,0.0027,40.04,1155.69
gfx950,256,36,3072,512,False,torch.bfloat16,torch.bfloat16,False,False,flydsl,3132,1,3.9685,flydsl_gemm6_abf16_wbf16_bf16_t16x64x64_split_k1_block_m_warp1_block_n_warp2_block_k_warp1_async_copyTrue_b_to_ldsTrue_b_preshuffleFalse_c_to_ldsFalse_gfx950,0.0,28.54,857.7
gfx950,256,36,3584,7168,False,torch.bfloat16,torch.bfloat16,False,False,flydsl,3198,2,15.4313,flydsl_gemm4_abf16_wbf16_bf16_t32x64x128_split_k2_block_m_warp2_block_n_warp2_block_k_warp1_async_copyTrue_b_to_ldsTrue_b_preshuffleFalse_c_to_ldsFalse_gfx950,0.0057,119.87,3379.78
gfx950,256,36,7168,768,False,torch.bfloat16,torch.bfloat16,False,False,flydsl,1830,1,5.3653,flydsl_gemm3_abf16_wbf16_bf16_t32x64x128_split_k1_block_m_warp2_block_n_warp2_block_k_warp1_async_copyTrue_b_to_ldsTrue_b_preshuffleFalse_c_to_ldsFalse_gfx950,0.0,73.88,2158.58
gfx950,256,36,7168,1024,False,torch.bfloat16,torch.bfloat16,False,False,flydsl,2534,1,5.7327,flydsl_gemm4_abf16_wbf16_bf16_t32x64x128_split_k1_block_m_warp1_block_n_warp4_block_k_warp1_async_copyTrue_b_to_ldsTrue_b_preshuffleFalse_c_to_ldsFalse_gfx950,0.0,92.19,2663.65
gfx950,256,36,7168,1536,False,torch.bfloat16,torch.bfloat16,False,False,flydsl,4057,1,7.4085,flydsl_gemm4_abf16_wbf16_bf16_t32x64x128_split_k1_block_m_warp1_block_n_warp4_block_k_warp1_async_copyTrue_b_to_ldsTrue_b_preshuffleFalse_c_to_ldsFalse_gfx950,0.0,107.0,3056.86
gfx950,256,36,7168,1792,False,torch.bfloat16,torch.bfloat16,False,False,triton,0,0,11.5591,auto,0.0,80.01,2278.31
gfx950,256,36,7168,4224,False,torch.bfloat16,torch.bfloat16,False,False,asm,3,2,18.9521,_ZN5aiter39bf16gemm_fp32bf16_tn_48x64_splitk_cleanE,0.0048,115.03,3238.45
gfx950,256,37,896,7168,False,torch.bfloat16,torch.bfloat16,False,False,flydsl,3183,7,8.5043,flydsl_gemm5_abf16_wbf16_bf16_t32x64x64_split_k7_block_m_warp1_block_n_warp4_block_k_warp1_async_copyTrue_b_to_ldsTrue_b_preshuffleFalse_c_to_ldsFalse_gfx950,0.0189,55.89,1580.59
gfx950,256,37,1536,128,False,torch.bfloat16,torch.bfloat16,False,False,flydsl,28,1,3.0452,flydsl_gemm2_abf16_wbf16_bf16_t16x64x64_split_k1_block_m_warp1_block_n_warp1_block_k_warp2_async_copyTrue_b_to_ldsTrue_b_preshuffleFalse_c_to_ldsFalse_gfx950,0.0001,4.78,169.56
gfx950,256,37,1536,7168,False,torch.bfloat16,torch.bfloat16,False,False,flydsl,3203,4,10.2245,flydsl_gemm4_abf16_wbf16_bf16_t32x64x128_split_k4_block_m_warp1_block_n_warp2_block_k_warp2_async_copyTrue_b_to_ldsTrue_b_preshuffleFalse_c_to_ldsFalse_gfx950,0.0217,79.69,2216.66
gfx950,256,37,2112,7168,False,torch.bfloat16,torch.bfloat16,False,False,asm,3,6,14.5382,_ZN5aiter39bf16gemm_fp32bf16_tn_48x64_splitk_cleanE,0.018,77.06,2129.86
gfx950,256,37,2304,1536,False,torch.bfloat16,torch.bfloat16,False,False,flydsl,3790,2,6.445,flydsl_gemm4_abf16_wbf16_bf16_t16x64x128_split_k2_block_m_warp1_block_n_warp2_block_k_warp1_async_copyTrue_b_to_ldsTrue_b_preshuffleFalse_c_to_ldsFalse_gfx950,0.0027,40.63,1142.29
gfx950,256,37,3584,7168,False,torch.bfloat16,torch.bfloat16,False,False,flydsl,3195,2,15.4436,flydsl_gemm4_abf16_wbf16_bf16_t32x64x128_split_k2_block_m_warp1_block_n_warp4_block_k_warp1_async_copyTrue_b_to_ldsTrue_b_preshuffleFalse_c_to_ldsFalse_gfx950,0.0057,123.1,3378.48
gfx950,256,37,7168,768,False,torch.bfloat16,torch.bfloat16,False,False,flydsl,5412,1,5.2342,flydsl_gemm8_abf16_wbf16_bf16_t32x64x64_split_k1_block_m_warp2_block_n_warp1_block_k_warp2_async_copyTrue_b_to_ldsTrue_b_preshuffleFalse_c_to_ldsFalse_gfx950,0.0017,77.83,2215.68
gfx950,256,37,7168,1536,False,torch.bfloat16,torch.bfloat16,False,False,flydsl,4057,1,7.4186,flydsl_gemm4_abf16_wbf16_bf16_t32x64x128_split_k1_block_m_warp1_block_n_warp4_block_k_warp1_async_copyTrue_b_to_ldsTrue_b_preshuffleFalse_c_to_ldsFalse_gfx950,0.0,109.82,3055.05
gfx950,256,37,7168,4224,False,torch.bfloat16,torch.bfloat16,False,False,asm,3,2,18.7264,_ZN5aiter39bf16gemm_fp32bf16_tn_48x64_splitk_cleanE,0.0048,119.65,3278.7
gfx950,256,38,896,7168,False,torch.bfloat16,torch.bfloat16,False,False,flydsl,3186,7,8.5815,flydsl_gemm5_abf16_wbf16_bf16_t32x64x64_split_k7_block_m_warp2_block_n_warp2_block_k_warp1_async_copyTrue_b_to_ldsTrue_b_preshuffleFalse_c_to_ldsFalse_gfx950,0.0192,56.88,1568.25
gfx950,256,38,1536,128,False,torch.bfloat16,torch.bfloat16,False,False,flydsl,114,1,3.0411,flydsl_gemm2_abf16_wbf16_bf16_t32x64x64_split_k1_block_m_warp2_block_n_warp2_block_k_warp1_async_copyTrue_b_to_ldsTrue_b_preshuffleFalse_c_to_ldsFalse_gfx950,0.0,4.91,170.89
gfx950,256,38,1536,1536,False,torch.bfloat16,torch.bfloat16,False,False,flydsl,6854,3,5.6738,flydsl_gemm8_abf16_wbf16_bf16_t16x64x64_split_k3_block_m_warp1_block_n_warp2_block_k_warp1_async_copyTrue_b_to_ldsTrue_b_preshuffleFalse_c_to_ldsFalse_gfx950,0.0059,31.6,872.79
gfx950,256,38,1536,7168,False,torch.bfloat16,torch.bfloat16,False,False,flydsl,3206,4,10.4547,flydsl_gemm4_abf16_wbf16_bf16_t32x64x128_split_k4_block_m_warp2_block_n_warp1_block_k_warp2_async_copyTrue_b_to_ldsTrue_b_preshuffleFalse_c_to_ldsFalse_gfx950,0.0214,80.04,2169.51
gfx950,256,38,2112,7168,False,torch.bfloat16,torch.bfloat16,False,False,flydsl,679,4,13.6444,flydsl_gemm3_abf16_wbf16_bf16_t32x64x128_split_k4_block_m_warp1_block_n_warp2_block_k_warp1_async_copyTrue_b_to_ldsTrue_b_preshuffleFalse_c_to_ldsFalse_gfx950,0.0138,84.32,2270.74
gfx950,256,38,2304,1536,False,torch.bfloat16,torch.bfloat16,False,False,flydsl,6851,2,6.5052,flydsl_gemm8_abf16_wbf16_bf16_t16x64x64_split_k2_block_m_warp1_block_n_warp2_block_k_warp1_async_copyTrue_b_to_ldsTrue_b_preshuffleFalse_c_to_ldsFalse_gfx950,0.0027,41.35,1132.9
gfx950,256,38,3072,512,False,torch.bfloat16,torch.bfloat16,False,False,flydsl,3729,1,3.9731,flydsl_gemm8_abf16_wbf16_bf16_t16x64x64_split_k1_block_m_warp1_block_n_warp2_block_k_warp1_async_copyTrue_b_to_ldsTrue_b_preshuffleFalse_c_to_ldsFalse_gfx950,0.0,30.09,860.31
gfx950,256,38,3584,7168,False,torch.bfloat16,torch.bfloat16,False,False,flydsl,3197,2,15.5055,flydsl_gemm4_abf16_wbf16_bf16_t32x64x128_split_k2_block_m_warp2_block_n_warp1_block_k_warp2_async_copyTrue_b_to_ldsTrue_b_preshuffleFalse_c_to_ldsFalse_gfx950,0.0137,125.92,3366.38
gfx950,256,38,7168,768,False,torch.bfloat16,torch.bfloat16,False,False,flydsl,3857,1,5.1707,flydsl_gemm5_abf16_wbf16_bf16_t32x64x128_split_k1_block_m_warp1_block_n_warp4_block_k_warp1_async_copyTrue_b_to_ldsTrue_b_preshuffleFalse_c_to_ldsFalse_gfx950,0.0,80.91,2245.96
gfx950,256,38,7168,1024,False,torch.bfloat16,torch.bfloat16,False,False,flydsl,2534,1,5.8082,flydsl_gemm4_abf16_wbf16_bf16_t32x64x128_split_k1_block_m_warp1_block_n_warp4_block_k_warp1_async_copyTrue_b_to_ldsTrue_b_preshuffleFalse_c_to_ldsFalse_gfx950,0.0,96.04,2634.66
gfx950,256,38,7168,1536,False,torch.bfloat16,torch.bfloat16,False,False,flydsl,4057,1,7.4943,flydsl_gemm4_abf16_wbf16_bf16_t32x64x128_split_k1_block_m_warp1_block_n_warp4_block_k_warp1_async_copyTrue_b_to_ldsTrue_b_preshuffleFalse_c_to_ldsFalse_gfx950,0.0,111.65,3026.51
gfx950,256,38,7168,1792,False,torch.bfloat16,torch.bfloat16,False,False,triton,0,0,11.5872,auto,0.0,84.25,2275.88
gfx950,256,38,7168,4224,False,torch.bfloat16,torch.bfloat16,False,False,asm,3,2,19.2299,_ZN5aiter39bf16gemm_fp32bf16_tn_48x64_splitk_cleanE,0.0048,119.66,3194.04
gfx950,256,39,896,7168,False,torch.bfloat16,torch.bfloat16,False,False,flydsl,2478,7,8.5388,flydsl_gemm4_abf16_wbf16_bf16_t32x64x128_split_k7_block_m_warp1_block_n_warp4_block_k_warp1_async_copyTrue_b_to_ldsTrue_b_preshuffleFalse_c_to_ldsFalse_gfx950,0.0185,58.67,1577.98
gfx950,256,39,1536,128,False,torch.bfloat16,torch.bfloat16,False,False,flydsl,27,1,3.0337,flydsl_gemm2_abf16_wbf16_bf16_t16x64x64_split_k1_block_m_warp1_block_n_warp1_block_k_warp1_async_copyTrue_b_to_ldsTrue_b_preshuffleFalse_c_to_ldsFalse_gfx950,0.0,5.06,172.4
gfx950,256,39,1536,7168,False,torch.bfloat16,torch.bfloat16,False,False,flydsl,3204,4,10.3816,flydsl_gemm4_abf16_wbf16_bf16_t32x64x128_split_k4_block_m_warp1_block_n_warp4_block_k_warp1_async_copyTrue_b_to_ldsTrue_b_preshuffleFalse_c_to_ldsFalse_gfx950,0.0137,82.72,2186.47
gfx950,256,39,2112,7168,False,torch.bfloat16,torch.bfloat16,False,False,asm,3,6,14.5596,_ZN5aiter39bf16gemm_fp32bf16_tn_48x64_splitk_cleanE,0.0179,81.1,2129.28
gfx950,256,39,2304,1536,False,torch.bfloat16,torch.bfloat16,False,False,flydsl,6420,2,6.4879,flydsl_gemm7_abf16_wbf16_bf16_t16x64x64_split_k2_block_m_warp1_block_n_warp2_block_k_warp1_async_copyTrue_b_to_ldsTrue_b_preshuffleFalse_c_to_ldsFalse_gfx950,0.0027,42.55,1137.1
gfx950,256,39,3072,512,False,torch.bfloat16,torch.bfloat16,False,False,flydsl,3484,1,3.977,flydsl_gemm7_abf16_wbf16_bf16_t16x64x64_split_k1_block_m_warp1_block_n_warp2_block_k_warp1_async_copyTrue_b_to_ldsTrue_b_preshuffleFalse_c_to_ldsFalse_gfx950,0.0,30.85,861.27
gfx950,256,39,3584,7168,False,torch.bfloat16,torch.bfloat16,False,False,flydsl,3198,2,15.5961,flydsl_gemm4_abf16_wbf16_bf16_t32x64x128_split_k2_block_m_warp2_block_n_warp2_block_k_warp1_async_copyTrue_b_to_ldsTrue_b_preshuffleFalse_c_to_ldsFalse_gfx950,0.0058,128.48,3348.2
gfx950,256,39,7168,768,False,torch.bfloat16,torch.bfloat16,False,False,flydsl,3859,1,5.225,flydsl_gemm5_abf16_wbf16_bf16_t32x64x128_split_k1_block_m_warp2_block_n_warp1_block_k_warp2_async_copyTrue_b_to_ldsTrue_b_preshuffleFalse_c_to_ldsFalse_gfx950,0.0017,82.18,2225.66
gfx950,256,39,7168,1536,False,torch.bfloat16,torch.bfloat16,False,False,flydsl,4056,1,7.5897,flydsl_gemm4_abf16_wbf16_bf16_t32x64x128_split_k1_block_m_warp1_block_n_warp2_block_k_warp2_async_copyTrue_b_to_ldsTrue_b_preshuffleFalse_c_to_ldsFalse_gfx950,0.0027,113.15,2990.76
gfx950,256,39,7168,4224,False,torch.bfloat16,torch.bfloat16,False,False,asm,3,2,19.3912,_ZN5aiter39bf16gemm_fp32bf16_tn_48x64_splitk_cleanE,0.0048,121.79,3168.65
gfx950,256,40,896,7168,False,torch.bfloat16,torch.bfloat16,False,False,flydsl,3183,7,8.5082,flydsl_gemm5_abf16_wbf16_bf16_t32x64x64_split_k7_block_m_warp1_block_n_warp4_block_k_warp1_async_copyTrue_b_to_ldsTrue_b_preshuffleFalse_c_to_ldsFalse_gfx950,0.0186,60.39,1585.55
gfx950,256,40,1536,128,False,torch.bfloat16,torch.bfloat16,False,False,flydsl,114,1,3.0273,flydsl_gemm2_abf16_wbf16_bf16_t32x64x64_split_k1_block_m_warp2_block_n_warp2_block_k_warp1_async_copyTrue_b_to_ldsTrue_b_preshuffleFalse_c_to_ldsFalse_gfx950,0.0,5.2,173.86
gfx950,256,40,1536,1536,False,torch.bfloat16,torch.bfloat16,False,False,flydsl,6423,3,5.5962,flydsl_gemm7_abf16_wbf16_bf16_t16x64x64_split_k3_block_m_warp1_block_n_warp2_block_k_warp1_async_copyTrue_b_to_ldsTrue_b_preshuffleFalse_c_to_ldsFalse_gfx950,0.0059,33.73,887.09
gfx950,256,40,1536,7168,False,torch.bfloat16,torch.bfloat16,False,False,flydsl,3204,4,10.3945,flydsl_gemm4_abf16_wbf16_bf16_t32x64x128_split_k4_block_m_warp1_block_n_warp4_block_k_warp1_async_copyTrue_b_to_ldsTrue_b_preshuffleFalse_c_to_ldsFalse_gfx950,0.0138,84.74,2185.43
gfx950,256,40,2304,1536,False,torch.bfloat16,torch.bfloat16,False,False,flydsl,3790,2,6.4923,flydsl_gemm4_abf16_wbf16_bf16_t16x64x128_split_k2_block_m_warp1_block_n_warp2_block_k_warp1_async_copyTrue_b_to_ldsTrue_b_preshuffleFalse_c_to_ldsFalse_gfx950,0.0027,43.61,1137.51
gfx950,256,40,3584,7168,False,torch.bfloat16,torch.bfloat16,False,False,flydsl,3198,2,15.5108,flydsl_gemm4_abf16_wbf16_bf16_t32x64x128_split_k2_block_m_warp2_block_n_warp2_block_k_warp1_async_copyTrue_b_to_ldsTrue_b_preshuffleFalse_c_to_ldsFalse_gfx950,0.0058,132.5,3368.0
gfx950,256,40,7168,768,False,torch.bfloat16,torch.bfloat16,False,False,flydsl,3902,1,5.2952,flydsl_gemm5_abf16_wbf16_bf16_t32x64x64_split_k1_block_m_warp1_block_n_warp4_block_k_warp1_async_copyTrue_b_to_ldsTrue_b_preshuffleFalse_c_to_ldsFalse_gfx950,0.0,83.17,2199.15
gfx950,256,40,7168,1024,False,torch.bfloat16,torch.bfloat16,False,False,flydsl,2534,1,5.7756,flydsl_gemm4_abf16_wbf16_bf16_t32x64x128_split_k1_block_m_warp1_block_n_warp4_block_k_warp1_async_copyTrue_b_to_ldsTrue_b_preshuffleFalse_c_to_ldsFalse_gfx950,0.0,101.67,2655.21
gfx950,256,40,7168,1536,False,torch.bfloat16,torch.bfloat16,False,False,flydsl,4056,1,7.6429,flydsl_gemm4_abf16_wbf16_bf16_t32x64x128_split_k1_block_m_warp1_block_n_warp2_block_k_warp2_async_copyTrue_b_to_ldsTrue_b_preshuffleFalse_c_to_ldsFalse_gfx950,0.0027,115.24,2972.22
gfx950,256,40,7168,1792,False,torch.bfloat16,torch.bfloat16,False,False,triton,0,0,11.0993,auto,0.0,92.58,2379.15
gfx950,256,40,7168,4224,False,torch.bfloat16,torch.bfloat16,False,False,asm,3,2,19.1599,_ZN5aiter39bf16gemm_fp32bf16_tn_48x64_splitk_cleanE,0.0048,126.42,3208.09
gfx950,256,41,896,7168,False,torch.bfloat16,torch.bfloat16,False,False,flydsl,3782,7,8.5864,flydsl_gemm6_abf16_wbf16_bf16_t32x64x64_split_k7_block_m_warp1_block_n_warp2_block_k_warp2_async_copyTrue_b_to_ldsTrue_b_preshuffleFalse_c_to_ldsFalse_gfx950,0.0256,61.34,1572.99
gfx950,256,41,1536,128,False,torch.bfloat16,torch.bfloat16,False,False,flydsl,111,1,3.0443,flydsl_gemm2_abf16_wbf16_bf16_t32x64x64_split_k1_block_m_warp1_block_n_warp4_block_k_warp1_async_copyTrue_b_to_ldsTrue_b_preshuffleFalse_c_to_ldsFalse_gfx950,0.0,5.3,173.99
gfx950,256,41,1536,7168,False,torch.bfloat16,torch.bfloat16,False,False,flydsl,5329,4,10.3117,flydsl_gemm8_abf16_wbf16_bf16_t32x64x64_split_k4_block_m_warp1_block_n_warp4_block_k_warp1_async_copyTrue_b_to_ldsTrue_b_preshuffleFalse_c_to_ldsFalse_gfx950,0.0143,87.55,2204.66
gfx950,256,41,2112,7168,False,torch.bfloat16,torch.bfloat16,False,False,asm,3,6,14.5858,_ZN5aiter39bf16gemm_fp32bf16_tn_48x64_splitk_cleanE,0.018,85.11,2128.0
gfx950,256,41,2304,1536,False,torch.bfloat16,torch.bfloat16,False,False,flydsl,6420,2,6.5322,flydsl_gemm7_abf16_wbf16_bf16_t16x64x64_split_k2_block_m_warp1_block_n_warp2_block_k_warp1_async_copyTrue_b_to_ldsTrue_b_preshuffleFalse_c_to_ldsFalse_gfx950,0.0027,44.43,1131.74
gfx950,256,41,3584,7168,False,torch.bfloat16,torch.bfloat16,False,False,flydsl,3195,2,15.6107,flydsl_gemm4_abf16_wbf16_bf16_t32x64x128_split_k2_block_m_warp1_block_n_warp4_block_k_warp1_async_copyTrue_b_to_ldsTrue_b_preshuffleFalse_c_to_ldsFalse_gfx950,0.0058,134.95,3347.82
gfx950,256,41,7168,768,False,torch.bfloat16,torch.bfloat16,False,False,flydsl,5044,1,5.2546,flydsl_gemm7_abf16_wbf16_bf16_t32x64x64_split_k1_block_m_warp1_block_n_warp4_block_k_warp1_async_copyTrue_b_to_ldsTrue_b_preshuffleFalse_c_to_ldsFalse_gfx950,0.0,85.91,2219.16
gfx950,256,41,7168,1536,False,torch.bfloat16,torch.bfloat16,False,False,flydsl,4057,1,7.5856,flydsl_gemm4_abf16_wbf16_bf16_t32x64x128_split_k1_block_m_warp1_block_n_warp4_block_k_warp1_async_copyTrue_b_to_ldsTrue_b_preshuffleFalse_c_to_ldsFalse_gfx950,0.0,119.02,2996.97
gfx950,256,42,896,7168,False,torch.bfloat16,torch.bfloat16,False,False,flydsl,3783,7,8.5616,flydsl_gemm6_abf16_wbf16_bf16_t32x64x64_split_k7_block_m_warp1_block_n_warp4_block_k_warp1_async_copyTrue_b_to_ldsTrue_b_preshuffleFalse_c_to_ldsFalse_gfx950,0.0192,63.01,1579.43
gfx950,256,42,1536,128,False,torch.bfloat16,torch.bfloat16,False,False,flydsl,29,1,2.9517,flydsl_gemm2_abf16_wbf16_bf16_t16x64x64_split_k1_block_m_warp1_block_n_warp2_block_k_warp1_async_copyTrue_b_to_ldsTrue_b_preshuffleFalse_c_to_ldsFalse_gfx950,0.0,5.6,180.57
gfx950,256,42,1536,7168,False,torch.bfloat16,torch.bfloat16,False,False,flydsl,5329,4,10.4161,flydsl_gemm8_abf16_wbf16_bf16_t32x64x64_split_k4_block_m_warp1_block_n_warp4_block_k_warp1_async_copyTrue_b_to_ldsTrue_b_preshuffleFalse_c_to_ldsFalse_gfx950,0.0136,88.79,2184.24
gfx950,256,42,2112,7168,False,torch.bfloat16,torch.bfloat16,False,False,asm,3,6,14.5771,_ZN5aiter39bf16gemm_fp32bf16_tn_48x64_splitk_cleanE,0.0178,87.24,2130.54
gfx950,256,42,2304,1536,False,torch.bfloat16,torch.bfloat16,False,False,flydsl,5795,2,6.5161,flydsl_gemm6_abf16_wbf16_bf16_t16x64x64_split_k2_block_m_warp1_block_n_warp2_block_k_warp1_async_copyTrue_b_to_ldsTrue_b_preshuffleFalse_c_to_ldsFalse_gfx950,0.0027,45.62,1135.72
gfx950,256,42,3072,512,False,torch.bfloat16,torch.bfloat16,False,False,flydsl,3132,1,4.0354,flydsl_gemm6_abf16_wbf16_bf16_t16x64x64_split_k1_block_m_warp1_block_n_warp2_block_k_warp1_async_copyTrue_b_to_ldsTrue_b_preshuffleFalse_c_to_ldsFalse_gfx950,0.0,32.74,854.14
gfx950,256,42,3584,7168,False,torch.bfloat16,torch.bfloat16,False,False,flydsl,3195,2,15.689,flydsl_gemm4_abf16_wbf16_bf16_t32x64x128_split_k2_block_m_warp1_block_n_warp4_block_k_warp1_async_copyTrue_b_to_ldsTrue_b_preshuffleFalse_c_to_ldsFalse_gfx950,0.0059,137.55,3332.49
gfx950,256,42,7168,768,False,torch.bfloat16,torch.bfloat16,False,False,flydsl,5044,1,5.238,flydsl_gemm7_abf16_wbf16_bf16_t32x64x64_split_k1_block_m_warp1_block_n_warp4_block_k_warp1_async_copyTrue_b_to_ldsTrue_b_preshuffleFalse_c_to_ldsFalse_gfx950,0.0,88.28,2229.22
gfx950,256,42,7168,1536,False,torch.bfloat16,torch.bfloat16,False,False,flydsl,4057,1,7.6414,flydsl_gemm4_abf16_wbf16_bf16_t32x64x128_split_k1_block_m_warp1_block_n_warp4_block_k_warp1_async_copyTrue_b_to_ldsTrue_b_preshuffleFalse_c_to_ldsFalse_gfx950,0.0,121.03,2977.36
gfx950,256,42,7168,4224,False,torch.bfloat16,torch.bfloat16,False,False,asm,3,2,18.9079,_ZN5aiter39bf16gemm_fp32bf16_tn_48x64_splitk_cleanE,0.0048,134.51,3253.25
gfx950,256,43,896,7168,False,torch.bfloat16,torch.bfloat16,False,False,flydsl,4196,7,8.8815,flydsl_gemm7_abf16_wbf16_bf16_t32x64x64_split_k7_block_m_warp2_block_n_warp2_block_k_warp1_async_copyTrue_b_to_ldsTrue_b_preshuffleFalse_c_to_ldsFalse_gfx950,0.0194,62.19,1524.36
gfx950,256,43,1536,128,False,torch.bfloat16,torch.bfloat16,False,False,flydsl,29,1,2.945,flydsl_gemm2_abf16_wbf16_bf16_t16x64x64_split_k1_block_m_warp1_block_n_warp2_block_k_warp1_async_copyTrue_b_to_ldsTrue_b_preshuffleFalse_c_to_ldsFalse_gfx950,0.0,5.74,182.11
gfx950,256,43,1536,7168,False,torch.bfloat16,torch.bfloat16,False,False,flydsl,3207,4,10.4482,flydsl_gemm4_abf16_wbf16_bf16_t32x64x128_split_k4_block_m_warp2_block_n_warp2_block_k_warp1_async_copyTrue_b_to_ldsTrue_b_preshuffleFalse_c_to_ldsFalse_gfx950,0.0134,90.62,2179.19
gfx950,256,43,2112,7168,False,torch.bfloat16,torch.bfloat16,False,False,asm,3,7,14.6905,_ZN5aiter39bf16gemm_fp32bf16_tn_48x64_splitk_cleanE,0.0202,88.62,2115.36
gfx950,256,43,2304,1536,False,torch.bfloat16,torch.bfloat16,False,False,flydsl,4969,2,6.5966,flydsl_gemm5_abf16_wbf16_bf16_t16x64x128_split_k2_block_m_warp1_block_n_warp2_block_k_warp1_async_copyTrue_b_to_ldsTrue_b_preshuffleFalse_c_to_ldsFalse_gfx950,0.0027,46.14,1123.02
gfx950,256,43,3584,7168,False,torch.bfloat16,torch.bfloat16,False,False,flydsl,3198,2,15.9622,flydsl_gemm4_abf16_wbf16_bf16_t32x64x128_split_k2_block_m_warp2_block_n_warp2_block_k_warp1_async_copyTrue_b_to_ldsTrue_b_preshuffleFalse_c_to_ldsFalse_gfx950,0.0059,138.41,3276.8
gfx950,256,43,7168,768,False,torch.bfloat16,torch.bfloat16,False,False,flydsl,4560,1,5.3408,flydsl_gemm6_abf16_wbf16_bf16_t32x64x64_split_k1_block_m_warp2_block_n_warp1_block_k_warp2_async_copyTrue_b_to_ldsTrue_b_preshuffleFalse_c_to_ldsFalse_gfx950,0.0016,88.64,2189.29
gfx950,256,43,7168,1536,False,torch.bfloat16,torch.bfloat16,False,False,flydsl,4057,1,7.6212,flydsl_gemm4_abf16_wbf16_bf16_t32x64x128_split_k1_block_m_warp1_block_n_warp4_block_k_warp1_async_copyTrue_b_to_ldsTrue_b_preshuffleFalse_c_to_ldsFalse_gfx950,0.0,124.24,2987.54
gfx950,256,43,7168,4224,False,torch.bfloat16,torch.bfloat16,False,False,asm,3,2,19.7444,_ZN5aiter39bf16gemm_fp32bf16_tn_48x64_splitk_cleanE,0.0048,131.88,3116.58
gfx950,256,44,896,7168,False,torch.bfloat16,torch.bfloat16,False,False,flydsl,3183,7,8.806,flydsl_gemm5_abf16_wbf16_bf16_t32x64x64_split_k7_block_m_warp1_block_n_warp4_block_k_warp1_async_copyTrue_b_to_ldsTrue_b_preshuffleFalse_c_to_ldsFalse_gfx950,0.02,64.18,1539.26
gfx950,256,44,1536,128,False,torch.bfloat16,torch.bfloat16,False,False,flydsl,28,1,3.0285,flydsl_gemm2_abf16_wbf16_bf16_t16x64x64_split_k1_block_m_warp1_block_n_warp1_block_k_warp2_async_copyTrue_b_to_ldsTrue_b_preshuffleFalse_c_to_ldsFalse_gfx950,0.0001,5.71,178.19
gfx950,256,44,1536,7168,False,torch.bfloat16,torch.bfloat16,False,False,flydsl,3207,4,10.5941,flydsl_gemm4_abf16_wbf16_bf16_t32x64x128_split_k4_block_m_warp2_block_n_warp2_block_k_warp1_async_copyTrue_b_to_ldsTrue_b_preshuffleFalse_c_to_ldsFalse_gfx950,0.014,91.46,2150.82
gfx950,256,44,2112,7168,False,torch.bfloat16,torch.bfloat16,False,False,asm,3,6,14.6284,_ZN5aiter39bf16gemm_fp32bf16_tn_48x64_splitk_cleanE,0.0183,91.07,2125.61
gfx950,256,44,2304,1536,False,torch.bfloat16,torch.bfloat16,False,False,flydsl,5795,2,6.6656,flydsl_gemm6_abf16_wbf16_bf16_t16x64x64_split_k2_block_m_warp1_block_n_warp2_block_k_warp1_async_copyTrue_b_to_ldsTrue_b_preshuffleFalse_c_to_ldsFalse_gfx950,0.0027,46.72,1112.55
gfx950,256,44,3584,7168,False,torch.bfloat16,torch.bfloat16,False,False,flydsl,3195,2,15.931,flydsl_gemm4_abf16_wbf16_bf16_t32x64x128_split_k2_block_m_warp1_block_n_warp4_block_k_warp1_async_copyTrue_b_to_ldsTrue_b_preshuffleFalse_c_to_ldsFalse_gfx950,0.0058,141.91,3284.56
gfx950,256,44,7168,768,False,torch.bfloat16,torch.bfloat16,False,False,flydsl,3857,1,5.2323,flydsl_gemm5_abf16_wbf16_bf16_t32x64x128_split_k1_block_m_warp1_block_n_warp4_block_k_warp1_async_copyTrue_b_to_ldsTrue_b_preshuffleFalse_c_to_ldsFalse_gfx950,0.0,92.59,2237.72
gfx950,256,44,7168,1536,False,torch.bfloat16,torch.bfloat16,False,False,flydsl,4057,1,7.6549,flydsl_gemm4_abf16_wbf16_bf16_t32x64x128_split_k1_block_m_warp1_block_n_warp4_block_k_warp1_async_copyTrue_b_to_ldsTrue_b_preshuffleFalse_c_to_ldsFalse_gfx950,0.0,126.57,2976.66
gfx950,256,45,896,7168,False,torch.bfloat16,torch.bfloat16,False,False,flydsl,3786,7,8.7231,flydsl_gemm6_abf16_wbf16_bf16_t32x64x64_split_k7_block_m_warp2_block_n_warp2_block_k_warp1_async_copyTrue_b_to_ldsTrue_b_preshuffleFalse_c_to_ldsFalse_gfx950,0.0192,66.26,1555.73
gfx950,256,45,1536,128,False,torch.bfloat16,torch.bfloat16,False,False,flydsl,29,1,2.9358,flydsl_gemm2_abf16_wbf16_bf16_t16x64x64_split_k1_block_m_warp1_block_n_warp2_block_k_warp1_async_copyTrue_b_to_ldsTrue_b_preshuffleFalse_c_to_ldsFalse_gfx950,0.0,6.03,184.95
gfx950,256,45,1536,7168,False,torch.bfloat16,torch.bfloat16,False,False,flydsl,3204,4,10.4716,flydsl_gemm4_abf16_wbf16_bf16_t32x64x128_split_k4_block_m_warp1_block_n_warp4_block_k_warp1_async_copyTrue_b_to_ldsTrue_b_preshuffleFalse_c_to_ldsFalse_gfx950,0.014,94.63,2177.65
gfx950,256,45,2112,7168,False,torch.bfloat16,torch.bfloat16,False,False,asm,3,7,14.7498,_ZN5aiter39bf16gemm_fp32bf16_tn_48x64_splitk_cleanE,0.0195,92.37,2109.37
gfx950,256,45,2304,1536,False,torch.bfloat16,torch.bfloat16,False,False,flydsl,4969,2,6.6794,flydsl_gemm5_abf16_wbf16_bf16_t16x64x128_split_k2_block_m_warp1_block_n_warp2_block_k_warp1_async_copyTrue_b_to_ldsTrue_b_preshuffleFalse_c_to_ldsFalse_gfx950,0.0027,47.68,1111.4
gfx950,256,45,3072,512,False,torch.bfloat16,torch.bfloat16,False,False,flydsl,3484,1,4.0632,flydsl_gemm7_abf16_wbf16_bf16_t16x64x64_split_k1_block_m_warp1_block_n_warp2_block_k_warp1_async_copyTrue_b_to_ldsTrue_b_preshuffleFalse_c_to_ldsFalse_gfx950,0.0,34.84,853.59
gfx950,256,45,3584,7168,False,torch.bfloat16,torch.bfloat16,False,False,flydsl,3198,2,16.068,flydsl_gemm4_abf16_wbf16_bf16_t32x64x128_split_k2_block_m_warp2_block_n_warp2_block_k_warp1_async_copyTrue_b_to_ldsTrue_b_preshuffleFalse_c_to_ldsFalse_gfx950,0.0059,143.9,3257.9
gfx950,256,45,7168,768,False,torch.bfloat16,torch.bfloat16,False,False,flydsl,3857,1,5.239,flydsl_gemm5_abf16_wbf16_bf16_t32x64x128_split_k1_block_m_warp1_block_n_warp4_block_k_warp1_async_copyTrue_b_to_ldsTrue_b_preshuffleFalse_c_to_ldsFalse_gfx950,0.0,94.57,2237.89
gfx950,256,45,7168,1536,False,torch.bfloat16,torch.bfloat16,False,False,flydsl,6941,1,7.7967,flydsl_gemm8_abf16_wbf16_bf16_t32x64x64_split_k1_block_m_warp1_block_n_warp4_block_k_warp1_async_copyTrue_b_to_ldsTrue_b_preshuffleFalse_c_to_ldsFalse_gfx950,0.0,127.09,2924.76
gfx950,256,45,7168,4224,False,torch.bfloat16,torch.bfloat16,False,False,asm,3,2,19.0299,_ZN5aiter39bf16gemm_fp32bf16_tn_48x64_splitk_cleanE,0.0048,143.2,3235.99
gfx950,256,46,896,7168,False,torch.bfloat16,torch.bfloat16,False,False,flydsl,3186,7,8.7676,flydsl_gemm5_abf16_wbf16_bf16_t32x64x64_split_k7_block_m_warp2_block_n_warp2_block_k_warp1_async_copyTrue_b_to_ldsTrue_b_preshuffleFalse_c_to_ldsFalse_gfx950,0.0191,67.39,1549.68
gfx950,256,46,1536,128,False,torch.bfloat16,torch.bfloat16,False,False,flydsl,27,1,3.0395,flydsl_gemm2_abf16_wbf16_bf16_t16x64x64_split_k1_block_m_warp1_block_n_warp1_block_k_warp1_async_copyTrue_b_to_ldsTrue_b_preshuffleFalse_c_to_ldsFalse_gfx950,0.0,5.95,179.73
gfx950,256,46,1536,7168,False,torch.bfloat16,torch.bfloat16,False,False,flydsl,3964,4,10.7014,flydsl_gemm5_abf16_wbf16_bf16_t32x64x128_split_k4_block_m_warp1_block_n_warp4_block_k_warp1_async_copyTrue_b_to_ldsTrue_b_preshuffleFalse_c_to_ldsFalse_gfx950,0.0141,94.65,2132.51
gfx950,256,46,2112,7168,False,torch.bfloat16,torch.bfloat16,False,False,asm,3,6,14.6321,_ZN5aiter39bf16gemm_fp32bf16_tn_48x64_splitk_cleanE,0.0178,95.19,2127.61
gfx950,256,46,2304,1536,False,torch.bfloat16,torch.bfloat16,False,False,flydsl,3790,2,6.7534,flydsl_gemm4_abf16_wbf16_bf16_t16x64x128_split_k2_block_m_warp1_block_n_warp2_block_k_warp1_async_copyTrue_b_to_ldsTrue_b_preshuffleFalse_c_to_ldsFalse_gfx950,0.0027,48.21,1100.36
gfx950,256,46,3584,7168,False,torch.bfloat16,torch.bfloat16,False,False,flydsl,3195,2,16.2261,flydsl_gemm4_abf16_wbf16_bf16_t32x64x128_split_k2_block_m_warp1_block_n_warp4_block_k_warp1_async_copyTrue_b_to_ldsTrue_b_preshuffleFalse_c_to_ldsFalse_gfx950,0.0058,145.66,3227.48
gfx950,256,46,7168,768,False,torch.bfloat16,torch.bfloat16,False,False,flydsl,4557,1,5.4292,flydsl_gemm6_abf16_wbf16_bf16_t32x64x64_split_k1_block_m_warp1_block_n_warp2_block_k_warp2_async_copyTrue_b_to_ldsTrue_b_preshuffleFalse_c_to_ldsFalse_gfx950,0.0017,93.28,2162.41
gfx950,256,46,7168,1536,False,torch.bfloat16,torch.bfloat16,False,False,flydsl,4057,1,7.7572,flydsl_gemm4_abf16_wbf16_bf16_t32x64x128_split_k1_block_m_warp1_block_n_warp4_block_k_warp1_async_copyTrue_b_to_ldsTrue_b_preshuffleFalse_c_to_ldsFalse_gfx950,0.0,130.58,2941.89
gfx950,256,46,7168,4224,False,torch.bfloat16,torch.bfloat16,False,False,asm,3,2,19.0867,_ZN5aiter39bf16gemm_fp32bf16_tn_48x64_splitk_cleanE,0.0048,145.94,3227.55
gfx950,256,47,896,7168,False,torch.bfloat16,torch.bfloat16,False,False,flydsl,4193,7,8.9828,flydsl_gemm7_abf16_wbf16_bf16_t32x64x64_split_k7_block_m_warp1_block_n_warp4_block_k_warp1_async_copyTrue_b_to_ldsTrue_b_preshuffleFalse_c_to_ldsFalse_gfx950,0.0192,67.21,1514.35
gfx950,256,47,1536,128,False,torch.bfloat16,torch.bfloat16,False,False,flydsl,29,1,2.9124,flydsl_gemm2_abf16_wbf16_bf16_t16x64x64_split_k1_block_m_warp1_block_n_warp2_block_k_warp1_async_copyTrue_b_to_ldsTrue_b_preshuffleFalse_c_to_ldsFalse_gfx950,0.0,6.35,188.72
gfx950,256,47,1536,7168,False,torch.bfloat16,torch.bfloat16,False,False,flydsl,3964,4,10.6736,flydsl_gemm5_abf16_wbf16_bf16_t32x64x128_split_k4_block_m_warp1_block_n_warp4_block_k_warp1_async_copyTrue_b_to_ldsTrue_b_preshuffleFalse_c_to_ldsFalse_gfx950,0.0138,96.96,2139.7
gfx950,256,47,2112,7168,False,torch.bfloat16,torch.bfloat16,False,False,asm,3,6,14.613,_ZN5aiter39bf16gemm_fp32bf16_tn_48x64_splitk_cleanE,0.018,97.38,2131.66
gfx950,256,47,2304,1536,False,torch.bfloat16,torch.bfloat16,False,False,flydsl,3790,2,6.7966,flydsl_gemm4_abf16_wbf16_bf16_t16x64x128_split_k2_block_m_warp1_block_n_warp2_block_k_warp1_async_copyTrue_b_to_ldsTrue_b_preshuffleFalse_c_to_ldsFalse_gfx950,0.0028,48.95,1094.5
gfx950,256,47,3584,7168,False,torch.bfloat16,torch.bfloat16,False,False,flydsl,3195,2,16.1991,flydsl_gemm4_abf16_wbf16_bf16_t32x64x128_split_k2_block_m_warp1_block_n_warp4_block_k_warp1_async_copyTrue_b_to_ldsTrue_b_preshuffleFalse_c_to_ldsFalse_gfx950,0.0059,149.07,3234.19
gfx950,256,47,7168,768,False,torch.bfloat16,torch.bfloat16,False,False,flydsl,3032,1,5.4215,flydsl_gemm4_abf16_wbf16_bf16_t32x64x128_split_k1_block_m_warp1_block_n_warp2_block_k_warp2_async_copyTrue_b_to_ldsTrue_b_preshuffleFalse_c_to_ldsFalse_gfx950,0.0017,95.45,2168.41
gfx950,256,47,7168,1536,False,torch.bfloat16,torch.bfloat16,False,False,flydsl,4057,1,7.72,flydsl_gemm4_abf16_wbf16_bf16_t32x64x128_split_k1_block_m_warp1_block_n_warp4_block_k_warp1_async_copyTrue_b_to_ldsTrue_b_preshuffleFalse_c_to_ldsFalse_gfx950,0.0,134.06,2958.33
gfx950,256,47,7168,4224,False,torch.bfloat16,torch.bfloat16,False,False,asm,3,2,19.9178,_ZN5aiter39bf16gemm_fp32bf16_tn_48x64_splitk_cleanE,0.0048,142.89,3094.02
gfx950,256,48,896,7168,False,torch.bfloat16,torch.bfloat16,False,False,flydsl,3783,7,8.9181,flydsl_gemm6_abf16_wbf16_bf16_t32x64x64_split_k7_block_m_warp1_block_n_warp4_block_k_warp1_async_copyTrue_b_to_ldsTrue_b_preshuffleFalse_c_to_ldsFalse_gfx950,0.0185,69.14,1527.14
gfx950,256,48,1536,128,False,torch.bfloat16,torch.bfloat16,False,False,flydsl,27,1,3.0562,flydsl_gemm2_abf16_wbf16_bf16_t16x64x64_split_k1_block_m_warp1_block_n_warp1_block_k_warp1_async_copyTrue_b_to_ldsTrue_b_preshuffleFalse_c_to_ldsFalse_gfx950,0.0,6.18,180.93
gfx950,256,48,1536,7168,False,torch.bfloat16,torch.bfloat16,False,False,flydsl,3203,4,10.7257,flydsl_gemm4_abf16_wbf16_bf16_t32x64x128_split_k4_block_m_warp1_block_n_warp2_block_k_warp2_async_copyTrue_b_to_ldsTrue_b_preshuffleFalse_c_to_ldsFalse_gfx950,0.0219,98.55,2130.93
gfx950,256,48,2304,1536,False,torch.bfloat16,torch.bfloat16,False,False,flydsl,4969,2,6.7905,flydsl_gemm5_abf16_wbf16_bf16_t16x64x128_split_k2_block_m_warp1_block_n_warp2_block_k_warp1_async_copyTrue_b_to_ldsTrue_b_preshuffleFalse_c_to_ldsFalse_gfx950,0.0027,50.03,1096.61
gfx950,256,48,3072,512,False,torch.bfloat16,torch.bfloat16,False,False,flydsl,3484,1,4.0584,flydsl_gemm7_abf16_wbf16_bf16_t16x64x64_split_k1_block_m_warp1_block_n_warp2_block_k_warp1_async_copyTrue_b_to_ldsTrue_b_preshuffleFalse_c_to_ldsFalse_gfx950,0.0,37.21,859.89
gfx950,256,48,3584,7168,False,torch.bfloat16,torch.bfloat16,False,False,flydsl,3324,4,16.3316,flydsl_gemm4_abf16_wbf16_bf16_t48x64x64_split_k4_block_m_warp1_block_n_warp2_block_k_warp1_async_copyTrue_b_to_ldsTrue_b_preshuffleFalse_c_to_ldsFalse_gfx950,0.0137,151.01,3209.26
gfx950,256,48,4480,7168,False,torch.bfloat16,torch.bfloat16,False,False,flydsl,2200,4,17.7356,flydsl_hgemm_abf16_wbf16_bf16_t48x96x128x3_ks4_w1x2x1_bias0_ktail0_gm0_pft_gfx950,0.014,173.82,3684.31
gfx950,256,48,6016,7168,False,torch.bfloat16,torch.bfloat16,False,False,flydsl,3277,4,20.9374,flydsl_hgemm_abf16_wbf16_bf16_t64x96x64x7_ks4_w2x2x1_bias0_ktail0_gm0_pft_gfx950,0.0136,197.72,4179.65
gfx950,256,48,7168,768,False,torch.bfloat16,torch.bfloat16,False,False,flydsl,3860,1,5.3934,flydsl_gemm5_abf16_wbf16_bf16_t32x64x128_split_k1_block_m_warp2_block_n_warp2_block_k_warp1_async_copyTrue_b_to_ldsTrue_b_preshuffleFalse_c_to_ldsFalse_gfx950,0.0,97.99,2182.65
gfx950,256,48,7168,1536,False,torch.bfloat16,torch.bfloat16,False,False,flydsl,3786,1,7.91,flydsl_gemm4_abf16_wbf16_bf16_t16x64x128_split_k1_block_m_warp1_block_n_warp1_block_k_warp2_async_copyTrue_b_to_ldsTrue_b_preshuffleFalse_c_to_ldsFalse_gfx950,0.0028,133.62,2889.47
gfx950,256,48,7168,4224,False,torch.bfloat16,torch.bfloat16,False,False,asm,3,2,19.5092,_ZN5aiter39bf16gemm_fp32bf16_tn_48x64_splitk_cleanE,0.0048,148.99,3159.99
gfx950,256,48,7168,35840,False,torch.bfloat16,torch.bfloat16,False,False,flydsl,2066,4,95.6056,flydsl_hgemm_abf16_wbf16_bf16_t64x128x128x3_ks4_w1x4x1_bias0_ktail0_gm0_pft_gfx950,0.0175,257.96,5417.37
gfx950,256,48,20480,7168,False,torch.bfloat16,torch.bfloat16,False,False,flydsl,896,1,52.1294,flydsl_hgemm_abf16_wbf16_bf16_t48x96x128x3_ks1_w1x2x2_bias0_ktail0_gm0_pft_gfx950,0.006,270.34,5683.08
gfx950,256,49,896,7168,False,torch.bfloat16,torch.bfloat16,False,False,flydsl,3186,7,9.1795,flydsl_gemm5_abf16_wbf16_bf16_t32x64x64_split_k7_block_m_warp2_block_n_warp2_block_k_warp1_async_copyTrue_b_to_ldsTrue_b_preshuffleFalse_c_to_ldsFalse_gfx950,0.0198,68.57,1485.41
gfx950,256,49,1536,128,False,torch.bfloat16,torch.bfloat16,False,False,flydsl,29,1,2.9465,flydsl_gemm2_abf16_wbf16_bf16_t16x64x64_split_k1_block_m_warp1_block_n_warp2_block_k_warp1_async_copyTrue_b_to_ldsTrue_b_preshuffleFalse_c_to_ldsFalse_gfx950,0.0,6.54,188.8
gfx950,256,49,1536,7168,False,torch.bfloat16,torch.bfloat16,False,False,flydsl,5329,4,10.9327,flydsl_gemm8_abf16_wbf16_bf16_t32x64x64_split_k4_block_m_warp1_block_n_warp4_block_k_warp1_async_copyTrue_b_to_ldsTrue_b_preshuffleFalse_c_to_ldsFalse_gfx950,0.014,98.69,2092.17
gfx950,256,49,2112,7168,False,torch.bfloat16,torch.bfloat16,False,False,asm,5,6,15.062,_ZN5aiter39bf16gemm_fp32bf16_tn_64x64_splitk_cleanE,0.0181,98.5,2070.58
gfx950,256,49,2304,1536,False,torch.bfloat16,torch.bfloat16,False,False,flydsl,3786,1,6.6277,flydsl_gemm4_abf16_wbf16_bf16_t16x64x128_split_k1_block_m_warp1_block_n_warp1_block_k_warp2_async_copyTrue_b_to_ldsTrue_b_preshuffleFalse_c_to_ldsFalse_gfx950,0.0029,52.33,1124.71
gfx950,256,49,3584,7168,False,torch.bfloat16,torch.bfloat16,False,False,flydsl,3197,2,16.6018,flydsl_gemm4_abf16_wbf16_bf16_t32x64x128_split_k2_block_m_warp2_block_n_warp1_block_k_warp2_async_copyTrue_b_to_ldsTrue_b_preshuffleFalse_c_to_ldsFalse_gfx950,0.014,151.65,3158.33
gfx950,256,49,7168,768,False,torch.bfloat16,torch.bfloat16,False,False,flydsl,3857,1,5.3175,flydsl_gemm5_abf16_wbf16_bf16_t32x64x128_split_k1_block_m_warp1_block_n_warp4_block_k_warp1_async_copyTrue_b_to_ldsTrue_b_preshuffleFalse_c_to_ldsFalse_gfx950,0.0,101.46,2216.79
gfx950,256,49,7168,1536,False,torch.bfloat16,torch.bfloat16,False,False,flydsl,4057,1,7.8191,flydsl_gemm4_abf16_wbf16_bf16_t32x64x128_split_k1_block_m_warp1_block_n_warp4_block_k_warp1_async_copyTrue_b_to_ldsTrue_b_preshuffleFalse_c_to_ldsFalse_gfx950,0.0,137.99,2925.28
gfx950,256,49,7168,3584,False,torch.bfloat16,torch.bfloat16,False,False,asm,7,2,18.1796,_ZN5aiter39bf16gemm_fp32bf16_tn_80x64_splitk_cleanE,0.0048,138.49,2884.22
gfx950,256,49,7168,4224,False,torch.bfloat16,torch.bfloat16,False,False,asm,7,2,20.195,_ZN5aiter39bf16gemm_fp32bf16_tn_80x64_splitk_cleanE,0.0049,146.93,3053.81
gfx950,256,50,896,7168,False,torch.bfloat16,torch.bfloat16,False,False,flydsl,3783,7,9.025,flydsl_gemm6_abf16_wbf16_bf16_t32x64x64_split_k7_block_m_warp1_block_n_warp4_block_k_warp1_async_copyTrue_b_to_ldsTrue_b_preshuffleFalse_c_to_ldsFalse_gfx950,0.0192,71.16,1512.63
gfx950,256,50,1536,128,False,torch.bfloat16,torch.bfloat16,False,False,flydsl,27,1,3.0406,flydsl_gemm2_abf16_wbf16_bf16_t16x64x64_split_k1_block_m_warp1_block_n_warp1_block_k_warp1_async_copyTrue_b_to_ldsTrue_b_preshuffleFalse_c_to_ldsFalse_gfx950,0.0,6.47,184.05
gfx950,256,50,1536,7168,False,torch.bfloat16,torch.bfloat16,False,False,flydsl,3204,4,10.851,flydsl_gemm4_abf16_wbf16_bf16_t32x64x128_split_k4_block_m_warp1_block_n_warp4_block_k_warp1_async_copyTrue_b_to_ldsTrue_b_preshuffleFalse_c_to_ldsFalse_gfx950,0.0139,101.47,2109.53
gfx950,256,50,2112,7168,False,torch.bfloat16,torch.bfloat16,False,False,asm,5,6,14.8939,_ZN5aiter39bf16gemm_fp32bf16_tn_64x64_splitk_cleanE,0.0177,101.64,2095.2
gfx950,256,50,2304,1536,False,torch.bfloat16,torch.bfloat16,False,False,flydsl,3787,1,6.6075,flydsl_gemm4_abf16_wbf16_bf16_t16x64x128_split_k1_block_m_warp1_block_n_warp2_block_k_warp1_async_copyTrue_b_to_ldsTrue_b_preshuffleFalse_c_to_ldsFalse_gfx950,0.0,53.56,1129.31
gfx950,256,50,3584,7168,False,torch.bfloat16,torch.bfloat16,False,False,flydsl,2009,4,16.5182,flydsl_gemm3_abf16_wbf16_bf16_t32x64x128_split_k4_block_m_warp2_block_n_warp2_block_k_warp1_async_copyTrue_b_to_ldsTrue_b_preshuffleFalse_c_to_ldsFalse_gfx950,0.0135,155.53,3175.61
gfx950,256,50,7168,768,False,torch.bfloat16,torch.bfloat16,False,False,flydsl,1863,1,5.4527,flydsl_gemm3_abf16_wbf16_bf16_t32x64x256_split_k1_block_m_warp1_block_n_warp4_block_k_warp1_async_copyTrue_b_to_ldsTrue_b_preshuffleFalse_c_to_ldsFalse_gfx950,0.0,100.96,2164.73
gfx950,256,50,7168,1536,False,torch.bfloat16,torch.bfloat16,False,False,flydsl,5077,1,8.0028,flydsl_gemm5_abf16_wbf16_bf16_t32x64x128_split_k1_block_m_warp1_block_n_warp4_block_k_warp1_async_copyTrue_b_to_ldsTrue_b_preshuffleFalse_c_to_ldsFalse_gfx950,0.0,137.58,2860.31
gfx950,256,50,7168,3584,False,torch.bfloat16,torch.bfloat16,False,False,asm,5,2,18.0252,_ZN5aiter39bf16gemm_fp32bf16_tn_64x64_splitk_cleanE,0.0048,142.52,2910.12
gfx950,256,50,7168,4224,False,torch.bfloat16,torch.bfloat16,False,False,asm,5,2,20.2848,_ZN5aiter39bf16gemm_fp32bf16_tn_64x64_splitk_cleanE,0.0049,149.26,3041.41
gfx950,256,51,896,7168,False,torch.bfloat16,torch.bfloat16,False,False,flydsl,4193,7,9.2772,flydsl_gemm7_abf16_wbf16_bf16_t32x64x64_split_k7_block_m_warp1_block_n_warp4_block_k_warp1_async_copyTrue_b_to_ldsTrue_b_preshuffleFalse_c_to_ldsFalse_gfx950,0.019,70.61,1473.24
gfx950,256,51,1536,128,False,torch.bfloat16,torch.bfloat16,False,False,flydsl,29,1,2.9118,flydsl_gemm2_abf16_wbf16_bf16_t16x64x64_split_k1_block_m_warp1_block_n_warp2_block_k_warp1_async_copyTrue_b_to_ldsTrue_b_preshuffleFalse_c_to_ldsFalse_gfx950,0.0,6.89,193.33
gfx950,256,51,1536,7168,False,torch.bfloat16,torch.bfloat16,False,False,flydsl,3204,4,10.9437,flydsl_gemm4_abf16_wbf16_bf16_t32x64x128_split_k4_block_m_warp1_block_n_warp4_block_k_warp1_async_copyTrue_b_to_ldsTrue_b_preshuffleFalse_c_to_ldsFalse_gfx950,0.0135,102.62,2093.25
gfx950,256,51,2112,7168,False,torch.bfloat16,torch.bfloat16,False,False,asm,5,6,15.1294,_ZN5aiter39bf16gemm_fp32bf16_tn_64x64_splitk_cleanE,0.0185,102.06,2063.81
gfx950,256,51,2304,1536,False,torch.bfloat16,torch.bfloat16,False,False,flydsl,3787,1,6.6383,flydsl_gemm4_abf16_wbf16_bf16_t16x64x128_split_k1_block_m_warp1_block_n_warp2_block_k_warp1_async_copyTrue_b_to_ldsTrue_b_preshuffleFalse_c_to_ldsFalse_gfx950,0.0,54.38,1125.22
gfx950,256,51,3072,512,False,torch.bfloat16,torch.bfloat16,False,False,flydsl,3132,1,3.9666,flydsl_gemm6_abf16_wbf16_bf16_t16x64x64_split_k1_block_m_warp1_block_n_warp2_block_k_warp1_async_copyTrue_b_to_ldsTrue_b_preshuffleFalse_c_to_ldsFalse_gfx950,0.0,40.45,885.22
gfx950,256,51,3584,7168,False,torch.bfloat16,torch.bfloat16,False,False,flydsl,2009,4,16.6647,flydsl_gemm3_abf16_wbf16_bf16_t32x64x128_split_k4_block_m_warp2_block_n_warp2_block_k_warp1_async_copyTrue_b_to_ldsTrue_b_preshuffleFalse_c_to_ldsFalse_gfx950,0.0135,157.24,3148.99
gfx950,256,51,7168,768,False,torch.bfloat16,torch.bfloat16,False,False,flydsl,3860,1,5.3471,flydsl_gemm5_abf16_wbf16_bf16_t32x64x128_split_k1_block_m_warp2_block_n_warp2_block_k_warp1_async_copyTrue_b_to_ldsTrue_b_preshuffleFalse_c_to_ldsFalse_gfx950,0.0,105.01,2210.45
gfx950,256,51,7168,1536,False,torch.bfloat16,torch.bfloat16,False,False,flydsl,5076,1,7.9948,flydsl_gemm5_abf16_wbf16_bf16_t32x64x128_split_k1_block_m_warp1_block_n_warp2_block_k_warp2_async_copyTrue_b_to_ldsTrue_b_preshuffleFalse_c_to_ldsFalse_gfx950,0.0028,140.47,2865.35
gfx950,256,51,7168,3584,False,torch.bfloat16,torch.bfloat16,False,False,asm,7,2,17.8511,_ZN5aiter39bf16gemm_fp32bf16_tn_80x64_splitk_cleanE,0.0048,146.79,2939.7
gfx950,256,51,7168,4224,False,torch.bfloat16,torch.bfloat16,False,False,asm,5,2,20.0721,_ZN5aiter39bf16gemm_fp32bf16_tn_64x64_splitk_cleanE,0.0049,153.86,3074.78
gfx950,256,52,896,7168,False,torch.bfloat16,torch.bfloat16,False,False,flydsl,3783,7,9.1719,flydsl_gemm6_abf16_wbf16_bf16_t32x64x64_split_k7_block_m_warp1_block_n_warp4_block_k_warp1_async_copyTrue_b_to_ldsTrue_b_preshuffleFalse_c_to_ldsFalse_gfx950,0.0193,72.82,1491.92
gfx950,256,52,1536,128,False,torch.bfloat16,torch.bfloat16,False,False,flydsl,27,1,2.987,flydsl_gemm2_abf16_wbf16_bf16_t16x64x64_split_k1_block_m_warp1_block_n_warp1_block_k_warp1_async_copyTrue_b_to_ldsTrue_b_preshuffleFalse_c_to_ldsFalse_gfx950,0.0,6.85,189.58
gfx950,256,52,1536,7168,False,torch.bfloat16,torch.bfloat16,False,False,flydsl,3204,4,10.9467,flydsl_gemm4_abf16_wbf16_bf16_t32x64x128_split_k4_block_m_warp1_block_n_warp4_block_k_warp1_async_copyTrue_b_to_ldsTrue_b_preshuffleFalse_c_to_ldsFalse_gfx950,0.0136,104.6,2094.27
gfx950,256,52,2112,7168,False,torch.bfloat16,torch.bfloat16,False,False,flydsl,1259,4,15.0944,flydsl_gemm4_abf16_wbf16_bf16_t48x64x64_split_k4_block_m_warp1_block_n_warp2_block_k_warp1_async_copyTrue_b_to_ldsTrue_b_preshuffleFalse_c_to_ldsFalse_gfx950,0.0136,104.31,2069.82
gfx950,256,52,2304,1536,False,torch.bfloat16,torch.bfloat16,False,False,flydsl,5773,1,6.7434,flydsl_gemm6_abf16_wbf16_bf16_t16x64x128_split_k1_block_m_warp1_block_n_warp1_block_k_warp2_async_copyTrue_b_to_ldsTrue_b_preshuffleFalse_c_to_ldsFalse_gfx950,0.003,54.58,1108.82
gfx950,256,52,3584,7168,False,torch.bfloat16,torch.bfloat16,False,False,flydsl,2005,4,16.7409,flydsl_gemm3_abf16_wbf16_bf16_t32x64x128_split_k4_block_m_warp1_block_n_warp2_block_k_warp2_async_copyTrue_b_to_ldsTrue_b_preshuffleFalse_c_to_ldsFalse_gfx950,0.0214,159.6,3135.94
gfx950,256,52,7168,768,False,torch.bfloat16,torch.bfloat16,False,False,flydsl,3859,1,5.4683,flydsl_gemm5_abf16_wbf16_bf16_t32x64x128_split_k1_block_m_warp2_block_n_warp1_block_k_warp2_async_copyTrue_b_to_ldsTrue_b_preshuffleFalse_c_to_ldsFalse_gfx950,0.0017,104.7,2164.36
gfx950,256,52,7168,1536,False,torch.bfloat16,torch.bfloat16,False,False,flydsl,4057,1,7.9913,flydsl_gemm4_abf16_wbf16_bf16_t32x64x128_split_k1_block_m_warp1_block_n_warp4_block_k_warp1_async_copyTrue_b_to_ldsTrue_b_preshuffleFalse_c_to_ldsFalse_gfx950,0.0,143.29,2868.78
gfx950,256,52,7168,3584,False,torch.bfloat16,torch.bfloat16,False,False,asm,5,2,18.3773,_ZN5aiter39bf16gemm_fp32bf16_tn_64x64_splitk_cleanE,0.0048,145.38,2856.7
gfx950,256,52,7168,4224,False,torch.bfloat16,torch.bfloat16,False,False,asm,5,2,20.6725,_ZN5aiter39bf16gemm_fp32bf16_tn_64x64_splitk_cleanE,0.0049,152.32,2986.58
gfx950,256,53,896,7168,False,torch.bfloat16,torch.bfloat16,False,False,flydsl,3141,7,9.3842,flydsl_gemm5_abf16_wbf16_bf16_t32x64x128_split_k7_block_m_warp2_block_n_warp2_block_k_warp1_async_copyTrue_b_to_ldsTrue_b_preshuffleFalse_c_to_ldsFalse_gfx950,0.0192,72.55,1459.88
gfx950,256,53,1536,128,False,torch.bfloat16,torch.bfloat16,False,False,flydsl,29,1,2.9454,flydsl_gemm2_abf16_wbf16_bf16_t16x64x64_split_k1_block_m_warp1_block_n_warp2_block_k_warp1_async_copyTrue_b_to_ldsTrue_b_preshuffleFalse_c_to_ldsFalse_gfx950,0.0,7.08,193.39
gfx950,256,53,1536,7168,False,torch.bfloat16,torch.bfloat16,False,False,flydsl,3207,4,11.0571,flydsl_gemm4_abf16_wbf16_bf16_t32x64x128_split_k4_block_m_warp2_block_n_warp2_block_k_warp1_async_copyTrue_b_to_ldsTrue_b_preshuffleFalse_c_to_ldsFalse_gfx950,0.013,105.55,2074.93
gfx950,256,53,2112,7168,False,torch.bfloat16,torch.bfloat16,False,False,asm,5,6,14.9411,_ZN5aiter39bf16gemm_fp32bf16_tn_64x64_splitk_cleanE,0.0179,107.4,2092.3
gfx950,256,53,2304,1536,False,torch.bfloat16,torch.bfloat16,False,False,flydsl,3787,1,6.6509,flydsl_gemm4_abf16_wbf16_bf16_t16x64x128_split_k1_block_m_warp1_block_n_warp2_block_k_warp1_async_copyTrue_b_to_ldsTrue_b_preshuffleFalse_c_to_ldsFalse_gfx950,0.0,56.4,1125.4
gfx950,256,53,3584,7168,False,torch.bfloat16,torch.bfloat16,False,False,flydsl,3195,2,16.9118,flydsl_gemm4_abf16_wbf16_bf16_t32x64x128_split_k2_block_m_warp1_block_n_warp4_block_k_warp1_async_copyTrue_b_to_ldsTrue_b_preshuffleFalse_c_to_ldsFalse_gfx950,0.0059,161.02,3105.52
gfx950,256,53,7168,768,False,torch.bfloat16,torch.bfloat16,False,False,flydsl,4516,1,5.5435,flydsl_gemm6_abf16_wbf16_bf16_t32x64x128_split_k1_block_m_warp2_block_n_warp2_block_k_warp1_async_copyTrue_b_to_ldsTrue_b_preshuffleFalse_c_to_ldsFalse_gfx950,0.0,105.26,2137.87
gfx950,256,53,7168,1536,False,torch.bfloat16,torch.bfloat16,False,False,flydsl,5077,1,8.0667,flydsl_gemm5_abf16_wbf16_bf16_t32x64x128_split_k1_block_m_warp1_block_n_warp4_block_k_warp1_async_copyTrue_b_to_ldsTrue_b_preshuffleFalse_c_to_ldsFalse_gfx950,0.0,144.68,2844.13
gfx950,256,53,7168,3584,False,torch.bfloat16,torch.bfloat16,False,False,asm,5,2,17.7416,_ZN5aiter39bf16gemm_fp32bf16_tn_64x64_splitk_cleanE,0.0048,153.49,2960.27
gfx950,256,53,7168,4224,False,torch.bfloat16,torch.bfloat16,False,False,asm,5,2,21.1059,_ZN5aiter39bf16gemm_fp32bf16_tn_64x64_splitk_cleanE,0.0049,152.06,2926.33
gfx950,256,54,896,7168,False,torch.bfloat16,torch.bfloat16,False,False,flydsl,3138,7,9.2293,flydsl_gemm5_abf16_wbf16_bf16_t32x64x128_split_k7_block_m_warp1_block_n_warp4_block_k_warp1_async_copyTrue_b_to_ldsTrue_b_preshuffleFalse_c_to_ldsFalse_gfx950,0.0197,75.16,1486.13
gfx950,256,54,1536,128,False,torch.bfloat16,torch.bfloat16,False,False,flydsl,111,1,3.0028,flydsl_gemm2_abf16_wbf16_bf16_t32x64x64_split_k1_block_m_warp1_block_n_warp4_block_k_warp1_async_copyTrue_b_to_ldsTrue_b_preshuffleFalse_c_to_ldsFalse_gfx950,0.0,7.07,190.8
gfx950,256,54,1536,7168,False,torch.bfloat16,torch.bfloat16,False,False,flydsl,3207,4,10.8852,flydsl_gemm4_abf16_wbf16_bf16_t32x64x128_split_k4_block_m_warp2_block_n_warp2_block_k_warp1_async_copyTrue_b_to_ldsTrue_b_preshuffleFalse_c_to_ldsFalse_gfx950,0.0133,109.24,2109.3
gfx950,256,54,2112,7168,False,torch.bfloat16,torch.bfloat16,False,False,asm,5,6,15.1323,_ZN5aiter39bf16gemm_fp32bf16_tn_64x64_splitk_cleanE,0.0175,108.05,2067.09
gfx950,256,54,2304,1536,False,torch.bfloat16,torch.bfloat16,False,False,flydsl,3786,1,6.7464,flydsl_gemm4_abf16_wbf16_bf16_t16x64x128_split_k1_block_m_warp1_block_n_warp1_block_k_warp2_async_copyTrue_b_to_ldsTrue_b_preshuffleFalse_c_to_ldsFalse_gfx950,0.0029,56.65,1110.61
gfx950,256,54,3072,512,False,torch.bfloat16,torch.bfloat16,False,False,flydsl,3729,1,3.9678,flydsl_gemm8_abf16_wbf16_bf16_t16x64x64_split_k1_block_m_warp1_block_n_warp2_block_k_warp1_async_copyTrue_b_to_ldsTrue_b_preshuffleFalse_c_to_ldsFalse_gfx950,0.0,42.81,890.37
gfx950,256,54,3584,7168,False,torch.bfloat16,torch.bfloat16,False,False,flydsl,3195,2,17.0578,flydsl_gemm4_abf16_wbf16_bf16_t32x64x128_split_k2_block_m_warp1_block_n_warp4_block_k_warp1_async_copyTrue_b_to_ldsTrue_b_preshuffleFalse_c_to_ldsFalse_gfx950,0.0059,162.65,3080.2
gfx950,256,54,7168,768,False,torch.bfloat16,torch.bfloat16,False,False,flydsl,4561,1,5.4687,flydsl_gemm6_abf16_wbf16_bf16_t32x64x64_split_k1_block_m_warp2_block_n_warp2_block_k_warp1_async_copyTrue_b_to_ldsTrue_b_preshuffleFalse_c_to_ldsFalse_gfx950,0.0,108.72,2170.01
gfx950,256,54,7168,1536,False,torch.bfloat16,torch.bfloat16,False,False,flydsl,5077,1,8.0828,flydsl_gemm5_abf16_wbf16_bf16_t32x64x128_split_k1_block_m_warp1_block_n_warp4_block_k_warp1_async_copyTrue_b_to_ldsTrue_b_preshuffleFalse_c_to_ldsFalse_gfx950,0.0,147.11,2840.62
gfx950,256,54,7168,3584,False,torch.bfloat16,torch.bfloat16,False,False,asm,5,2,17.7412,_ZN5aiter39bf16gemm_fp32bf16_tn_64x64_splitk_cleanE,0.0048,156.39,2961.55
gfx950,256,54,7168,4224,False,torch.bfloat16,torch.bfloat16,False,False,asm,7,2,19.8515,_ZN5aiter39bf16gemm_fp32bf16_tn_80x64_splitk_cleanE,0.0049,164.72,3112.39
gfx950,256,55,896,7168,False,torch.bfloat16,torch.bfloat16,False,False,flydsl,3183,7,9.3981,flydsl_gemm5_abf16_wbf16_bf16_t32x64x64_split_k7_block_m_warp1_block_n_warp4_block_k_warp1_async_copyTrue_b_to_ldsTrue_b_preshuffleFalse_c_to_ldsFalse_gfx950,0.0184,75.17,1461.16
gfx950,256,55,1536,128,False,torch.bfloat16,torch.bfloat16,False,False,flydsl,111,1,3.0309,flydsl_gemm2_abf16_wbf16_bf16_t32x64x64_split_k1_block_m_warp1_block_n_warp4_block_k_warp1_async_copyTrue_b_to_ldsTrue_b_preshuffleFalse_c_to_ldsFalse_gfx950,0.0,7.14,190.13
gfx950,256,55,1536,7168,False,torch.bfloat16,torch.bfloat16,False,False,flydsl,4563,4,11.0958,flydsl_gemm6_abf16_wbf16_bf16_t32x64x128_split_k4_block_m_warp1_block_n_warp2_block_k_warp2_async_copyTrue_b_to_ldsTrue_b_preshuffleFalse_c_to_ldsFalse_gfx950,0.0211,109.15,2070.83
gfx950,256,55,2112,7168,False,torch.bfloat16,torch.bfloat16,False,False,asm,5,7,15.1515,_ZN5aiter39bf16gemm_fp32bf16_tn_64x64_splitk_cleanE,0.0195,109.91,2065.7
gfx950,256,55,2304,1536,False,torch.bfloat16,torch.bfloat16,False,False,flydsl,3787,1,6.7299,flydsl_gemm4_abf16_wbf16_bf16_t16x64x128_split_k1_block_m_warp1_block_n_warp2_block_k_warp1_async_copyTrue_b_to_ldsTrue_b_preshuffleFalse_c_to_ldsFalse_gfx950,0.0,57.84,1114.47
gfx950,256,55,3584,7168,False,torch.bfloat16,torch.bfloat16,False,False,flydsl,2009,4,17.1196,flydsl_gemm3_abf16_wbf16_bf16_t32x64x128_split_k4_block_m_warp2_block_n_warp2_block_k_warp1_async_copyTrue_b_to_ldsTrue_b_preshuffleFalse_c_to_ldsFalse_gfx950,0.0135,165.07,3070.34
gfx950,256,55,7168,768,False,torch.bfloat16,torch.bfloat16,False,False,flydsl,3033,1,5.4954,flydsl_gemm4_abf16_wbf16_bf16_t32x64x128_split_k1_block_m_warp1_block_n_warp4_block_k_warp1_async_copyTrue_b_to_ldsTrue_b_preshuffleFalse_c_to_ldsFalse_gfx950,0.0,110.19,2162.36
gfx950,256,55,7168,1536,False,torch.bfloat16,torch.bfloat16,False,False,flydsl,4057,1,8.0719,flydsl_gemm4_abf16_wbf16_bf16_t32x64x128_split_k1_block_m_warp1_block_n_warp4_block_k_warp1_async_copyTrue_b_to_ldsTrue_b_preshuffleFalse_c_to_ldsFalse_gfx950,0.0,150.04,2846.61
gfx950,256,55,7168,3584,False,torch.bfloat16,torch.bfloat16,False,False,asm,8,2,18.1075,_ZN5aiter39bf16gemm_fp32bf16_tn_96x64_splitk_cleanE,0.0048,156.06,2902.83
gfx950,256,55,7168,4224,False,torch.bfloat16,torch.bfloat16,False,False,asm,5,2,20.1819,_ZN5aiter39bf16gemm_fp32bf16_tn_64x64_splitk_cleanE,0.0049,165.03,3062.57
gfx950,256,56,896,7168,False,torch.bfloat16,torch.bfloat16,False,False,flydsl,3783,7,9.4348,flydsl_gemm6_abf16_wbf16_bf16_t32x64x64_split_k7_block_m_warp1_block_n_warp4_block_k_warp1_async_copyTrue_b_to_ldsTrue_b_preshuffleFalse_c_to_ldsFalse_gfx950,0.0194,76.24,1457.18
gfx950,256,56,1536,128,False,torch.bfloat16,torch.bfloat16,False,False,flydsl,111,1,3.0146,flydsl_gemm2_abf16_wbf16_bf16_t32x64x64_split_k1_block_m_warp1_block_n_warp4_block_k_warp1_async_copyTrue_b_to_ldsTrue_b_preshuffleFalse_c_to_ldsFalse_gfx950,0.0,7.3,192.26
gfx950,256,56,1536,7168,False,torch.bfloat16,torch.bfloat16,False,False,flydsl,3964,4,11.1914,flydsl_gemm5_abf16_wbf16_bf16_t32x64x128_split_k4_block_m_warp1_block_n_warp4_block_k_warp1_async_copyTrue_b_to_ldsTrue_b_preshuffleFalse_c_to_ldsFalse_gfx950,0.014,110.19,2054.7
gfx950,256,56,2304,1536,False,torch.bfloat16,torch.bfloat16,False,False,flydsl,3786,1,6.8188,flydsl_gemm4_abf16_wbf16_bf16_t16x64x128_split_k1_block_m_warp1_block_n_warp1_block_k_warp2_async_copyTrue_b_to_ldsTrue_b_preshuffleFalse_c_to_ldsFalse_gfx950,0.003,58.13,1101.07
gfx950,256,56,3584,7168,False,torch.bfloat16,torch.bfloat16,False,False,flydsl,3195,2,17.2163,flydsl_gemm4_abf16_wbf16_bf16_t32x64x128_split_k2_block_m_warp1_block_n_warp4_block_k_warp1_async_copyTrue_b_to_ldsTrue_b_preshuffleFalse_c_to_ldsFalse_gfx950,0.0059,167.13,3054.34
gfx950,256,56,7168,768,False,torch.bfloat16,torch.bfloat16,False,False,flydsl,1863,1,5.5814,flydsl_gemm3_abf16_wbf16_bf16_t32x64x256_split_k1_block_m_warp1_block_n_warp4_block_k_warp1_async_copyTrue_b_to_ldsTrue_b_preshuffleFalse_c_to_ldsFalse_gfx950,0.0,110.47,2131.88
gfx950,256,56,7168,1536,False,torch.bfloat16,torch.bfloat16,False,False,flydsl,4060,1,8.176,flydsl_gemm4_abf16_wbf16_bf16_t32x64x128_split_k1_block_m_warp2_block_n_warp2_block_k_warp1_async_copyTrue_b_to_ldsTrue_b_preshuffleFalse_c_to_ldsFalse_gfx950,0.0,150.82,2812.49
gfx950,256,56,7168,3584,False,torch.bfloat16,torch.bfloat16,False,False,asm,5,2,17.5892,_ZN5aiter39bf16gemm_fp32bf16_tn_64x64_splitk_cleanE,0.0048,163.58,2989.59
gfx950,256,56,7168,4224,False,torch.bfloat16,torch.bfloat16,False,False,asm,5,2,20.7166,_ZN5aiter39bf16gemm_fp32bf16_tn_64x64_splitk_cleanE,0.0049,163.69,2984.62
gfx950,256,57,896,7168,False,torch.bfloat16,torch.bfloat16,False,False,flydsl,2240,7,9.5142,flydsl_gemm3_abf16_wbf16_bf16_t32x64x128_split_k7_block_m_warp1_block_n_warp4_block_k_warp1_async_copyTrue_b_to_ldsTrue_b_preshuffleFalse_c_to_ldsFalse_gfx950,0.0195,76.96,1446.72
gfx950,256,57,1536,128,False,torch.bfloat16,torch.bfloat16,False,False,flydsl,274,1,3.0497,flydsl_gemm2_abf16_wbf16_bf16_t32x64x64_split_k1_block_m_warp2_block_n_warp2_block_k_warp1_async_copyTrue_b_to_ldsTrue_b_preshuffleFalse_c_to_ldsFalse_gfx950,0.0,7.35,191.14
gfx950,256,57,1536,7168,False,torch.bfloat16,torch.bfloat16,False,False,flydsl,4319,4,11.2679,flydsl_gemm4_abf16_wbf16_bf16_t32x64x128_split_k4_block_m_warp1_block_n_warp4_block_k_warp1_async_copyTrue_b_to_ldsTrue_b_preshuffleFalse_c_to_ldsFalse_gfx950,0.0138,111.39,2042.29
gfx950,256,57,2112,7168,False,torch.bfloat16,torch.bfloat16,False,False,asm,5,7,15.1659,_ZN5aiter39bf16gemm_fp32bf16_tn_64x64_splitk_cleanE,0.0196,113.8,2066.18
gfx950,256,57,2304,1536,False,torch.bfloat16,torch.bfloat16,False,False,flydsl,5278,1,6.7606,flydsl_gemm4_abf16_wbf16_bf16_t16x64x128_split_k1_block_m_warp1_block_n_warp1_block_k_warp2_async_copyTrue_b_to_ldsTrue_b_preshuffleFalse_c_to_ldsFalse_gfx950,0.003,59.68,1111.68
gfx950,256,57,3072,512,False,torch.bfloat16,torch.bfloat16,False,False,flydsl,4780,1,4.0806,flydsl_gemm8_abf16_wbf16_bf16_t16x64x64_split_k1_block_m_warp1_block_n_warp2_block_k_warp1_async_copyTrue_b_to_ldsTrue_b_preshuffleFalse_c_to_ldsFalse_gfx950,0.0,43.94,871.02
gfx950,256,57,3584,7168,False,torch.bfloat16,torch.bfloat16,False,False,flydsl,4310,2,17.2931,flydsl_gemm4_abf16_wbf16_bf16_t32x64x128_split_k2_block_m_warp1_block_n_warp4_block_k_warp1_async_copyTrue_b_to_ldsTrue_b_preshuffleFalse_c_to_ldsFalse_gfx950,0.0059,169.35,3042.02
gfx950,256,57,7168,768,False,torch.bfloat16,torch.bfloat16,False,False,flydsl,2787,1,5.5155,flydsl_gemm3_abf16_wbf16_bf16_t32x64x128_split_k1_block_m_warp1_block_n_warp4_block_k_warp1_async_copyTrue_b_to_ldsTrue_b_preshuffleFalse_c_to_ldsFalse_gfx950,0.0,113.78,2160.23
gfx950,256,57,7168,1536,False,torch.bfloat16,torch.bfloat16,False,False,flydsl,5549,1,8.187,flydsl_gemm4_abf16_wbf16_bf16_t32x64x128_split_k1_block_m_warp1_block_n_warp4_block_k_warp1_async_copyTrue_b_to_ldsTrue_b_preshuffleFalse_c_to_ldsFalse_gfx950,0.0,153.31,2810.84
gfx950,256,57,7168,3584,False,torch.bfloat16,torch.bfloat16,False,False,asm,5,2,17.7371,_ZN5aiter39bf16gemm_fp32bf16_tn_64x64_splitk_cleanE,0.0048,165.12,2965.87
gfx950,256,57,7168,4224,False,torch.bfloat16,torch.bfloat16,False,False,asm,8,2,21.1125,_ZN5aiter39bf16gemm_fp32bf16_tn_96x64_splitk_cleanE,0.0049,163.49,2929.73
gfx950,256,58,896,7168,False,torch.bfloat16,torch.bfloat16,False,False,flydsl,2243,7,9.8712,flydsl_gemm3_abf16_wbf16_bf16_t32x64x128_split_k7_block_m_warp2_block_n_warp2_block_k_warp1_async_copyTrue_b_to_ldsTrue_b_preshuffleFalse_c_to_ldsFalse_gfx950,0.02,75.47,1396.03
gfx950,256,58,1536,128,False,torch.bfloat16,torch.bfloat16,False,False,flydsl,189,1,2.9431,flydsl_gemm2_abf16_wbf16_bf16_t16x64x64_split_k1_block_m_warp1_block_n_warp2_block_k_warp1_async_copyTrue_b_to_ldsTrue_b_preshuffleFalse_c_to_ldsFalse_gfx950,0.0,7.75,199.19
gfx950,256,58,1536,7168,False,torch.bfloat16,torch.bfloat16,False,False,flydsl,4319,4,11.1995,flydsl_gemm4_abf16_wbf16_bf16_t32x64x128_split_k4_block_m_warp1_block_n_warp4_block_k_warp1_async_copyTrue_b_to_ldsTrue_b_preshuffleFalse_c_to_ldsFalse_gfx950,0.0137,114.04,2056.32
gfx950,256,58,2112,7168,False,torch.bfloat16,torch.bfloat16,False,False,asm,5,6,15.0134,_ZN5aiter39bf16gemm_fp32bf16_tn_64x64_splitk_cleanE,0.0176,116.97,2088.41
gfx950,256,58,2304,1536,False,torch.bfloat16,torch.bfloat16,False,False,flydsl,5279,1,6.8499,flydsl_gemm4_abf16_wbf16_bf16_t16x64x128_split_k1_block_m_warp1_block_n_warp2_block_k_warp1_async_copyTrue_b_to_ldsTrue_b_preshuffleFalse_c_to_ldsFalse_gfx950,0.0,59.93,1098.31
gfx950,256,58,3584,7168,False,torch.bfloat16,torch.bfloat16,False,False,flydsl,4310,2,17.474,flydsl_gemm4_abf16_wbf16_bf16_t32x64x128_split_k2_block_m_warp1_block_n_warp4_block_k_warp1_async_copyTrue_b_to_ldsTrue_b_preshuffleFalse_c_to_ldsFalse_gfx950,0.0059,170.54,3011.76
gfx950,256,58,7168,768,False,torch.bfloat16,torch.bfloat16,False,False,flydsl,5297,1,5.4929,flydsl_gemm5_abf16_wbf16_bf16_t32x64x128_split_k1_block_m_warp1_block_n_warp4_block_k_warp1_async_copyTrue_b_to_ldsTrue_b_preshuffleFalse_c_to_ldsFalse_gfx950,0.0,116.26,2172.01
gfx950,256,58,7168,1536,False,torch.bfloat16,torch.bfloat16,False,False,flydsl,5552,1,8.2576,flydsl_gemm4_abf16_wbf16_bf16_t32x64x128_split_k1_block_m_warp2_block_n_warp2_block_k_warp1_async_copyTrue_b_to_ldsTrue_b_preshuffleFalse_c_to_ldsFalse_gfx950,0.0,154.67,2788.92
gfx950,256,58,7168,3584,False,torch.bfloat16,torch.bfloat16,False,False,asm,5,2,17.7799,_ZN5aiter39bf16gemm_fp32bf16_tn_64x64_splitk_cleanE,0.0048,167.61,2959.94
gfx950,256,58,7168,4224,False,torch.bfloat16,torch.bfloat16,False,False,asm,7,2,20.8358,_ZN5aiter39bf16gemm_fp32bf16_tn_80x64_splitk_cleanE,0.0049,168.57,2969.73
gfx950,256,59,896,7168,False,torch.bfloat16,torch.bfloat16,False,False,flydsl,5013,7,9.9354,flydsl_gemm6_abf16_wbf16_bf16_t32x64x64_split_k7_block_m_warp1_block_n_warp4_block_k_warp1_async_copyTrue_b_to_ldsTrue_b_preshuffleFalse_c_to_ldsFalse_gfx950,0.0194,76.28,1388.63
gfx950,256,59,1536,128,False,torch.bfloat16,torch.bfloat16,False,False,flydsl,187,1,3.0236,flydsl_gemm2_abf16_wbf16_bf16_t16x64x64_split_k1_block_m_warp1_block_n_warp1_block_k_warp1_async_copyTrue_b_to_ldsTrue_b_preshuffleFalse_c_to_ldsFalse_gfx950,0.0,7.67,194.99
gfx950,256,59,1536,7168,False,torch.bfloat16,torch.bfloat16,False,False,flydsl,4319,4,11.411,flydsl_gemm4_abf16_wbf16_bf16_t32x64x128_split_k4_block_m_warp1_block_n_warp4_block_k_warp1_async_copyTrue_b_to_ldsTrue_b_preshuffleFalse_c_to_ldsFalse_gfx950,0.0141,113.85,2019.73
gfx950,256,59,2112,7168,False,torch.bfloat16,torch.bfloat16,False,False,asm,5,6,15.2418,_ZN5aiter39bf16gemm_fp32bf16_tn_64x64_splitk_cleanE,0.0181,117.2,2058.33
gfx950,256,59,2304,1536,False,torch.bfloat16,torch.bfloat16,False,False,flydsl,5279,1,6.8492,flydsl_gemm4_abf16_wbf16_bf16_t16x64x128_split_k1_block_m_warp1_block_n_warp2_block_k_warp1_async_copyTrue_b_to_ldsTrue_b_preshuffleFalse_c_to_ldsFalse_gfx950,0.0,60.97,1099.55
gfx950,256,59,3584,7168,False,torch.bfloat16,torch.bfloat16,False,False,flydsl,4310,2,17.6361,flydsl_gemm4_abf16_wbf16_bf16_t32x64x128_split_k2_block_m_warp1_block_n_warp4_block_k_warp1_async_copyTrue_b_to_ldsTrue_b_preshuffleFalse_c_to_ldsFalse_gfx950,0.006,171.89,2985.29
gfx950,256,59,7168,768,False,torch.bfloat16,torch.bfloat16,False,False,flydsl,5297,1,5.4068,flydsl_gemm5_abf16_wbf16_bf16_t32x64x128_split_k1_block_m_warp1_block_n_warp4_block_k_warp1_async_copyTrue_b_to_ldsTrue_b_preshuffleFalse_c_to_ldsFalse_gfx950,0.0,120.14,2209.53
gfx950,256,59,7168,1536,False,torch.bfloat16,torch.bfloat16,False,False,flydsl,6849,1,8.2628,flydsl_gemm5_abf16_wbf16_bf16_t32x64x128_split_k1_block_m_warp1_block_n_warp4_block_k_warp1_async_copyTrue_b_to_ldsTrue_b_preshuffleFalse_c_to_ldsFalse_gfx950,0.0,157.23,2789.27
gfx950,256,59,7168,3584,False,torch.bfloat16,torch.bfloat16,False,False,asm,5,2,17.5496,_ZN5aiter39bf16gemm_fp32bf16_tn_64x64_splitk_cleanE,0.0048,172.74,3000.01
gfx950,256,59,7168,4224,False,torch.bfloat16,torch.bfloat16,False,False,asm,5,2,20.3513,_ZN5aiter39bf16gemm_fp32bf16_tn_64x64_splitk_cleanE,0.0049,175.55,3041.55
gfx950,256,60,896,7168,False,torch.bfloat16,torch.bfloat16,False,False,flydsl,4326,7,9.9339,flydsl_gemm5_abf16_wbf16_bf16_t32x64x64_split_k7_block_m_warp1_block_n_warp2_block_k_warp1_async_copyTrue_b_to_ldsTrue_b_preshuffleFalse_c_to_ldsFalse_gfx950,0.0193,77.58,1390.46
gfx950,256,60,1536,128,False,torch.bfloat16,torch.bfloat16,False,False,flydsl,274,1,3.0352,flydsl_gemm2_abf16_wbf16_bf16_t32x64x64_split_k1_block_m_warp2_block_n_warp2_block_k_warp1_async_copyTrue_b_to_ldsTrue_b_preshuffleFalse_c_to_ldsFalse_gfx950,0.0,7.77,195.34
gfx950,256,60,1536,7168,False,torch.bfloat16,torch.bfloat16,False,False,flydsl,4322,4,11.3661,flydsl_gemm4_abf16_wbf16_bf16_t32x64x128_split_k4_block_m_warp2_block_n_warp2_block_k_warp1_async_copyTrue_b_to_ldsTrue_b_preshuffleFalse_c_to_ldsFalse_gfx950,0.0137,116.24,2029.24
gfx950,256,60,2112,7168,False,torch.bfloat16,torch.bfloat16,False,False,asm,5,6,15.2502,_ZN5aiter39bf16gemm_fp32bf16_tn_64x64_splitk_cleanE,0.0176,119.12,2058.41
gfx950,256,60,2304,1536,False,torch.bfloat16,torch.bfloat16,False,False,flydsl,5279,1,6.8362,flydsl_gemm4_abf16_wbf16_bf16_t16x64x128_split_k1_block_m_warp1_block_n_warp2_block_k_warp1_async_copyTrue_b_to_ldsTrue_b_preshuffleFalse_c_to_ldsFalse_gfx950,0.0,62.12,1102.76
gfx950,256,60,3072,512,False,torch.bfloat16,torch.bfloat16,False,False,flydsl,4183,1,4.0962,flydsl_gemm6_abf16_wbf16_bf16_t16x64x64_split_k1_block_m_warp1_block_n_warp2_block_k_warp1_async_copyTrue_b_to_ldsTrue_b_preshuffleFalse_c_to_ldsFalse_gfx950,0.0,46.08,872.96
gfx950,256,60,3584,7168,False,torch.bfloat16,torch.bfloat16,False,False,flydsl,2956,2,17.7583,flydsl_gemm3_abf16_wbf16_bf16_t32x64x256_split_k2_block_m_warp1_block_n_warp2_block_k_warp2_async_copyTrue_b_to_ldsTrue_b_preshuffleFalse_c_to_ldsFalse_gfx950,0.0144,173.6,2965.96
gfx950,256,60,7168,768,False,torch.bfloat16,torch.bfloat16,False,False,flydsl,5297,1,5.4549,flydsl_gemm5_abf16_wbf16_bf16_t32x64x128_split_k1_block_m_warp1_block_n_warp4_block_k_warp1_async_copyTrue_b_to_ldsTrue_b_preshuffleFalse_c_to_ldsFalse_gfx950,0.0,121.1,2192.96
gfx950,256,60,7168,1536,False,torch.bfloat16,torch.bfloat16,False,False,flydsl,5549,1,8.2202,flydsl_gemm4_abf16_wbf16_bf16_t32x64x128_split_k1_block_m_warp1_block_n_warp4_block_k_warp1_async_copyTrue_b_to_ldsTrue_b_preshuffleFalse_c_to_ldsFalse_gfx950,0.0,160.73,2805.84
gfx950,256,60,7168,3584,False,torch.bfloat16,torch.bfloat16,False,False,asm,7,2,18.0799,_ZN5aiter39bf16gemm_fp32bf16_tn_80x64_splitk_cleanE,0.0048,170.51,2913.21
gfx950,256,60,7168,4224,False,torch.bfloat16,torch.bfloat16,False,False,asm,5,2,20.646,_ZN5aiter39bf16gemm_fp32bf16_tn_64x64_splitk_cleanE,0.005,175.98,2999.24
gfx950,256,63,896,7168,False,torch.bfloat16,torch.bfloat16,False,False,flydsl,5013,7,9.7114,flydsl_gemm6_abf16_wbf16_bf16_t32x64x64_split_k7_block_m_warp1_block_n_warp4_block_k_warp1_async_copyTrue_b_to_ldsTrue_b_preshuffleFalse_c_to_ldsFalse_gfx950,0.0188,83.33,1427.3
gfx950,256,63,1536,128,False,torch.bfloat16,torch.bfloat16,False,False,flydsl,272,1,3.0645,flydsl_gemm2_abf16_wbf16_bf16_t32x64x64_split_k1_block_m_warp2_block_n_warp1_block_k_warp1_async_copyTrue_b_to_ldsTrue_b_preshuffleFalse_c_to_ldsFalse_gfx950,0.0,8.08,196.73
gfx950,256,63,1536,7168,False,torch.bfloat16,torch.bfloat16,False,False,flydsl,5279,4,11.5258,flydsl_gemm5_abf16_wbf16_bf16_t32x64x128_split_k4_block_m_warp1_block_n_warp4_block_k_warp1_async_copyTrue_b_to_ldsTrue_b_preshuffleFalse_c_to_ldsFalse_gfx950,0.0142,120.36,2005.66
gfx950,256,63,2112,7168,False,torch.bfloat16,torch.bfloat16,False,False,asm,5,6,15.1745,_ZN5aiter39bf16gemm_fp32bf16_tn_64x64_splitk_cleanE,0.0179,125.7,2072.35
gfx950,256,63,2304,1536,False,torch.bfloat16,torch.bfloat16,False,False,flydsl,5279,1,6.8786,flydsl_gemm4_abf16_wbf16_bf16_t16x64x128_split_k1_block_m_warp1_block_n_warp2_block_k_warp1_async_copyTrue_b_to_ldsTrue_b_preshuffleFalse_c_to_ldsFalse_gfx950,0.0,64.83,1099.31
gfx950,256,63,3584,7168,False,torch.bfloat16,torch.bfloat16,False,False,flydsl,2956,2,17.9897,flydsl_gemm3_abf16_wbf16_bf16_t32x64x256_split_k2_block_m_warp1_block_n_warp2_block_k_warp2_async_copyTrue_b_to_ldsTrue_b_preshuffleFalse_c_to_ldsFalse_gfx950,0.0144,179.93,2931.4
gfx950,256,63,7168,768,False,torch.bfloat16,torch.bfloat16,False,False,flydsl,2787,1,5.4826,flydsl_gemm3_abf16_wbf16_bf16_t32x64x128_split_k1_block_m_warp1_block_n_warp4_block_k_warp1_async_copyTrue_b_to_ldsTrue_b_preshuffleFalse_c_to_ldsFalse_gfx950,0.0,126.52,2190.56
gfx950,256,63,7168,1536,False,torch.bfloat16,torch.bfloat16,False,False,flydsl,6849,1,8.3807,flydsl_gemm5_abf16_wbf16_bf16_t32x64x128_split_k1_block_m_warp1_block_n_warp4_block_k_warp1_async_copyTrue_b_to_ldsTrue_b_preshuffleFalse_c_to_ldsFalse_gfx950,0.0,165.53,2758.34
gfx950,256,63,7168,3584,False,torch.bfloat16,torch.bfloat16,False,False,asm,7,2,18.064,_ZN5aiter39bf16gemm_fp32bf16_tn_80x64_splitk_cleanE,0.0048,179.19,2919.34
gfx950,256,63,7168,4224,False,torch.bfloat16,torch.bfloat16,False,False,asm,5,2,19.888,_ZN5aiter39bf16gemm_fp32bf16_tn_64x64_splitk_cleanE,0.005,191.82,3116.99
gfx950,256,64,896,7168,False,torch.bfloat16,torch.bfloat16,False,False,flydsl,4611,8,8.6552,flydsl_hgemm_abf16_wbf16_bf16_t64x32x64x5_ks8_w4x1x1_bias0_ktail0_gm0_pft_gfx950,0.0214,94.98,1603.34
gfx950,256,64,1536,7168,False,torch.bfloat16,torch.bfloat16,False,False,flydsl,4897,8,10.7978,flydsl_hgemm_abf16_wbf16_bf16_t64x64x64x6_ks8_w4x2x1_bias0_ktail0_gm0_pft_gfx950,0.0211,130.52,2142.49
gfx950,256,64,2304,1536,False,torch.bfloat16,torch.bfloat16,False,False,flydsl,207,1,6.4991,flydsl_hgemm_abf16_wbf16_bf16_t16x32x128x5_ks1_w1x1x2_bias0_ktail0_gm0_pft_gfx950,0.003,69.7,1164.69
gfx950,256,64,3072,512,False,torch.bfloat16,torch.bfloat16,False,False,flydsl,673,1,4.1149,flydsl_hgemm_abf16_wbf16_bf16_t32x32x64x8_ks1_w1x2x1_bias0_ktail0_gm0_pft_gfx950,0.0,48.93,875.96
gfx950,256,64,4480,7168,False,torch.bfloat16,torch.bfloat16,False,False,flydsl,4104,4,19.2784,flydsl_hgemm_abf16_wbf16_bf16_t64x96x64x6_ks4_w2x2x1_bias0_ktail0_gm0_pft_gfx950,0.0137,213.21,3408.8
gfx950,256,64,6016,7168,False,torch.bfloat16,torch.bfloat16,False,False,flydsl,3289,4,22.3822,flydsl_hgemm_abf16_wbf16_bf16_t64x96x64x5_ks4_w2x2x1_bias0_ktail0_gm0_pft_gfx950,0.0137,246.61,3928.7
gfx950,256,64,6144,7168,False,torch.bfloat16,torch.bfloat16,False,False,flydsl,3308,4,22.8683,flydsl_hgemm_abf16_wbf16_bf16_t64x96x64x6_ks4_w2x2x1_bias0_ktail0_gm0_pft_gfx950,0.0137,246.5,3926.15
gfx950,256,64,7168,768,False,torch.bfloat16,torch.bfloat16,False,False,flydsl,1112,1,6.0066,flydsl_hgemm_abf16_wbf16_bf16_t32x64x64x6_ks1_w1x4x1_bias0_ktail0_gm0_pft_gfx950,0.0,117.31,2002.11
gfx950,256,64,7168,1536,False,torch.bfloat16,torch.bfloat16,False,False,triton,0,0,8.3942,auto,0.0,167.89,2755.98
gfx950,256,64,7168,3584,False,torch.bfloat16,torch.bfloat16,False,False,triton,0,0,14.895,auto,0.0,220.77,3541.89
gfx950,256,64,7168,4224,False,torch.bfloat16,torch.bfloat16,False,False,flydsl,2433,2,17.4761,flydsl_hgemm_abf16_wbf16_bf16_t64x64x64x6_ks2_w4x2x1_bias0_ktail0_gm0_pft_gfx950,0.005,221.76,3548.47
gfx950,256,64,7168,35840,False,torch.bfloat16,torch.bfloat16,False,False,flydsl,3262,2,108.5175,flydsl_hgemm_abf16_wbf16_bf16_t64x64x64x6_ks2_w2x4x1_bias0_ktail0_gm0_pft_gfx950,0.0087,303.02,4785.47
gfx950,256,64,8448,7168,False,torch.bfloat16,torch.bfloat16,False,False,flydsl,2722,2,29.9496,flydsl_hgemm_abf16_wbf16_bf16_t64x96x128x4_ks2_w2x2x1_bias0_ktail0_gm0_pft_gfx950,0.0061,258.8,4110.55
gfx950,256,64,20480,7168,False,torch.bfloat16,torch.bfloat16,False,False,flydsl,1561,2,63.0612,flydsl_hgemm_abf16_wbf16_bf16_t64x96x128x4_ks2_w2x2x1_bias0_ktail0_gm0_pft_gfx950,0.006,297.97,4711.93
gfx950,256,80,896,7168,False,torch.bfloat16,torch.bfloat16,False,False,flydsl,3675,7,10.8903,flydsl_gemm4_abf16_wbf16_bf16_t64x64x128_split_k7_block_m_warp2_block_n_warp4_block_k_warp1_async_copyTrue_b_to_ldsTrue_b_preshuffleFalse_c_to_ldsFalse_gfx950,0.0203,94.36,1297.97
gfx950,256,80,1536,128,False,torch.bfloat16,torch.bfloat16,False,False,flydsl,272,1,3.0752,flydsl_gemm2_abf16_wbf16_bf16_t32x64x64_split_k1_block_m_warp2_block_n_warp1_block_k_warp1_async_copyTrue_b_to_ldsTrue_b_preshuffleFalse_c_to_ldsFalse_gfx950,0.0,10.23,214.44
gfx950,256,80,1536,7168,False,torch.bfloat16,torch.bfloat16,False,False,flydsl,4663,4,11.8245,flydsl_gemm4_abf16_wbf16_bf16_t64x64x128_split_k4_block_m_warp2_block_n_warp4_block_k_warp1_async_copyTrue_b_to_ldsTrue_b_preshuffleFalse_c_to_ldsFalse_gfx950,0.0138,148.98,1980.02
gfx950,256,80,2304,1536,False,torch.bfloat16,torch.bfloat16,False,False,flydsl,7664,1,6.908,flydsl_gemm6_abf16_wbf16_bf16_t16x64x128_split_k1_block_m_warp1_block_n_warp1_block_k_warp2_async_copyTrue_b_to_ldsTrue_b_preshuffleFalse_c_to_ldsFalse_gfx950,0.003,81.97,1113.53
gfx950,256,80,3584,7168,False,torch.bfloat16,torch.bfloat16,False,False,asm,7,4,19.0237,_ZN5aiter39bf16gemm_fp32bf16_tn_80x64_splitk_cleanE,0.0139,216.07,2791.28
gfx950,256,80,4480,7168,False,torch.bfloat16,torch.bfloat16,False,False,flydsl,3909,4,21.308,flydsl_hgemm_abf16_wbf16_bf16_t96x96x64x4_ks4_w2x2x1_bias0_ktail0_gm0_pft_gfx950,0.0138,241.13,3101.6
gfx950,256,80,6016,7168,False,torch.bfloat16,torch.bfloat16,False,False,flydsl,2919,4,24.3893,flydsl_hgemm_abf16_wbf16_bf16_t96x96x64x4_ks4_w2x2x1_bias0_ktail0_gm0_pft_gfx950,0.0138,282.9,3622.69
gfx950,256,80,7168,768,False,torch.bfloat16,torch.bfloat16,False,False,flydsl,4595,1,6.0021,flydsl_gemm4_abf16_wbf16_bf16_t64x64x128_split_k1_block_m_warp1_block_n_warp4_block_k_warp2_async_copyTrue_b_to_ldsTrue_b_preshuffleFalse_c_to_ldsFalse_gfx950,0.0017,146.75,2045.92
gfx950,256,80,7168,1536,False,torch.bfloat16,torch.bfloat16,False,False,flydsl,6000,1,8.8772,flydsl_gemm4_abf16_wbf16_bf16_t64x64x128_split_k1_block_m_warp2_block_n_warp2_block_k_warp2_async_copyTrue_b_to_ldsTrue_b_preshuffleFalse_c_to_ldsFalse_gfx950,0.0029,198.44,2637.4
gfx950,256,80,7168,3584,False,torch.bfloat16,torch.bfloat16,False,False,asm,7,2,18.1738,_ZN5aiter39bf16gemm_fp32bf16_tn_80x64_splitk_cleanE,0.0048,226.17,2921.82
gfx950,256,80,7168,4224,False,torch.bfloat16,torch.bfloat16,False,False,asm,8,2,21.2666,_ZN5aiter39bf16gemm_fp32bf16_tn_96x64_splitk_cleanE,0.0049,227.79,2933.14
gfx950,256,96,4480,7168,False,torch.bfloat16,torch.bfloat16,False,False,flydsl,4249,4,22.8127,flydsl_hgemm_abf16_wbf16_bf16_t96x96x64x4_ks4_w2x2x1_bias0_ktail0_gm0_pft_gfx950,0.0139,270.27,2913.36
gfx950,256,96,6016,7168,False,torch.bfloat16,torch.bfloat16,False,False,flydsl,3111,4,26.1259,flydsl_hgemm_abf16_wbf16_bf16_t96x96x64x5_ks4_w2x2x1_bias0_ktail0_gm0_pft_gfx950,0.0138,316.91,3398.03
gfx950,256,98,3072,512,False,torch.bfloat16,torch.bfloat16,False,False,flydsl,4589,1,4.178,flydsl_gemm7_abf16_wbf16_bf16_t32x64x64_split_k1_block_m_warp2_block_n_warp2_block_k_warp1_async_copyTrue_b_to_ldsTrue_b_preshuffleFalse_c_to_ldsFalse_gfx950,0.0,73.79,921.06
gfx950,256,107,896,7168,False,torch.bfloat16,torch.bfloat16,False,False,flydsl,3674,7,11.7177,flydsl_gemm4_abf16_wbf16_bf16_t64x64x128_split_k7_block_m_warp2_block_n_warp2_block_k_warp2_async_copyTrue_b_to_ldsTrue_b_preshuffleFalse_c_to_ldsFalse_gfx950,0.0262,117.29,1243.48
gfx950,256,107,1536,128,False,torch.bfloat16,torch.bfloat16,False,False,flydsl,188,1,3.1016,flydsl_gemm2_abf16_wbf16_bf16_t16x64x64_split_k1_block_m_warp1_block_n_warp1_block_k_warp2_async_copyTrue_b_to_ldsTrue_b_preshuffleFalse_c_to_ldsFalse_gfx950,0.0001,13.57,241.59
gfx950,256,107,1536,7168,False,torch.bfloat16,torch.bfloat16,False,False,flydsl,4662,4,14.8079,flydsl_gemm4_abf16_wbf16_bf16_t64x64x128_split_k4_block_m_warp2_block_n_warp2_block_k_warp2_async_copyTrue_b_to_ldsTrue_b_preshuffleFalse_c_to_ldsFalse_gfx950,0.0215,159.11,1612.84
gfx950,256,107,2112,7168,False,torch.bfloat16,torch.bfloat16,False,False,asm,5,3,19.3701,_ZN5aiter39bf16gemm_fp32bf16_tn_64x64_splitk_cleanE,0.0105,167.25,1665.64
gfx950,256,107,2304,1536,False,torch.bfloat16,torch.bfloat16,False,False,flydsl,6737,1,6.889,flydsl_gemm5_abf16_wbf16_bf16_t16x64x128_split_k1_block_m_warp1_block_n_warp1_block_k_warp2_async_copyTrue_b_to_ldsTrue_b_preshuffleFalse_c_to_ldsFalse_gfx950,0.003,109.93,1146.7
gfx950,256,107,3584,7168,False,torch.bfloat16,torch.bfloat16,False,False,flydsl,4649,2,22.5706,flydsl_gemm4_abf16_wbf16_bf16_t64x64x128_split_k2_block_m_warp4_block_n_warp2_block_k_warp1_async_copyTrue_b_to_ldsTrue_b_preshuffleFalse_c_to_ldsFalse_gfx950,0.0061,243.58,2378.37
gfx950,256,107,7168,768,False,torch.bfloat16,torch.bfloat16,False,False,flydsl,4684,1,6.2519,flydsl_gemm4_abf16_wbf16_bf16_t64x64x64_split_k1_block_m_warp2_block_n_warp2_block_k_warp1_async_copyTrue_b_to_ldsTrue_b_preshuffleFalse_c_to_ldsFalse_gfx950,0.0,188.43,2032.72
gfx950,256,107,7168,1536,False,torch.bfloat16,torch.bfloat16,False,False,flydsl,6001,1,9.4486,flydsl_gemm4_abf16_wbf16_bf16_t64x64x128_split_k1_block_m_warp2_block_n_warp4_block_k_warp1_async_copyTrue_b_to_ldsTrue_b_preshuffleFalse_c_to_ldsFalse_gfx950,0.0,249.37,2527.65
gfx950,256,112,4480,7168,False,torch.bfloat16,torch.bfloat16,False,False,flydsl,760,4,25.5402,flydsl_hgemm_abf16_wbf16_bf16_t128x96x64x4_ks4_w2x2x1_bias0_ktail0_gm0_pft_gfx950,0.0138,281.64,2616.83
gfx950,256,112,6016,7168,False,torch.bfloat16,torch.bfloat16,False,False,flydsl,581,4,28.6974,flydsl_hgemm_abf16_wbf16_bf16_t128x96x64x4_ks4_w2x2x1_bias0_ktail0_gm0_pft_gfx950,0.0138,336.6,3108.25
gfx950,256,128,896,7168,False,torch.bfloat16,torch.bfloat16,False,False,flydsl,2050,4,11.37,flydsl_hgemm_abf16_wbf16_bf16_t32x32x128x4_ks4_w2x2x1_bias0_ktail0_gm0_pft_gfx950,0.0137,144.61,1311.3
gfx950,256,128,1536,7168,False,torch.bfloat16,torch.bfloat16,False,False,flydsl,4984,4,14.3023,flydsl_hgemm_abf16_wbf16_bf16_t64x64x64x6_ks4_w4x2x1_bias0_ktail0_gm0_pft_gfx950,0.0139,197.07,1695.41
gfx950,256,128,2304,1536,False,torch.bfloat16,torch.bfloat16,False,False,flydsl,2095,1,7.2671,flydsl_hgemm_abf16_wbf16_bf16_t32x32x64x8_ks1_w1x2x1_bias0_ktail0_gm0_pft_gfx950,0.0,124.67,1109.24
gfx950,256,128,3072,512,False,torch.bfloat16,torch.bfloat16,False,False,flydsl,1337,1,4.5885,flydsl_hgemm_abf16_wbf16_bf16_t32x64x64x6_ks1_w2x2x1_bias0_ktail0_gm0_pft_gfx950,0.0,87.75,885.53
gfx950,256,128,4480,7168,False,torch.bfloat16,torch.bfloat16,False,False,flydsl,760,4,26.6643,flydsl_hgemm_abf16_wbf16_bf16_t128x96x64x4_ks4_w2x2x1_bias0_ktail0_gm0_pft_gfx950,0.0138,308.31,2520.49
gfx950,256,128,6016,7168,False,torch.bfloat16,torch.bfloat16,False,False,flydsl,581,4,30.4714,flydsl_hgemm_abf16_wbf16_bf16_t128x96x64x4_ks4_w2x2x1_bias0_ktail0_gm0_pft_gfx950,0.0139,362.29,2941.13
gfx950,256,128,6144,7168,False,torch.bfloat16,torch.bfloat16,False,False,flydsl,2949,2,29.6587,flydsl_hgemm_abf16_wbf16_bf16_t64x96x128x3_ks2_w2x2x2_bias0_ktail0_gm0_pft_gfx950,0.0141,380.13,3084.7
gfx950,256,128,7168,768,False,torch.bfloat16,torch.bfloat16,False,False,flydsl,2824,1,6.8741,flydsl_hgemm_abf16_wbf16_bf16_t64x64x64x6_ks1_w2x2x1_bias0_ktail0_gm0_pft_gfx950,0.0,205.01,1897.22
gfx950,256,128,7168,1536,False,torch.bfloat16,torch.bfloat16,False,False,flydsl,3201,1,10.5058,flydsl_hgemm_abf16_wbf16_bf16_t64x64x64x6_ks1_w2x4x1_bias0_ktail0_gm0_pft_gfx950,0.0,268.29,2308.09
gfx950,256,128,7168,3584,False,torch.bfloat16,torch.bfloat16,False,False,flydsl,2787,1,19.5768,flydsl_hgemm_abf16_wbf16_bf16_t64x64x64x7_ks1_w4x2x1_bias0_ktail0_gm0_pft_gfx950,0.0,335.94,2765.15
gfx950,256,128,7168,4224,False,torch.bfloat16,torch.bfloat16,False,False,flydsl,2378,1,17.418,flydsl_hgemm_abf16_wbf16_bf16_t64x64x64x6_ks1_w4x2x1_bias0_ktail0_gm0_pft_gfx950,0.0,445.0,3644.02
gfx950,256,128,7168,35840,False,torch.bfloat16,torch.bfloat16,False,False,flydsl,606,4,147.8768,flydsl_hgemm_abf16_wbf16_bf16_t128x64x64x5_ks4_w4x2x1_bias0_ktail0_gm0_pft_gfx950,0.0175,444.74,3548.98
gfx950,256,128,8448,7168,False,torch.bfloat16,torch.bfloat16,False,False,flydsl,543,4,36.0054,flydsl_hgemm_abf16_wbf16_bf16_t128x96x64x2_ks4_w2x2x1_bias0_ktail0_gm0_pft_gfx950,0.0138,430.55,3474.71
gfx950,256,128,20480,7168,False,torch.bfloat16,torch.bfloat16,False,False,flydsl,83,1,80.4327,flydsl_hgemm_abf16_wbf16_bf16_t128x128x64x5_ks1_w4x2x1_bias0_ktail0_gm0_pft_gfx950,0.0,467.23,3738.27
gfx950,256,136,3072,512,False,torch.bfloat16,torch.bfloat16,False,False,flydsl,4995,1,4.2087,flydsl_gemm7_abf16_wbf16_bf16_t32x64x64_split_k1_block_m_warp1_block_n_warp4_block_k_warp1_async_copyTrue_b_to_ldsTrue_b_preshuffleFalse_c_to_ldsFalse_gfx950,0.0,101.65,979.06
gfx950,256,139,896,7168,False,torch.bfloat16,torch.bfloat16,False,False,flydsl,4192,4,12.6845,flydsl_gemm4_abf16_wbf16_bf16_t64x64x128_split_k4_block_m_warp1_block_n_warp4_block_k_warp2_async_copyTrue_b_to_ldsTrue_b_preshuffleFalse_c_to_ldsFalse_gfx950,0.0215,140.76,1189.39
gfx950,256,139,1536,128,False,torch.bfloat16,torch.bfloat16,False,False,flydsl,362,1,3.0474,flydsl_gemm2_abf16_wbf16_bf16_t32x64x64_split_k1_block_m_warp1_block_n_warp4_block_k_warp1_async_copyTrue_b_to_ldsTrue_b_preshuffleFalse_c_to_ldsFalse_gfx950,0.0,17.94,280.83
gfx950,256,139,1536,7168,False,torch.bfloat16,torch.bfloat16,False,False,flydsl,4849,2,15.6822,flydsl_gemm4_abf16_wbf16_bf16_t32x64x128_split_k2_block_m_warp1_block_n_warp2_block_k_warp2_async_copyTrue_b_to_ldsTrue_b_preshuffleFalse_c_to_ldsFalse_gfx950,0.0136,195.18,1558.44
gfx950,256,139,2112,7168,False,torch.bfloat16,torch.bfloat16,False,False,asm,7,3,20.3214,_ZN5aiter39bf16gemm_fp32bf16_tn_80x64_splitk_cleanE,0.0105,207.1,1616.89
gfx950,256,139,2304,1536,False,torch.bfloat16,torch.bfloat16,False,False,flydsl,6285,1,7.2835,flydsl_gemm4_abf16_wbf16_bf16_t32x64x128_split_k1_block_m_warp2_block_n_warp2_block_k_warp1_async_copyTrue_b_to_ldsTrue_b_preshuffleFalse_c_to_ldsFalse_gfx950,0.0,135.08,1118.34
gfx950,256,139,7168,768,False,torch.bfloat16,torch.bfloat16,False,False,flydsl,5512,1,6.9341,flydsl_gemm4_abf16_wbf16_bf16_t96x64x64_split_k1_block_m_warp1_block_n_warp4_block_k_warp1_async_copyTrue_b_to_ldsTrue_b_preshuffleFalse_c_to_ldsFalse_gfx950,0.0,220.71,1905.98
gfx950,256,139,7168,1536,False,torch.bfloat16,torch.bfloat16,False,False,flydsl,6450,1,10.7136,flydsl_gemm4_abf16_wbf16_bf16_t48x64x64_split_k1_block_m_warp1_block_n_warp2_block_k_warp1_async_copyTrue_b_to_ldsTrue_b_preshuffleFalse_c_to_ldsFalse_gfx950,0.0,285.69,2281.19
gfx950,256,139,7168,4224,False,torch.bfloat16,torch.bfloat16,False,False,asm,9,1,30.1009,_ZN5aiter37bf16gemm_fp32bf16_tn_96x64_pf3_splitkE,0.0,279.63,2116.95
gfx950,256,160,4480,7168,False,torch.bfloat16,torch.bfloat16,False,False,flydsl,2859,2,30.9218,flydsl_hgemm_abf16_wbf16_bf16_t96x96x64x5_ks2_w2x2x1_bias0_ktail0_gm0_pft_gfx950,0.0061,332.32,2197.56
gfx950,256,192,4480,7168,False,torch.bfloat16,torch.bfloat16,False,False,flydsl,3106,2,33.8602,flydsl_hgemm_abf16_wbf16_bf16_t96x96x64x5_ks2_w2x2x1_bias0_ktail0_gm0_pft_gfx950,0.0061,364.18,2028.87
gfx950,256,192,6016,7168,False,torch.bfloat16,torch.bfloat16,False,False,flydsl,2014,2,37.5001,flydsl_hgemm_abf16_wbf16_bf16_t96x96x64x5_ks2_w2x2x1_bias0_ktail0_gm0_pft_gfx950,0.0062,441.58,2434.87
gfx950,256,208,3072,512,False,torch.bfloat16,torch.bfloat16,False,False,flydsl,4804,1,4.7198,flydsl_gemm6_abf16_wbf16_bf16_t64x64x64_split_k1_block_m_warp2_block_n_warp2_block_k_warp1_async_copyTrue_b_to_ldsTrue_b_preshuffleFalse_c_to_ldsFalse_gfx950,0.0,138.63,982.39
gfx950,256,214,3072,512,False,torch.bfloat16,torch.bfloat16,False,False,flydsl,5056,1,4.7512,flydsl_gemm7_abf16_wbf16_bf16_t64x64x64_split_k1_block_m_warp1_block_n_warp4_block_k_warp1_async_copyTrue_b_to_ldsTrue_b_preshuffleFalse_c_to_ldsFalse_gfx950,0.0,141.69,984.95
gfx950,256,217,896,7168,False,torch.bfloat16,torch.bfloat16,False,False,asm,7,5,15.4254,_ZN5aiter39bf16gemm_fp32bf16_tn_80x64_splitk_cleanE,0.0164,180.7,1059.61
gfx950,256,217,1536,128,False,torch.bfloat16,torch.bfloat16,False,False,flydsl,362,1,3.1,flydsl_gemm2_abf16_wbf16_bf16_t32x64x64_split_k1_block_m_warp1_block_n_warp4_block_k_warp1_async_copyTrue_b_to_ldsTrue_b_preshuffleFalse_c_to_ldsFalse_gfx950,0.0,27.53,359.8
gfx950,256,217,1536,7168,False,torch.bfloat16,torch.bfloat16,False,False,asm,7,3,20.0005,_ZN5aiter39bf16gemm_fp32bf16_tn_80x64_splitk_cleanE,0.0105,238.91,1289.85
gfx950,256,217,2304,1536,False,torch.bfloat16,torch.bfloat16,False,False,flydsl,6282,1,7.5623,flydsl_gemm4_abf16_wbf16_bf16_t32x64x128_split_k1_block_m_warp1_block_n_warp4_block_k_warp1_async_copyTrue_b_to_ldsTrue_b_preshuffleFalse_c_to_ldsFalse_gfx950,0.0,203.1,1156.32
gfx950,256,217,3584,7168,False,torch.bfloat16,torch.bfloat16,False,False,flydsl,3866,1,30.6008,flydsl_gemm3_abf16_wbf16_bf16_t64x64x128_split_k1_block_m_warp2_block_n_warp2_block_k_warp2_async_copyTrue_b_to_ldsTrue_b_preshuffleFalse_c_to_ldsFalse_gfx950,0.006,364.35,1831.54
gfx950,256,217,7168,768,False,torch.bfloat16,torch.bfloat16,False,False,flydsl,4399,1,8.0805,flydsl_gemm4_abf16_wbf16_bf16_t128x64x64_split_k1_block_m_warp4_block_n_warp2_block_k_warp1_async_copyTrue_b_to_ldsTrue_b_preshuffleFalse_c_to_ldsFalse_gfx950,0.0,295.67,1788.78
gfx950,256,217,7168,1536,False,torch.bfloat16,torch.bfloat16,False,False,flydsl,3506,1,12.1257,flydsl_gemm3_abf16_wbf16_bf16_t128x64x128_split_k1_block_m_warp1_block_n_warp4_block_k_warp2_async_copyTrue_b_to_ldsTrue_b_preshuffleFalse_c_to_ldsFalse_gfx950,0.003,394.07,2127.52
gfx950,256,217,7168,3584,False,torch.bfloat16,torch.bfloat16,False,False,triton,0,0,35.7643,auto,0.0,311.75,1567.11
gfx950,256,220,896,7168,False,torch.bfloat16,torch.bfloat16,False,False,asm,7,5,15.7505,_ZN5aiter39bf16gemm_fp32bf16_tn_80x64_splitk_cleanE,0.0161,179.42,1040.81
gfx950,256,220,1536,128,False,torch.bfloat16,torch.bfloat16,False,False,flydsl,363,1,3.1326,flydsl_gemm2_abf16_wbf16_bf16_t32x64x64_split_k1_block_m_warp2_block_n_warp1_block_k_warp1_async_copyTrue_b_to_ldsTrue_b_preshuffleFalse_c_to_ldsFalse_gfx950,0.0,27.62,359.25
gfx950,256,220,1536,7168,False,torch.bfloat16,torch.bfloat16,False,False,asm,7,3,20.1133,_ZN5aiter39bf16gemm_fp32bf16_tn_80x64_splitk_cleanE,0.0104,240.86,1285.21
gfx950,256,220,2304,1536,False,torch.bfloat16,torch.bfloat16,False,False,flydsl,4369,1,7.7114,flydsl_gemm3_abf16_wbf16_bf16_t32x64x256_split_k1_block_m_warp1_block_n_warp4_block_k_warp1_async_copyTrue_b_to_ldsTrue_b_preshuffleFalse_c_to_ldsFalse_gfx950,0.0,201.93,1136.95
gfx950,256,220,3584,7168,False,torch.bfloat16,torch.bfloat16,False,False,flydsl,3866,1,30.1311,flydsl_gemm3_abf16_wbf16_bf16_t64x64x128_split_k1_block_m_warp2_block_n_warp2_block_k_warp2_async_copyTrue_b_to_ldsTrue_b_preshuffleFalse_c_to_ldsFalse_gfx950,0.006,375.15,1862.23
gfx950,256,220,7168,768,False,torch.bfloat16,torch.bfloat16,False,False,flydsl,4399,1,8.1009,flydsl_gemm4_abf16_wbf16_bf16_t128x64x64_split_k1_block_m_warp4_block_n_warp2_block_k_warp1_async_copyTrue_b_to_ldsTrue_b_preshuffleFalse_c_to_ldsFalse_gfx950,0.0,299.01,1790.16
gfx950,256,220,7168,1536,False,torch.bfloat16,torch.bfloat16,False,False,flydsl,6969,1,12.2464,flydsl_gemm4_abf16_wbf16_bf16_t80x64x64_split_k1_block_m_warp1_block_n_warp2_block_k_warp1_async_copyTrue_b_to_ldsTrue_b_preshuffleFalse_c_to_ldsFalse_gfx950,0.0,395.58,2110.81
gfx950,256,220,7168,3584,False,torch.bfloat16,torch.bfloat16,False,False,triton,0,0,36.1859,auto,0.0,312.38,1550.63
gfx950,256,256,896,7168,False,torch.bfloat16,torch.bfloat16,False,False,flydsl,4015,4,15.2528,flydsl_hgemm_abf16_wbf16_bf16_t64x32x128x3_ks4_w2x2x1_bias0_ktail0_gm0_pft_gfx950,0.0142,215.59,1112.83
gfx950,256,256,1536,7168,False,torch.bfloat16,torch.bfloat16,False,False,flydsl,4207,4,19.2568,flydsl_hgemm_abf16_wbf16_bf16_t64x96x128x3_ks4_w2x2x2_bias0_ktail0_gm0_pft_gfx950,0.0217,292.74,1374.92
gfx950,256,256,2304,1536,False,torch.bfloat16,torch.bfloat16,False,False,flydsl,2472,1,8.9719,flydsl_hgemm_abf16_wbf16_bf16_t48x64x128x4_ks1_w1x4x1_bias0_ktail0_gm0_pft_gfx950,0.0,201.96,1008.03
gfx950,256,256,3072,512,False,torch.bfloat16,torch.bfloat16,False,False,flydsl,2427,1,5.4879,flydsl_hgemm_abf16_wbf16_bf16_t64x64x64x6_ks1_w4x2x1_bias0_ktail0_gm0_pft_gfx950,0.0,146.74,907.59
gfx950,256,256,6144,7168,False,torch.bfloat16,torch.bfloat16,False,False,flydsl,2082,1,41.5624,flydsl_hgemm_abf16_wbf16_bf16_t64x96x128x3_ks1_w2x2x2_bias0_ktail0_gm4_pft_gfx950,0.006,542.52,2283.22
gfx950,256,256,7168,768,False,torch.bfloat16,torch.bfloat16,False,False,triton,0,0,8.9502,auto,0.0,314.92,1684.13
gfx950,256,256,7168,1536,False,torch.bfloat16,torch.bfloat16,False,False,triton,0,0,13.5351,auto,0.0,416.48,1956.14
gfx950,256,256,7168,3584,False,torch.bfloat16,torch.bfloat16,False,False,triton,0,0,26.3955,auto,0.0,498.32,2155.11
gfx950,256,256,7168,4224,False,torch.bfloat16,torch.bfloat16,False,False,flydsl,2009,1,30.0604,flydsl_hgemm_abf16_wbf16_bf16_t96x64x64x4_ks1_w2x2x1_bias0_ktail0_gm0_pft_gfx950,0.0,515.7,2208.49
gfx950,256,256,7168,35840,False,torch.bfloat16,torch.bfloat16,False,False,flydsl,117,1,312.004,flydsl_hgemm_abf16_wbf16_bf16_t128x128x64x5_ks1_w4x4x1_bias0_ktail0_gm0_pft_gfx950,0.0,421.58,1717.36
gfx950,256,256,8448,7168,False,torch.bfloat16,torch.bfloat16,False,False,torch,0,0,57.6067,native,0.0,538.21,2241.16
gfx950,256,256,20480,7168,False,torch.bfloat16,torch.bfloat16,False,False,flydsl,372,1,142.8931,flydsl_hgemm_abf16_wbf16_bf16_t64x128x64x3_ks1_w2x4x1_bias0_ktail0_gm4_pft_gfx950,0.0,526.0,2153.76
gfx950,256,264,3072,512,False,torch.bfloat16,torch.bfloat16,False,False,flydsl,5056,1,4.7879,flydsl_gemm7_abf16_wbf16_bf16_t64x64x64_split_k1_block_m_warp1_block_n_warp4_block_k_warp1_async_copyTrue_b_to_ldsTrue_b_preshuffleFalse_c_to_ldsFalse_gfx950,0.0,173.45,1052.25
gfx950,256,270,896,7168,False,torch.bfloat16,torch.bfloat16,False,False,asm,8,5,16.2429,_ZN5aiter39bf16gemm_fp32bf16_tn_96x64_splitk_cleanE,0.0163,213.52,1058.9
gfx950,256,270,1536,128,False,torch.bfloat16,torch.bfloat16,False,False,flydsl,187,1,3.2003,flydsl_gemm2_abf16_wbf16_bf16_t16x64x64_split_k1_block_m_warp1_block_n_warp1_block_k_warp1_async_copyTrue_b_to_ldsTrue_b_preshuffleFalse_c_to_ldsFalse_gfx950,0.0,33.17,403.64
gfx950,256,270,1536,7168,False,torch.bfloat16,torch.bfloat16,False,False,asm,8,3,20.7703,_ZN5aiter39bf16gemm_fp32bf16_tn_96x64_splitk_cleanE,0.0106,286.25,1286.46
gfx950,256,270,2112,7168,False,torch.bfloat16,torch.bfloat16,False,False,asm,8,2,29.209,_ZN5aiter39bf16gemm_fp32bf16_tn_96x64_splitk_cleanE,0.006,279.88,1208.15
gfx950,256,270,2304,1536,False,torch.bfloat16,torch.bfloat16,False,False,flydsl,6734,1,9.088,flydsl_gemm4_abf16_wbf16_bf16_t64x64x128_split_k1_block_m_warp2_block_n_warp4_block_k_warp1_async_copyTrue_b_to_ldsTrue_b_preshuffleFalse_c_to_ldsFalse_gfx950,0.0,210.28,1006.99
gfx950,256,270,3584,7168,False,torch.bfloat16,torch.bfloat16,False,False,flydsl,5247,1,36.3022,flydsl_gemm4_abf16_wbf16_bf16_t64x64x64_split_k1_block_m_warp1_block_n_warp4_block_k_warp1_async_copyTrue_b_to_ldsTrue_b_preshuffleFalse_c_to_ldsFalse_gfx950,0.0,382.14,1575.28
gfx950,256,270,7168,768,False,torch.bfloat16,torch.bfloat16,False,False,flydsl,5510,1,9.1903,flydsl_gemm4_abf16_wbf16_bf16_t96x64x64_split_k1_block_m_warp1_block_n_warp2_block_k_warp1_async_copyTrue_b_to_ldsTrue_b_preshuffleFalse_c_to_ldsFalse_gfx950,0.0,323.46,1664.31
gfx950,256,270,7168,1536,False,torch.bfloat16,torch.bfloat16,False,False,flydsl,7114,1,13.5293,flydsl_gemm4_abf16_wbf16_bf16_t96x64x64_split_k1_block_m_warp1_block_n_warp2_block_k_warp1_async_copyTrue_b_to_ldsTrue_b_preshuffleFalse_c_to_ldsFalse_gfx950,0.0,439.45,1974.99
gfx950,256,425,3072,512,False,torch.bfloat16,torch.bfloat16,False,False,flydsl,3865,1,5.6512,flydsl_gemm4_abf16_wbf16_bf16_t96x64x64_split_k1_block_m_warp2_block_n_warp2_block_k_warp1_async_copyTrue_b_to_ldsTrue_b_preshuffleFalse_c_to_ldsFalse_gfx950,0.0,236.58,1095.72
gfx950,256,428,896,7168,False,torch.bfloat16,torch.bfloat16,False,False,asm,7,3,20.3408,_ZN5aiter39bf16gemm_fp32bf16_tn_80x64_splitk_cleanE,0.0105,270.28,970.85
gfx950,256,428,1536,128,False,torch.bfloat16,torch.bfloat16,False,False,flydsl,362,1,3.2867,flydsl_gemm2_abf16_wbf16_bf16_t32x64x64_split_k1_block_m_warp1_block_n_warp4_block_k_warp1_async_copyTrue_b_to_ldsTrue_b_preshuffleFalse_c_to_ldsFalse_gfx950,0.0,51.21,553.02
gfx950,256,428,1536,7168,False,torch.bfloat16,torch.bfloat16,False,False,asm,8,2,28.2147,_ZN5aiter39bf16gemm_fp32bf16_tn_96x64_splitk_cleanE,0.0061,334.03,1044.52
gfx950,256,428,2304,1536,False,torch.bfloat16,torch.bfloat16,False,False,flydsl,6734,1,9.5043,flydsl_gemm4_abf16_wbf16_bf16_t64x64x128_split_k1_block_m_warp2_block_n_warp4_block_k_warp1_async_copyTrue_b_to_ldsTrue_b_preshuffleFalse_c_to_ldsFalse_gfx950,0.0,318.73,1090.55
gfx950,256,428,3584,7168,False,torch.bfloat16,torch.bfloat16,False,False,flydsl,2742,1,45.1956,flydsl_gemm3_abf16_wbf16_bf16_t128x64x128_split_k1_block_m_warp4_block_n_warp2_block_k_warp2_async_copyTrue_b_to_ldsTrue_b_preshuffleFalse_c_to_ldsFalse_gfx950,0.0059,486.57,1340.48
gfx950,256,428,7168,768,False,torch.bfloat16,torch.bfloat16,False,False,flydsl,4266,1,10.6832,flydsl_gemm4_abf16_wbf16_bf16_t128x128x64_split_k1_block_m_warp2_block_n_warp4_block_k_warp1_async_copyTrue_b_to_ldsTrue_b_preshuffleFalse_c_to_ldsFalse_gfx950,0.0,441.09,1666.47
gfx950,256,428,7168,1536,False,torch.bfloat16,torch.bfloat16,False,False,flydsl,3241,1,17.0712,flydsl_gemm3_abf16_wbf16_bf16_t128x128x64_split_k1_block_m_warp4_block_n_warp4_block_k_warp1_async_copyTrue_b_to_ldsTrue_b_preshuffleFalse_c_to_ldsFalse_gfx950,0.0,552.08,1726.34
gfx950,256,443,896,7168,False,torch.bfloat16,torch.bfloat16,False,False,asm,8,3,20.5406,_ZN5aiter39bf16gemm_fp32bf16_tn_96x64_splitk_cleanE,0.0105,277.03,973.18
gfx950,256,443,1536,128,False,torch.bfloat16,torch.bfloat16,False,False,flydsl,555,1,3.3441,flydsl_gemm2_abf16_wbf16_bf16_t64x64x64_split_k1_block_m_warp4_block_n_warp2_block_k_warp1_async_copyTrue_b_to_ldsTrue_b_preshuffleFalse_c_to_ldsFalse_gfx950,0.0,52.09,558.45
gfx950,256,443,1536,7168,False,torch.bfloat16,torch.bfloat16,False,False,asm,8,2,28.5451,_ZN5aiter39bf16gemm_fp32bf16_tn_96x64_splitk_cleanE,0.0061,341.74,1041.57
gfx950,256,443,2304,1536,False,torch.bfloat16,torch.bfloat16,False,False,flydsl,6734,1,9.616,flydsl_gemm4_abf16_wbf16_bf16_t64x64x128_split_k1_block_m_warp2_block_n_warp4_block_k_warp1_async_copyTrue_b_to_ldsTrue_b_preshuffleFalse_c_to_ldsFalse_gfx950,0.0,326.07,1089.86
gfx950,256,443,3072,512,False,torch.bfloat16,torch.bfloat16,False,False,flydsl,2929,1,5.9818,flydsl_gemm3_abf16_wbf16_bf16_t96x64x128_split_k1_block_m_warp1_block_n_warp4_block_k_warp1_async_copyTrue_b_to_ldsTrue_b_preshuffleFalse_c_to_ldsFalse_gfx950,0.0,232.97,1056.73
gfx950,256,443,3584,7168,False,torch.bfloat16,torch.bfloat16,False,False,flydsl,2742,1,45.3297,flydsl_gemm3_abf16_wbf16_bf16_t128x64x128_split_k1_block_m_warp4_block_n_warp2_block_k_warp2_async_copyTrue_b_to_ldsTrue_b_preshuffleFalse_c_to_ldsFalse_gfx950,0.0059,502.13,1343.63
gfx950,256,443,7168,768,False,torch.bfloat16,torch.bfloat16,False,False,flydsl,4271,1,10.8635,flydsl_gemm4_abf16_wbf16_bf16_t128x128x64_split_k1_block_m_warp4_block_n_warp2_block_k_warp1_async_copyTrue_b_to_ldsTrue_b_preshuffleFalse_c_to_ldsFalse_gfx950,0.0,448.98,1660.73
gfx950,256,443,7168,1536,False,torch.bfloat16,torch.bfloat16,False,False,flydsl,5575,1,16.9036,flydsl_gemm4_abf16_wbf16_bf16_t128x128x64_split_k1_block_m_warp4_block_n_warp4_block_k_warp1_async_copyTrue_b_to_ldsTrue_b_preshuffleFalse_c_to_ldsFalse_gfx950,0.0,577.09,1758.91
gfx950,256,498,3072,512,False,torch.bfloat16,torch.bfloat16,False,False,flydsl,3095,1,6.4174,flydsl_gemm4_abf16_wbf16_bf16_t128x64x64_split_k1_block_m_warp4_block_n_warp2_block_k_warp1_async_copyTrue_b_to_ldsTrue_b_preshuffleFalse_c_to_ldsFalse_gfx950,0.0,244.11,1046.44
gfx950,256,510,896,7168,False,torch.bfloat16,torch.bfloat16,False,False,asm,8,3,22.7539,_ZN5aiter39bf16gemm_fp32bf16_tn_96x64_splitk_cleanE,0.0106,287.91,926.01
gfx950,256,510,1536,128,False,torch.bfloat16,torch.bfloat16,False,False,flydsl,545,1,3.3641,flydsl_gemm2_abf16_wbf16_bf16_t64x64x64_split_k1_block_m_warp1_block_n_warp4_block_k_warp1_async_copyTrue_b_to_ldsTrue_b_preshuffleFalse_c_to_ldsFalse_gfx950,0.0,59.61,621.41
gfx950,256,510,2304,1536,False,torch.bfloat16,torch.bfloat16,False,False,flydsl,7065,1,11.2183,flydsl_gemm4_abf16_wbf16_bf16_t96x64x128_split_k1_block_m_warp2_block_n_warp2_block_k_warp1_async_copyTrue_b_to_ldsTrue_b_preshuffleFalse_c_to_ldsFalse_gfx950,0.0,321.77,980.07
gfx950,256,510,7168,768,False,torch.bfloat16,torch.bfloat16,False,False,flydsl,4271,1,11.44,flydsl_gemm4_abf16_wbf16_bf16_t128x128x64_split_k1_block_m_warp4_block_n_warp2_block_k_warp1_async_copyTrue_b_to_ldsTrue_b_preshuffleFalse_c_to_ldsFalse_gfx950,0.0,490.83,1670.0
gfx950,256,510,7168,1536,False,torch.bfloat16,torch.bfloat16,False,False,flydsl,3241,1,18.3426,flydsl_gemm3_abf16_wbf16_bf16_t128x128x64_split_k1_block_m_warp4_block_n_warp4_block_k_warp1_async_copyTrue_b_to_ldsTrue_b_preshuffleFalse_c_to_ldsFalse_gfx950,0.0,612.25,1684.5
gfx950,256,512,896,7168,False,torch.bfloat16,torch.bfloat16,False,False,asm,8,3,21.9749,_ZN5aiter39bf16gemm_fp32bf16_tn_96x64_splitk_cleanE,0.0106,299.28,960.3
gfx950,256,512,1536,7168,False,torch.bfloat16,torch.bfloat16,False,False,torch,0,0,27.8128,native,0.0,405.36,1112.19
gfx950,256,512,2112,7168,False,torch.bfloat16,torch.bfloat16,False,False,flydsl,1399,1,37.3535,flydsl_hgemm_abf16_wbf16_bf16_t48x96x128x3_ks1_w1x2x2_bias0_ktail0_gm0_pft_gfx950,0.0059,415.01,1064.97
gfx950,256,512,2304,1536,False,torch.bfloat16,torch.bfloat16,False,False,flydsl,2951,1,11.8115,flydsl_hgemm_abf16_wbf16_bf16_t96x64x64x4_ks1_w2x2x1_bias0_ktail0_gm0_pft_gfx950,0.0,306.81,932.15
gfx950,256,512,3072,512,False,torch.bfloat16,torch.bfloat16,False,False,flydsl,2017,1,6.8583,flydsl_hgemm_abf16_wbf16_bf16_t64x96x64x4_ks1_w2x2x1_bias0_ktail0_gm0_pft_gfx950,0.0,234.84,993.79
gfx950,256,512,6144,7168,False,torch.bfloat16,torch.bfloat16,False,False,flydsl,328,1,65.6318,flydsl_hgemm_abf16_wbf16_bf16_t128x96x64x4_ks1_w2x2x1_bias0_ktail0_gm0_pft_gfx950,0.0,687.12,1549.73
gfx950,256,512,7168,768,False,torch.bfloat16,torch.bfloat16,False,False,flydsl,47,1,12.1933,flydsl_hgemm_abf16_wbf16_bf16_t128x128x64x3_ks1_w4x2x1_bias0_ktail0_gm0_pft_gfx950,0.0,462.31,1569.43
gfx950,256,512,7168,1536,False,torch.bfloat16,torch.bfloat16,False,False,flydsl,49,1,18.727,flydsl_hgemm_abf16_wbf16_bf16_t128x128x64x3_ks1_w4x2x1_bias0_ktail0_gm0_pft_gfx950,0.0,602.03,1651.79
gfx950,256,512,7168,3584,False,torch.bfloat16,torch.bfloat16,False,False,flydsl,50,1,35.3194,flydsl_hgemm_abf16_wbf16_bf16_t128x128x64x4_ks1_w4x4x1_bias0_ktail0_gm0_pft_gfx950,0.0,744.82,1766.46
gfx950,256,512,7168,4224,False,torch.bfloat16,torch.bfloat16,False,False,flydsl,38,1,41.8549,flydsl_hgemm_abf16_wbf16_bf16_t128x128x64x3_ks1_w4x4x1_bias0_ktail0_gm0_pft_gfx950,0.0,740.76,1725.5
gfx950,256,512,7168,35840,False,torch.bfloat16,torch.bfloat16,False,False,flydsl,45,1,318.9959,flydsl_hgemm_abf16_wbf16_bf16_t128x128x64x4_ks1_w2x2x2_bias0_ktail0_gm0_pft_gfx950,0.0086,824.67,1748.74
gfx950,256,512,8448,7168,False,torch.bfloat16,torch.bfloat16,False,False,flydsl,23,1,94.7694,flydsl_hgemm_abf16_wbf16_bf16_t128x128x64x2_ks1_w2x4x1_bias0_ktail0_gm4_pht_gfx950,0.0,654.31,1446.68
gfx950,256,512,20480,7168,False,torch.bfloat16,torch.bfloat16,False,False,flydsl,95,1,151.3497,flydsl_hgemm_abf16_wbf16_bf16_t256x256x64x2_ks1_w2x4x1_bias0_ktail0_gm0_pht_gfx950,0.0,993.22,2126.95
gfx950,256,562,3072,512,False,torch.bfloat16,torch.bfloat16,False,False,flydsl,1889,1,6.395,flydsl_gemm3_abf16_wbf16_bf16_t128x64x128_split_k1_block_m_warp4_block_n_warp2_block_k_warp1_async_copyTrue_b_to_ldsTrue_b_preshuffleFalse_c_to_ldsFalse_gfx950,0.0,276.45,1121.84
gfx950,256,565,1536,128,False,torch.bfloat16,torch.bfloat16,False,False,flydsl,303,1,3.4853,flydsl_gemm2_abf16_wbf16_bf16_t32x128x64_split_k1_block_m_warp1_block_n_warp4_block_k_warp1_async_copyTrue_b_to_ldsTrue_b_preshuffleFalse_c_to_ldsFalse_gfx950,0.0,63.74,652.32
gfx950,256,565,2304,1536,False,torch.bfloat16,torch.bfloat16,False,False,flydsl,7065,1,11.4345,flydsl_gemm4_abf16_wbf16_bf16_t96x64x128_split_k1_block_m_warp2_block_n_warp2_block_k_warp1_async_copyTrue_b_to_ldsTrue_b_preshuffleFalse_c_to_ldsFalse_gfx950,0.0,349.73,998.48
gfx950,256,565,3584,7168,False,torch.bfloat16,torch.bfloat16,False,False,flydsl,3590,1,50.0033,flydsl_gemm3_abf16_wbf16_bf16_t64x128x128_split_k1_block_m_warp4_block_n_warp2_block_k_warp2_async_copyTrue_b_to_ldsTrue_b_preshuffleFalse_c_to_ldsFalse_gfx950,0.0059,580.56,1270.52
gfx950,256,565,7168,768,False,torch.bfloat16,torch.bfloat16,False,False,flydsl,5118,1,13.2287,flydsl_gemm4_abf16_wbf16_bf16_t64x256x64_split_k1_block_m_warp2_block_n_warp4_block_k_warp1_async_copyTrue_b_to_ldsTrue_b_preshuffleFalse_c_to_ldsFalse_gfx950,0.0,470.24,1510.18
gfx950,256,565,7168,1536,False,torch.bfloat16,torch.bfloat16,False,False,flydsl,6618,1,22.6448,flydsl_gemm4_abf16_wbf16_bf16_t64x256x64_split_k1_block_m_warp4_block_n_warp2_block_k_warp1_async_copyTrue_b_to_ldsTrue_b_preshuffleFalse_c_to_ldsFalse_gfx950,0.0,549.41,1406.75
gfx950,256,599,1536,128,False,torch.bfloat16,torch.bfloat16,False,False,flydsl,553,1,3.4619,flydsl_gemm2_abf16_wbf16_bf16_t64x64x64_split_k1_block_m_warp4_block_n_warp1_block_k_warp1_async_copyTrue_b_to_ldsTrue_b_preshuffleFalse_c_to_ldsFalse_gfx950,0.0,68.04,689.42
gfx950,256,599,1536,7168,False,torch.bfloat16,torch.bfloat16,False,False,flydsl,3866,1,30.6639,flydsl_gemm3_abf16_wbf16_bf16_t64x64x128_split_k1_block_m_warp2_block_n_warp2_block_k_warp2_async_copyTrue_b_to_ldsTrue_b_preshuffleFalse_c_to_ldsFalse_gfx950,0.0061,430.15,1058.17
gfx950,256,599,2112,7168,False,torch.bfloat16,torch.bfloat16,False,False,torch,0,0,43.0199,native,0.0,421.58,962.23
gfx950,256,599,2304,1536,False,torch.bfloat16,torch.bfloat16,False,False,flydsl,7065,1,11.5874,flydsl_gemm4_abf16_wbf16_bf16_t96x64x128_split_k1_block_m_warp2_block_n_warp2_block_k_warp1_async_copyTrue_b_to_ldsTrue_b_preshuffleFalse_c_to_ldsFalse_gfx950,0.0,365.88,1007.84
gfx950,256,599,2880,7168,False,torch.bfloat16,torch.bfloat16,False,False,flydsl,1037,1,48.1147,flydsl_gemm3_abf16_wbf16_bf16_t128x64x128_split_k1_block_m_warp4_block_n_warp2_block_k_warp2_async_copyTrue_b_to_ldsTrue_b_preshuffleFalse_c_to_ldsFalse_gfx950,0.006,514.01,1108.29
gfx950,256,599,3072,512,False,torch.bfloat16,torch.bfloat16,False,False,flydsl,3093,1,6.5512,flydsl_gemm4_abf16_wbf16_bf16_t128x64x64_split_k1_block_m_warp4_block_n_warp1_block_k_warp1_async_copyTrue_b_to_ldsTrue_b_preshuffleFalse_c_to_ldsFalse_gfx950,0.0,287.63,1135.57
gfx950,256,599,3584,7168,False,torch.bfloat16,torch.bfloat16,False,False,torch,0,0,53.8233,native,0.0,571.81,1193.93
gfx950,256,599,6288,7168,False,torch.bfloat16,torch.bfloat16,False,False,torch,0,0,87.1809,native,0.0,619.36,1218.9
gfx950,256,599,7168,768,False,torch.bfloat16,torch.bfloat16,False,False,flydsl,2191,1,14.326,flydsl_gemm2_abf16_wbf16_bf16_t96x128x64_split_k1_block_m_warp2_block_n_warp2_block_k_warp1_async_copyTrue_b_to_ldsTrue_b_preshuffleFalse_c_to_ldsFalse_gfx950,0.0,460.35,1432.18
gfx950,256,599,7168,1536,False,torch.bfloat16,torch.bfloat16,False,False,torch,0,0,23.5963,native,0.0,558.99,1375.11
gfx950,256,599,7168,4224,False,torch.bfloat16,torch.bfloat16,False,False,flydsl,3073,1,59.578,flydsl_gemm3_abf16_wbf16_bf16_t80x128x64_split_k1_block_m_warp1_block_n_warp2_block_k_warp1_async_copyTrue_b_to_ldsTrue_b_preshuffleFalse_c_to_ldsFalse_gfx950,0.0,608.83,1245.47
gfx950,256,599,7168,35840,False,torch.bfloat16,torch.bfloat16,False,False,torch,0,0,315.0058,native,0.0,977.02,1794.65
gfx950,256,599,8448,7168,False,torch.bfloat16,torch.bfloat16,False,False,torch,0,0,98.3117,native,0.0,737.91,1422.2
gfx950,256,601,896,7168,False,torch.bfloat16,torch.bfloat16,False,False,asm,7,2,27.0863,_ZN5aiter39bf16gemm_fp32bf16_tn_80x64_splitk_cleanE,0.006,285.01,832.08
gfx950,256,601,1536,128,False,torch.bfloat16,torch.bfloat16,False,False,flydsl,362,1,3.4349,flydsl_gemm2_abf16_wbf16_bf16_t32x64x64_split_k1_block_m_warp1_block_n_warp4_block_k_warp1_async_copyTrue_b_to_ldsTrue_b_preshuffleFalse_c_to_ldsFalse_gfx950,0.0,68.8,696.77
gfx950,256,601,2304,1536,False,torch.bfloat16,torch.bfloat16,False,False,flydsl,5427,1,11.3195,flydsl_gemm3_abf16_wbf16_bf16_t96x64x128_split_k1_block_m_warp1_block_n_warp4_block_k_warp1_async_copyTrue_b_to_ldsTrue_b_preshuffleFalse_c_to_ldsFalse_gfx950,0.0,375.79,1033.05
gfx950,256,601,3072,512,False,torch.bfloat16,torch.bfloat16,False,False,flydsl,3095,1,6.5365,flydsl_gemm4_abf16_wbf16_bf16_t128x64x64_split_k1_block_m_warp4_block_n_warp2_block_k_warp1_async_copyTrue_b_to_ldsTrue_b_preshuffleFalse_c_to_ldsFalse_gfx950,0.0,289.23,1140.32
gfx950,256,605,3072,512,False,torch.bfloat16,torch.bfloat16,False,False,flydsl,1889,1,6.5337,flydsl_gemm3_abf16_wbf16_bf16_t128x64x128_split_k1_block_m_warp4_block_n_warp2_block_k_warp1_async_copyTrue_b_to_ldsTrue_b_preshuffleFalse_c_to_ldsFalse_gfx950,0.0,291.28,1145.2
gfx950,256,614,3072,512,False,torch.bfloat16,torch.bfloat16,False,False,flydsl,1889,1,6.6196,flydsl_gemm3_abf16_wbf16_bf16_t128x64x128_split_k1_block_m_warp4_block_n_warp2_block_k_warp1_async_copyTrue_b_to_ldsTrue_b_preshuffleFalse_c_to_ldsFalse_gfx950,0.0,291.78,1140.08
gfx950,256,617,1536,128,False,torch.bfloat16,torch.bfloat16,False,False,flydsl,545,1,3.4807,flydsl_gemm2_abf16_wbf16_bf16_t64x64x64_split_k1_block_m_warp1_block_n_warp4_block_k_warp1_async_copyTrue_b_to_ldsTrue_b_preshuffleFalse_c_to_ldsFalse_gfx950,0.0,69.7,702.9
gfx950,256,617,2304,1536,False,torch.bfloat16,torch.bfloat16,False,False,flydsl,7065,1,11.5827,flydsl_gemm4_abf16_wbf16_bf16_t96x64x128_split_k1_block_m_warp2_block_n_warp2_block_k_warp1_async_copyTrue_b_to_ldsTrue_b_preshuffleFalse_c_to_ldsFalse_gfx950,0.0,377.03,1020.18
gfx950,256,620,896,7168,False,torch.bfloat16,torch.bfloat16,False,False,asm,7,2,27.0639,_ZN5aiter39bf16gemm_fp32bf16_tn_80x64_splitk_cleanE,0.006,294.26,844.09
gfx950,256,620,1536,128,False,torch.bfloat16,torch.bfloat16,False,False,flydsl,363,1,3.435,flydsl_gemm2_abf16_wbf16_bf16_t32x64x64_split_k1_block_m_warp2_block_n_warp1_block_k_warp1_async_copyTrue_b_to_ldsTrue_b_preshuffleFalse_c_to_ldsFalse_gfx950,0.0,70.97,715.16
gfx950,256,620,2304,1536,False,torch.bfloat16,torch.bfloat16,False,False,flydsl,7061,1,11.5604,flydsl_gemm4_abf16_wbf16_bf16_t96x64x128_split_k1_block_m_warp1_block_n_warp2_block_k_warp2_async_copyTrue_b_to_ldsTrue_b_preshuffleFalse_c_to_ldsFalse_gfx950,0.003,379.6,1024.14
gfx950,256,624,3072,512,False,torch.bfloat16,torch.bfloat16,False,False,flydsl,3093,1,6.6593,flydsl_gemm4_abf16_wbf16_bf16_t128x64x64_split_k1_block_m_warp4_block_n_warp1_block_k_warp1_async_copyTrue_b_to_ldsTrue_b_preshuffleFalse_c_to_ldsFalse_gfx950,0.0,294.77,1144.05
gfx950,256,627,1536,128,False,torch.bfloat16,torch.bfloat16,False,False,flydsl,365,1,3.3932,flydsl_gemm2_abf16_wbf16_bf16_t32x64x64_split_k1_block_m_warp2_block_n_warp2_block_k_warp1_async_copyTrue_b_to_ldsTrue_b_preshuffleFalse_c_to_ldsFalse_gfx950,0.0,72.66,730.84
gfx950,256,627,2304,1536,False,torch.bfloat16,torch.bfloat16,False,False,flydsl,5430,1,11.3431,flydsl_gemm3_abf16_wbf16_bf16_t96x64x128_split_k1_block_m_warp2_block_n_warp2_block_k_warp1_async_copyTrue_b_to_ldsTrue_b_preshuffleFalse_c_to_ldsFalse_gfx950,0.0,391.24,1048.5
gfx950,256,631,1536,128,False,torch.bfloat16,torch.bfloat16,False,False,flydsl,553,1,3.3912,flydsl_gemm2_abf16_wbf16_bf16_t64x64x64_split_k1_block_m_warp4_block_n_warp1_block_k_warp1_async_copyTrue_b_to_ldsTrue_b_preshuffleFalse_c_to_ldsFalse_gfx950,0.0,73.17,735.19
gfx950,256,631,2304,1536,False,torch.bfloat16,torch.bfloat16,False,False,flydsl,5427,1,11.5604,flydsl_gemm3_abf16_wbf16_bf16_t96x64x128_split_k1_block_m_warp1_block_n_warp4_block_k_warp1_async_copyTrue_b_to_ldsTrue_b_preshuffleFalse_c_to_ldsFalse_gfx950,0.0,386.33,1031.45
gfx950,256,631,3072,512,False,torch.bfloat16,torch.bfloat16,False,False,flydsl,3090,1,6.6966,flydsl_gemm4_abf16_wbf16_bf16_t128x64x64_split_k1_block_m_warp2_block_n_warp2_block_k_warp1_async_copyTrue_b_to_ldsTrue_b_preshuffleFalse_c_to_ldsFalse_gfx950,0.0,296.41,1145.17
gfx950,256,632,3072,512,False,torch.bfloat16,torch.bfloat16,False,False,flydsl,3095,1,6.5856,flydsl_gemm4_abf16_wbf16_bf16_t128x64x64_split_k1_block_m_warp4_block_n_warp2_block_k_warp1_async_copyTrue_b_to_ldsTrue_b_preshuffleFalse_c_to_ldsFalse_gfx950,0.0,301.89,1165.56
gfx950,256,635,1536,128,False,torch.bfloat16,torch.bfloat16,False,False,flydsl,362,1,3.4827,flydsl_gemm2_abf16_wbf16_bf16_t32x64x64_split_k1_block_m_warp1_block_n_warp4_block_k_warp1_async_copyTrue_b_to_ldsTrue_b_preshuffleFalse_c_to_ldsFalse_gfx950,0.0,71.69,719.7
gfx950,256,635,1536,7168,False,torch.bfloat16,torch.bfloat16,False,False,flydsl,3866,1,31.6515,flydsl_gemm3_abf16_wbf16_bf16_t64x64x128_split_k1_block_m_warp2_block_n_warp2_block_k_warp2_async_copyTrue_b_to_ldsTrue_b_preshuffleFalse_c_to_ldsFalse_gfx950,0.0061,441.77,1044.95
gfx950,256,635,2112,7168,False,torch.bfloat16,torch.bfloat16,False,False,torch,0,0,43.0086,native,0.0,447.03,978.02
gfx950,256,635,2304,1536,False,torch.bfloat16,torch.bfloat16,False,False,flydsl,7065,1,11.6117,flydsl_gemm4_abf16_wbf16_bf16_t96x64x128_split_k1_block_m_warp2_block_n_warp2_block_k_warp1_async_copyTrue_b_to_ldsTrue_b_preshuffleFalse_c_to_ldsFalse_gfx950,0.0,387.06,1029.54
gfx950,256,635,2880,7168,False,torch.bfloat16,torch.bfloat16,False,False,flydsl,1037,1,50.8479,flydsl_gemm3_abf16_wbf16_bf16_t128x64x128_split_k1_block_m_warp4_block_n_warp2_block_k_warp2_async_copyTrue_b_to_ldsTrue_b_preshuffleFalse_c_to_ldsFalse_gfx950,0.006,515.61,1062.95
gfx950,256,635,3072,512,False,torch.bfloat16,torch.bfloat16,False,False,flydsl,3092,1,6.6667,flydsl_gemm4_abf16_wbf16_bf16_t128x64x64_split_k1_block_m_warp2_block_n_warp4_block_k_warp1_async_copyTrue_b_to_ldsTrue_b_preshuffleFalse_c_to_ldsFalse_gfx950,0.0,299.63,1154.61
gfx950,256,635,3584,7168,False,torch.bfloat16,torch.bfloat16,False,False,torch,0,0,53.6018,native,0.0,608.68,1213.3
gfx950,256,635,6288,7168,False,torch.bfloat16,torch.bfloat16,False,False,torch,0,0,85.0749,native,0.0,672.84,1260.46
gfx950,256,635,7168,768,False,torch.bfloat16,torch.bfloat16,False,False,flydsl,2191,1,14.4063,flydsl_gemm2_abf16_wbf16_bf16_t96x128x64_split_k1_block_m_warp2_block_n_warp2_block_k_warp1_async_copyTrue_b_to_ldsTrue_b_preshuffleFalse_c_to_ldsFalse_gfx950,0.0,485.3,1463.86
gfx950,256,635,7168,1536,False,torch.bfloat16,torch.bfloat16,False,False,torch,0,0,23.8419,native,0.0,586.48,1387.23
gfx950,256,635,7168,4224,False,torch.bfloat16,torch.bfloat16,False,False,torch,0,0,54.0988,native,0.0,710.78,1386.78
gfx950,256,635,7168,35840,False,torch.bfloat16,torch.bfloat16,False,False,torch,0,0,306.1157,native,0.0,1065.82,1856.89
gfx950,256,635,8448,7168,False,torch.bfloat16,torch.bfloat16,False,False,torch,0,0,103.2002,native,0.0,745.2,1365.72
gfx950,256,638,1536,128,False,torch.bfloat16,torch.bfloat16,False,False,flydsl,550,1,3.4365,flydsl_gemm2_abf16_wbf16_bf16_t64x64x64_split_k1_block_m_warp2_block_n_warp2_block_k_warp1_async_copyTrue_b_to_ldsTrue_b_preshuffleFalse_c_to_ldsFalse_gfx950,0.0,73.0,732.28
gfx950,256,638,2304,1536,False,torch.bfloat16,torch.bfloat16,False,False,flydsl,7065,1,11.3345,flydsl_gemm4_abf16_wbf16_bf16_t96x64x128_split_k1_block_m_warp2_block_n_warp2_block_k_warp1_async_copyTrue_b_to_ldsTrue_b_preshuffleFalse_c_to_ldsFalse_gfx950,0.0,398.4,1056.75
gfx950,256,658,3072,512,False,torch.bfloat16,torch.bfloat16,False,False,flydsl,1636,1,7.4403,flydsl_gemm2_abf16_wbf16_bf16_t96x64x128_split_k1_block_m_warp2_block_n_warp2_block_k_warp1_async_copyTrue_b_to_ldsTrue_b_preshuffleFalse_c_to_ldsFalse_gfx950,0.0,278.2,1056.71
gfx950,256,670,896,7168,False,torch.bfloat16,torch.bfloat16,False,False,asm,7,2,27.4609,_ZN5aiter39bf16gemm_fp32bf16_tn_80x64_splitk_cleanE,0.006,313.4,861.25
gfx950,256,670,1536,128,False,torch.bfloat16,torch.bfloat16,False,False,flydsl,362,1,3.4326,flydsl_gemm2_abf16_wbf16_bf16_t32x64x64_split_k1_block_m_warp1_block_n_warp4_block_k_warp1_async_copyTrue_b_to_ldsTrue_b_preshuffleFalse_c_to_ldsFalse_gfx950,0.0,76.75,764.14
gfx950,256,670,2304,1536,False,torch.bfloat16,torch.bfloat16,False,False,flydsl,5430,1,11.4084,flydsl_gemm3_abf16_wbf16_bf16_t96x64x128_split_k1_block_m_warp2_block_n_warp2_block_k_warp1_async_copyTrue_b_to_ldsTrue_b_preshuffleFalse_c_to_ldsFalse_gfx950,0.0,415.67,1071.45
gfx950,256,670,7168,768,False,torch.bfloat16,torch.bfloat16,False,False,flydsl,2191,1,15.0614,flydsl_gemm2_abf16_wbf16_bf16_t96x128x64_split_k1_block_m_warp2_block_n_warp2_block_k_warp1_async_copyTrue_b_to_ldsTrue_b_preshuffleFalse_c_to_ldsFalse_gfx950,0.0,489.78,1437.07
gfx950,256,670,7168,1536,False,torch.bfloat16,torch.bfloat16,False,False,flydsl,2941,1,24.9587,flydsl_gemm2_abf16_wbf16_bf16_t96x128x64_split_k1_block_m_warp2_block_n_warp2_block_k_warp1_async_copyTrue_b_to_ldsTrue_b_preshuffleFalse_c_to_ldsFalse_gfx950,0.0,591.12,1349.57
gfx950,256,670,7168,3584,False,torch.bfloat16,torch.bfloat16,False,False,asm,10,1,68.0051,_ZN5aiter24bf16gemm_bf16_tn_256x256E,0.0,506.21,967.4
gfx950,256,670,7168,4224,False,torch.bfloat16,torch.bfloat16,False,False,asm,10,1,78.8329,_ZN5aiter24bf16gemm_bf16_tn_256x256E,0.0,514.66,961.79
gfx950,256,699,1536,128,False,torch.bfloat16,torch.bfloat16,False,False,flydsl,365,1,3.516,flydsl_gemm2_abf16_wbf16_bf16_t32x64x64_split_k1_block_m_warp2_block_n_warp2_block_k_warp1_async_copyTrue_b_to_ldsTrue_b_preshuffleFalse_c_to_ldsFalse_gfx950,0.0,78.17,773.46
gfx950,256,699,2304,1536,False,torch.bfloat16,torch.bfloat16,False,False,flydsl,5724,1,12.3906,flydsl_gemm4_abf16_wbf16_bf16_t128x64x64_split_k1_block_m_warp4_block_n_warp2_block_k_warp1_async_copyTrue_b_to_ldsTrue_b_preshuffleFalse_c_to_ldsFalse_gfx950,0.0,399.29,1004.49
gfx950,256,699,3072,512,False,torch.bfloat16,torch.bfloat16,False,False,flydsl,1636,1,7.578,flydsl_gemm2_abf16_wbf16_bf16_t96x64x128_split_k1_block_m_warp2_block_n_warp2_block_k_warp1_async_copyTrue_b_to_ldsTrue_b_preshuffleFalse_c_to_ldsFalse_gfx950,0.0,290.16,1076.29
gfx950,256,699,7168,768,False,torch.bfloat16,torch.bfloat16,False,False,flydsl,137,1,15.1718,flydsl_gemm2_abf16_wbf16_bf16_t128x128x64_split_k1_block_m_warp4_block_n_warp4_block_k_warp1_async_copyTrue_b_to_ldsTrue_b_preshuffleFalse_c_to_ldsFalse_gfx950,0.0,507.26,1456.95
gfx950,256,699,7168,3584,False,torch.bfloat16,torch.bfloat16,False,False,asm,10,1,68.7431,_ZN5aiter24bf16gemm_bf16_tn_256x256E,0.0,522.45,966.08
gfx950,256,699,7168,4224,False,torch.bfloat16,torch.bfloat16,False,False,asm,10,1,79.4365,_ZN5aiter24bf16gemm_bf16_tn_256x256E,0.0,532.85,962.8
gfx950,256,722,3072,512,False,torch.bfloat16,torch.bfloat16,False,False,flydsl,1636,1,7.6988,flydsl_gemm2_abf16_wbf16_bf16_t96x64x128_split_k1_block_m_warp2_block_n_warp2_block_k_warp1_async_copyTrue_b_to_ldsTrue_b_preshuffleFalse_c_to_ldsFalse_gfx950,0.0,295.01,1080.82
gfx950,256,723,1536,128,False,torch.bfloat16,torch.bfloat16,False,False,flydsl,665,1,3.5855,flydsl_gemm2_abf16_wbf16_bf16_t96x64x64_split_k1_block_m_warp2_block_n_warp2_block_k_warp1_async_copyTrue_b_to_ldsTrue_b_preshuffleFalse_c_to_ldsFalse_gfx950,0.0,79.29,780.74
gfx950,256,723,2112,7168,False,torch.bfloat16,torch.bfloat16,False,False,flydsl,1032,1,47.076,flydsl_gemm3_abf16_wbf16_bf16_t128x64x128_split_k1_block_m_warp2_block_n_warp4_block_k_warp2_async_copyTrue_b_to_ldsTrue_b_preshuffleFalse_c_to_ldsFalse_gfx950,0.006,465.01,928.21
gfx950,256,723,2304,1536,False,torch.bfloat16,torch.bfloat16,False,False,flydsl,4625,1,12.1811,flydsl_gemm3_abf16_wbf16_bf16_t64x128x128_split_k1_block_m_warp4_block_n_warp4_block_k_warp1_async_copyTrue_b_to_ldsTrue_b_preshuffleFalse_c_to_ldsFalse_gfx950,0.0,420.1,1036.9
gfx950,256,723,3072,512,False,torch.bfloat16,torch.bfloat16,False,False,flydsl,1636,1,7.6127,flydsl_gemm2_abf16_wbf16_bf16_t96x64x128_split_k1_block_m_warp2_block_n_warp2_block_k_warp1_async_copyTrue_b_to_ldsTrue_b_preshuffleFalse_c_to_ldsFalse_gfx950,0.0,298.76,1093.99
gfx950,256,723,3584,7168,False,torch.bfloat16,torch.bfloat16,False,False,flydsl,5376,1,61.5202,flydsl_gemm4_abf16_wbf16_bf16_t96x128x64_split_k1_block_m_warp1_block_n_warp4_block_k_warp1_async_copyTrue_b_to_ldsTrue_b_preshuffleFalse_c_to_ldsFalse_gfx950,0.0,603.83,1087.9
gfx950,256,723,7168,768,False,torch.bfloat16,torch.bfloat16,False,False,flydsl,2191,1,14.9906,flydsl_gemm2_abf16_wbf16_bf16_t96x128x64_split_k1_block_m_warp2_block_n_warp2_block_k_warp1_async_copyTrue_b_to_ldsTrue_b_preshuffleFalse_c_to_ldsFalse_gfx950,0.0,531.02,1499.97
gfx950,256,723,7168,4224,False,torch.bfloat16,torch.bfloat16,False,False,asm,10,1,80.5692,_ZN5aiter24bf16gemm_bf16_tn_256x256E,0.0,543.4,956.05
gfx950,256,725,1536,128,False,torch.bfloat16,torch.bfloat16,False,False,flydsl,662,1,3.5958,flydsl_gemm2_abf16_wbf16_bf16_t96x64x64_split_k1_block_m_warp1_block_n_warp4_block_k_warp1_async_copyTrue_b_to_ldsTrue_b_preshuffleFalse_c_to_ldsFalse_gfx950,0.0,79.28,780.36
gfx950,256,725,2112,7168,False,torch.bfloat16,torch.bfloat16,False,False,flydsl,1032,1,47.4035,flydsl_gemm3_abf16_wbf16_bf16_t128x64x128_split_k1_block_m_warp2_block_n_warp4_block_k_warp2_async_copyTrue_b_to_ldsTrue_b_preshuffleFalse_c_to_ldsFalse_gfx950,0.006,463.07,922.58
gfx950,256,725,2304,1536,False,torch.bfloat16,torch.bfloat16,False,False,flydsl,3520,1,12.2376,flydsl_gemm3_abf16_wbf16_bf16_t128x64x128_split_k1_block_m_warp4_block_n_warp2_block_k_warp2_async_copyTrue_b_to_ldsTrue_b_preshuffleFalse_c_to_ldsFalse_gfx950,0.003,419.32,1033.36
gfx950,256,725,3584,7168,False,torch.bfloat16,torch.bfloat16,False,False,flydsl,5376,1,61.4734,flydsl_gemm4_abf16_wbf16_bf16_t96x128x64_split_k1_block_m_warp1_block_n_warp4_block_k_warp1_async_copyTrue_b_to_ldsTrue_b_preshuffleFalse_c_to_ldsFalse_gfx950,0.0,605.96,1089.42
gfx950,256,725,7168,768,False,torch.bfloat16,torch.bfloat16,False,False,flydsl,2188,1,15.2067,flydsl_gemm2_abf16_wbf16_bf16_t96x128x64_split_k1_block_m_warp1_block_n_warp4_block_k_warp1_async_copyTrue_b_to_ldsTrue_b_preshuffleFalse_c_to_ldsFalse_gfx950,0.0,524.92,1480.75
gfx950,256,725,7168,4224,False,torch.bfloat16,torch.bfloat16,False,False,asm,10,1,80.1897,_ZN5aiter24bf16gemm_bf16_tn_256x256E,0.0,547.48,961.14
gfx950,256,732,3072,512,False,torch.bfloat16,torch.bfloat16,False,False,flydsl,1636,1,7.6733,flydsl_gemm2_abf16_wbf16_bf16_t96x64x128_split_k1_block_m_warp2_block_n_warp2_block_k_warp1_async_copyTrue_b_to_ldsTrue_b_preshuffleFalse_c_to_ldsFalse_gfx950,0.0,300.09,1093.75
gfx950,256,735,1536,128,False,torch.bfloat16,torch.bfloat16,False,False,flydsl,365,1,3.5686,flydsl_gemm2_abf16_wbf16_bf16_t32x64x64_split_k1_block_m_warp2_block_n_warp2_block_k_warp1_async_copyTrue_b_to_ldsTrue_b_preshuffleFalse_c_to_ldsFalse_gfx950,0.0,80.99,795.63
gfx950,256,735,2112,7168,False,torch.bfloat16,torch.bfloat16,False,False,flydsl,1037,1,48.1461,flydsl_gemm3_abf16_wbf16_bf16_t128x64x128_split_k1_block_m_warp4_block_n_warp2_block_k_warp2_async_copyTrue_b_to_ldsTrue_b_preshuffleFalse_c_to_ldsFalse_gfx950,0.006,462.22,912.21
gfx950,256,735,2304,1536,False,torch.bfloat16,torch.bfloat16,False,False,flydsl,5721,1,12.0491,flydsl_gemm4_abf16_wbf16_bf16_t128x64x64_split_k1_block_m_warp2_block_n_warp4_block_k_warp1_async_copyTrue_b_to_ldsTrue_b_preshuffleFalse_c_to_ldsFalse_gfx950,0.0,431.75,1055.9
gfx950,256,735,3584,7168,False,torch.bfloat16,torch.bfloat16,False,False,flydsl,5376,1,62.2778,flydsl_gemm4_abf16_wbf16_bf16_t96x128x64_split_k1_block_m_warp1_block_n_warp4_block_k_warp1_async_copyTrue_b_to_ldsTrue_b_preshuffleFalse_c_to_ldsFalse_gfx950,0.0,606.39,1078.81
gfx950,256,735,7168,768,False,torch.bfloat16,torch.bfloat16,False,False,flydsl,2188,1,15.0791,flydsl_gemm2_abf16_wbf16_bf16_t96x128x64_split_k1_block_m_warp1_block_n_warp4_block_k_warp1_async_copyTrue_b_to_ldsTrue_b_preshuffleFalse_c_to_ldsFalse_gfx950,0.0,536.66,1503.8
gfx950,256,735,7168,4224,False,torch.bfloat16,torch.bfloat16,False,False,asm,10,1,80.1716,_ZN5aiter24bf16gemm_bf16_tn_256x256E,0.0,555.16,964.2
gfx950,256,744,3072,512,False,torch.bfloat16,torch.bfloat16,False,False,flydsl,2798,1,7.7974,flydsl_gemm3_abf16_wbf16_bf16_t80x128x128_split_k1_block_m_warp1_block_n_warp4_block_k_warp1_async_copyTrue_b_to_ldsTrue_b_preshuffleFalse_c_to_ldsFalse_gfx950,0.0,300.15,1087.38
gfx950,256,747,1536,128,False,torch.bfloat16,torch.bfloat16,False,False,flydsl,550,1,3.5946,flydsl_gemm2_abf16_wbf16_bf16_t64x64x64_split_k1_block_m_warp2_block_n_warp2_block_k_warp1_async_copyTrue_b_to_ldsTrue_b_preshuffleFalse_c_to_ldsFalse_gfx950,0.0,81.71,800.99
gfx950,256,747,2112,7168,False,torch.bfloat16,torch.bfloat16,False,False,flydsl,1032,1,47.8697,flydsl_gemm3_abf16_wbf16_bf16_t128x64x128_split_k1_block_m_warp2_block_n_warp4_block_k_warp2_async_copyTrue_b_to_ldsTrue_b_preshuffleFalse_c_to_ldsFalse_gfx950,0.006,472.48,922.13
gfx950,256,747,2304,1536,False,torch.bfloat16,torch.bfloat16,False,False,flydsl,4619,1,12.2354,flydsl_gemm3_abf16_wbf16_bf16_t64x128x128_split_k1_block_m_warp2_block_n_warp4_block_k_warp2_async_copyTrue_b_to_ldsTrue_b_preshuffleFalse_c_to_ldsFalse_gfx950,0.0029,432.12,1047.36
gfx950,256,747,3584,7168,False,torch.bfloat16,torch.bfloat16,False,False,flydsl,5375,1,62.0733,flydsl_gemm4_abf16_wbf16_bf16_t96x128x64_split_k1_block_m_warp1_block_n_warp2_block_k_warp2_async_copyTrue_b_to_ldsTrue_b_preshuffleFalse_c_to_ldsFalse_gfx950,0.006,618.32,1086.52
gfx950,256,747,7168,768,False,torch.bfloat16,torch.bfloat16,False,False,flydsl,2191,1,15.0353,flydsl_gemm2_abf16_wbf16_bf16_t96x128x64_split_k1_block_m_warp2_block_n_warp2_block_k_warp1_async_copyTrue_b_to_ldsTrue_b_preshuffleFalse_c_to_ldsFalse_gfx950,0.0,547.01,1520.85
gfx950,256,747,7168,1536,False,torch.bfloat16,torch.bfloat16,False,False,flydsl,2941,1,26.3036,flydsl_gemm2_abf16_wbf16_bf16_t96x128x64_split_k1_block_m_warp2_block_n_warp2_block_k_warp1_async_copyTrue_b_to_ldsTrue_b_preshuffleFalse_c_to_ldsFalse_gfx950,0.0,625.35,1331.52
gfx950,256,747,7168,4224,False,torch.bfloat16,torch.bfloat16,False,False,asm,10,1,80.6216,_ZN5aiter24bf16gemm_bf16_tn_256x256E,0.0,561.08,962.21
gfx950,256,753,1536,128,False,torch.bfloat16,torch.bfloat16,False,False,flydsl,362,1,3.5665,flydsl_gemm2_abf16_wbf16_bf16_t32x64x64_split_k1_block_m_warp1_block_n_warp4_block_k_warp1_async_copyTrue_b_to_ldsTrue_b_preshuffleFalse_c_to_ldsFalse_gfx950,0.0,83.02,812.9
gfx950,256,753,2112,7168,False,torch.bfloat16,torch.bfloat16,False,False,flydsl,1037,1,48.7001,flydsl_gemm3_abf16_wbf16_bf16_t128x64x128_split_k1_block_m_warp4_block_n_warp2_block_k_warp2_async_copyTrue_b_to_ldsTrue_b_preshuffleFalse_c_to_ldsFalse_gfx950,0.006,468.15,908.69
gfx950,256,753,2304,1536,False,torch.bfloat16,torch.bfloat16,False,False,flydsl,4624,1,12.5886,flydsl_gemm3_abf16_wbf16_bf16_t64x128x128_split_k1_block_m_warp4_block_n_warp2_block_k_warp2_async_copyTrue_b_to_ldsTrue_b_preshuffleFalse_c_to_ldsFalse_gfx950,0.0029,423.37,1021.63
gfx950,256,753,3072,512,False,torch.bfloat16,torch.bfloat16,False,False,flydsl,1633,1,7.8614,flydsl_gemm2_abf16_wbf16_bf16_t96x64x128_split_k1_block_m_warp1_block_n_warp4_block_k_warp1_async_copyTrue_b_to_ldsTrue_b_preshuffleFalse_c_to_ldsFalse_gfx950,0.0,301.31,1086.73
gfx950,256,753,3584,7168,False,torch.bfloat16,torch.bfloat16,False,False,flydsl,5375,1,63.1278,flydsl_gemm4_abf16_wbf16_bf16_t96x128x64_split_k1_block_m_warp1_block_n_warp2_block_k_warp2_async_copyTrue_b_to_ldsTrue_b_preshuffleFalse_c_to_ldsFalse_gfx950,0.006,612.87,1070.41
gfx950,256,753,7168,768,False,torch.bfloat16,torch.bfloat16,False,False,flydsl,135,1,15.4554,flydsl_gemm2_abf16_wbf16_bf16_t128x128x64_split_k1_block_m_warp4_block_n_warp2_block_k_warp1_async_copyTrue_b_to_ldsTrue_b_preshuffleFalse_c_to_ldsFalse_gfx950,0.0,536.42,1485.67
gfx950,256,753,7168,1536,False,torch.bfloat16,torch.bfloat16,False,False,flydsl,2941,1,26.0432,flydsl_gemm2_abf16_wbf16_bf16_t96x128x64_split_k1_block_m_warp2_block_n_warp2_block_k_warp1_async_copyTrue_b_to_ldsTrue_b_preshuffleFalse_c_to_ldsFalse_gfx950,0.0,636.68,1348.85
gfx950,256,753,7168,4224,False,torch.bfloat16,torch.bfloat16,False,False,asm,10,1,81.5208,_ZN5aiter24bf16gemm_bf16_tn_256x256E,0.0,559.34,953.27
gfx950,256,776,3072,512,False,torch.bfloat16,torch.bfloat16,False,False,flydsl,1636,1,7.8313,flydsl_gemm2_abf16_wbf16_bf16_t96x64x128_split_k1_block_m_warp2_block_n_warp2_block_k_warp1_async_copyTrue_b_to_ldsTrue_b_preshuffleFalse_c_to_ldsFalse_gfx950,0.0,311.71,1111.96
gfx950,256,785,1536,128,False,torch.bfloat16,torch.bfloat16,False,False,flydsl,553,1,3.6765,flydsl_gemm2_abf16_wbf16_bf16_t64x64x64_split_k1_block_m_warp4_block_n_warp1_block_k_warp1_async_copyTrue_b_to_ldsTrue_b_preshuffleFalse_c_to_ldsFalse_gfx950,0.0,83.96,817.54
gfx950,256,785,2304,1536,False,torch.bfloat16,torch.bfloat16,False,False,flydsl,3520,1,12.3391,flydsl_gemm3_abf16_wbf16_bf16_t128x64x128_split_k1_block_m_warp4_block_n_warp2_block_k_warp2_async_copyTrue_b_to_ldsTrue_b_preshuffleFalse_c_to_ldsFalse_gfx950,0.0029,450.29,1062.21
gfx950,256,785,3584,7168,False,torch.bfloat16,torch.bfloat16,False,False,flydsl,5379,1,64.9046,flydsl_gemm4_abf16_wbf16_bf16_t96x128x64_split_k1_block_m_warp2_block_n_warp2_block_k_warp1_async_copyTrue_b_to_ldsTrue_b_preshuffleFalse_c_to_ldsFalse_gfx950,0.0,621.43,1051.71
gfx950,256,785,7168,768,False,torch.bfloat16,torch.bfloat16,False,False,flydsl,2188,1,15.6542,flydsl_gemm2_abf16_wbf16_bf16_t96x128x64_split_k1_block_m_warp1_block_n_warp4_block_k_warp1_async_copyTrue_b_to_ldsTrue_b_preshuffleFalse_c_to_ldsFalse_gfx950,0.0,552.11,1499.25
gfx950,256,785,7168,1536,False,torch.bfloat16,torch.bfloat16,False,False,flydsl,2941,1,26.872,flydsl_gemm2_abf16_wbf16_bf16_t96x128x64_split_k1_block_m_warp2_block_n_warp2_block_k_warp1_async_copyTrue_b_to_ldsTrue_b_preshuffleFalse_c_to_ldsFalse_gfx950,0.0,643.26,1327.98
gfx950,256,834,3072,512,False,torch.bfloat16,torch.bfloat16,False,False,flydsl,2864,1,8.0778,flydsl_gemm3_abf16_wbf16_bf16_t96x128x64_split_k1_block_m_warp2_block_n_warp2_block_k_warp1_async_copyTrue_b_to_ldsTrue_b_preshuffleFalse_c_to_ldsFalse_gfx950,0.0,324.78,1129.5
gfx950,256,837,3072,512,False,torch.bfloat16,torch.bfloat16,False,False,flydsl,1636,1,7.9639,flydsl_gemm2_abf16_wbf16_bf16_t96x64x128_split_k1_block_m_warp2_block_n_warp2_block_k_warp1_async_copyTrue_b_to_ldsTrue_b_preshuffleFalse_c_to_ldsFalse_gfx950,0.0,330.61,1148.35
gfx950,256,840,1536,128,False,torch.bfloat16,torch.bfloat16,False,False,flydsl,665,1,3.6562,flydsl_gemm2_abf16_wbf16_bf16_t96x64x64_split_k1_block_m_warp2_block_n_warp2_block_k_warp1_async_copyTrue_b_to_ldsTrue_b_preshuffleFalse_c_to_ldsFalse_gfx950,0.0,90.34,872.14
gfx950,256,840,2112,7168,False,torch.bfloat16,torch.bfloat16,False,False,flydsl,1802,1,50.1804,flydsl_gemm4_abf16_wbf16_bf16_t128x64x64_split_k1_block_m_warp2_block_n_warp4_block_k_warp1_async_copyTrue_b_to_ldsTrue_b_preshuffleFalse_c_to_ldsFalse_gfx950,0.0,506.84,914.06
gfx950,256,840,2304,1536,False,torch.bfloat16,torch.bfloat16,False,False,flydsl,3521,1,12.096,flydsl_gemm3_abf16_wbf16_bf16_t128x64x128_split_k1_block_m_warp4_block_n_warp4_block_k_warp1_async_copyTrue_b_to_ldsTrue_b_preshuffleFalse_c_to_ldsFalse_gfx950,0.0,491.52,1118.48
gfx950,256,840,7168,768,False,torch.bfloat16,torch.bfloat16,False,False,flydsl,2191,1,15.3061,flydsl_gemm2_abf16_wbf16_bf16_t96x128x64_split_k1_block_m_warp2_block_n_warp2_block_k_warp1_async_copyTrue_b_to_ldsTrue_b_preshuffleFalse_c_to_ldsFalse_gfx950,0.0,604.23,1590.38
gfx950,256,846,1536,128,False,torch.bfloat16,torch.bfloat16,False,False,flydsl,550,1,3.6847,flydsl_gemm2_abf16_wbf16_bf16_t64x64x64_split_k1_block_m_warp2_block_n_warp2_block_k_warp1_async_copyTrue_b_to_ldsTrue_b_preshuffleFalse_c_to_ldsFalse_gfx950,0.0,90.28,870.82
gfx950,256,846,2112,7168,False,torch.bfloat16,torch.bfloat16,False,False,flydsl,1037,1,49.8845,flydsl_gemm3_abf16_wbf16_bf16_t128x64x128_split_k1_block_m_warp4_block_n_warp2_block_k_warp2_async_copyTrue_b_to_ldsTrue_b_preshuffleFalse_c_to_ldsFalse_gfx950,0.006,513.48,921.72
gfx950,256,846,2304,1536,False,torch.bfloat16,torch.bfloat16,False,False,flydsl,5721,1,12.3956,flydsl_gemm4_abf16_wbf16_bf16_t128x64x64_split_k1_block_m_warp2_block_n_warp4_block_k_warp1_async_copyTrue_b_to_ldsTrue_b_preshuffleFalse_c_to_ldsFalse_gfx950,0.0,483.07,1095.16
gfx950,256,846,3584,7168,False,torch.bfloat16,torch.bfloat16,False,False,flydsl,5379,1,64.3938,flydsl_gemm4_abf16_wbf16_bf16_t96x128x64_split_k1_block_m_warp2_block_n_warp2_block_k_warp1_async_copyTrue_b_to_ldsTrue_b_preshuffleFalse_c_to_ldsFalse_gfx950,0.0,675.03,1080.42
gfx950,256,846,7168,768,False,torch.bfloat16,torch.bfloat16,False,False,flydsl,2188,1,15.3267,flydsl_gemm2_abf16_wbf16_bf16_t96x128x64_split_k1_block_m_warp1_block_n_warp4_block_k_warp1_async_copyTrue_b_to_ldsTrue_b_preshuffleFalse_c_to_ldsFalse_gfx950,0.0,607.73,1594.46
gfx950,256,846,7168,1536,False,torch.bfloat16,torch.bfloat16,False,False,flydsl,2938,1,27.0036,flydsl_gemm2_abf16_wbf16_bf16_t96x128x64_split_k1_block_m_warp1_block_n_warp4_block_k_warp1_async_copyTrue_b_to_ldsTrue_b_preshuffleFalse_c_to_ldsFalse_gfx950,0.0,689.87,1360.83
gfx950,256,854,3072,512,False,torch.bfloat16,torch.bfloat16,False,False,flydsl,2861,1,7.9872,flydsl_gemm3_abf16_wbf16_bf16_t96x128x64_split_k1_block_m_warp1_block_n_warp4_block_k_warp1_async_copyTrue_b_to_ldsTrue_b_preshuffleFalse_c_to_ldsFalse_gfx950,0.0,336.34,1160.26
gfx950,256,863,1536,128,False,torch.bfloat16,torch.bfloat16,False,False,flydsl,362,1,3.6633,flydsl_gemm2_abf16_wbf16_bf16_t32x64x64_split_k1_block_m_warp1_block_n_warp4_block_k_warp1_async_copyTrue_b_to_ldsTrue_b_preshuffleFalse_c_to_ldsFalse_gfx950,0.0,92.63,891.35
gfx950,256,863,2112,7168,False,torch.bfloat16,torch.bfloat16,False,False,flydsl,1802,1,50.0834,flydsl_gemm4_abf16_wbf16_bf16_t128x64x64_split_k1_block_m_warp2_block_n_warp4_block_k_warp1_async_copyTrue_b_to_ldsTrue_b_preshuffleFalse_c_to_ldsFalse_gfx950,0.0,521.72,924.36
gfx950,256,863,2304,1536,False,torch.bfloat16,torch.bfloat16,False,False,flydsl,5724,1,12.5609,flydsl_gemm4_abf16_wbf16_bf16_t128x64x64_split_k1_block_m_warp4_block_n_warp2_block_k_warp1_async_copyTrue_b_to_ldsTrue_b_preshuffleFalse_c_to_ldsFalse_gfx950,0.0,486.29,1091.14
gfx950,256,863,3584,7168,False,torch.bfloat16,torch.bfloat16,False,False,flydsl,5375,1,65.4222,flydsl_gemm4_abf16_wbf16_bf16_t96x128x64_split_k1_block_m_warp1_block_n_warp2_block_k_warp2_async_copyTrue_b_to_ldsTrue_b_preshuffleFalse_c_to_ldsFalse_gfx950,0.006,677.77,1069.03
gfx950,256,863,7168,768,False,torch.bfloat16,torch.bfloat16,False,False,flydsl,2191,1,15.927,flydsl_gemm2_abf16_wbf16_bf16_t96x128x64_split_k1_block_m_warp2_block_n_warp2_block_k_warp1_async_copyTrue_b_to_ldsTrue_b_preshuffleFalse_c_to_ldsFalse_gfx950,0.0,596.58,1551.3
gfx950,256,884,3072,512,False,torch.bfloat16,torch.bfloat16,False,False,flydsl,2864,1,8.1042,flydsl_gemm3_abf16_wbf16_bf16_t96x128x64_split_k1_block_m_warp2_block_n_warp2_block_k_warp1_async_copyTrue_b_to_ldsTrue_b_preshuffleFalse_c_to_ldsFalse_gfx950,0.0,343.13,1170.04
gfx950,256,885,1536,128,False,torch.bfloat16,torch.bfloat16,False,False,flydsl,365,1,3.6762,flydsl_gemm2_abf16_wbf16_bf16_t32x64x64_split_k1_block_m_warp2_block_n_warp2_block_k_warp1_async_copyTrue_b_to_ldsTrue_b_preshuffleFalse_c_to_ldsFalse_gfx950,0.0,94.66,908.14
gfx950,256,885,1536,7168,False,torch.bfloat16,torch.bfloat16,False,False,flydsl,5420,1,40.7795,flydsl_gemm4_abf16_wbf16_bf16_t96x64x128_split_k1_block_m_warp1_block_n_warp2_block_k_warp2_async_copyTrue_b_to_ldsTrue_b_preshuffleFalse_c_to_ldsFalse_gfx950,0.0061,477.88,917.77
gfx950,256,885,2112,7168,False,torch.bfloat16,torch.bfloat16,False,False,flydsl,1037,1,51.4139,flydsl_gemm3_abf16_wbf16_bf16_t128x64x128_split_k1_block_m_warp4_block_n_warp2_block_k_warp2_async_copyTrue_b_to_ldsTrue_b_preshuffleFalse_c_to_ldsFalse_gfx950,0.006,521.18,908.38
gfx950,256,885,2304,1536,False,torch.bfloat16,torch.bfloat16,False,False,flydsl,7359,1,12.5581,flydsl_gemm5_abf16_wbf16_bf16_t128x64x64_split_k1_block_m_warp4_block_n_warp2_block_k_warp1_async_copyTrue_b_to_ldsTrue_b_preshuffleFalse_c_to_ldsFalse_gfx950,0.0,498.8,1104.84
gfx950,256,885,3072,512,False,torch.bfloat16,torch.bfloat16,False,False,flydsl,3799,1,8.1129,flydsl_gemm4_abf16_wbf16_bf16_t96x128x64_split_k1_block_m_warp1_block_n_warp4_block_k_warp1_async_copyTrue_b_to_ldsTrue_b_preshuffleFalse_c_to_ldsFalse_gfx950,0.0,343.15,1169.67
gfx950,256,887,1536,128,False,torch.bfloat16,torch.bfloat16,False,False,flydsl,365,1,3.6452,flydsl_gemm2_abf16_wbf16_bf16_t32x64x64_split_k1_block_m_warp2_block_n_warp2_block_k_warp1_async_copyTrue_b_to_ldsTrue_b_preshuffleFalse_c_to_ldsFalse_gfx950,0.0,95.68,917.69
gfx950,256,887,1536,7168,False,torch.bfloat16,torch.bfloat16,False,False,flydsl,5423,1,40.3925,flydsl_gemm4_abf16_wbf16_bf16_t96x64x128_split_k1_block_m_warp2_block_n_warp1_block_k_warp2_async_copyTrue_b_to_ldsTrue_b_preshuffleFalse_c_to_ldsFalse_gfx950,0.0061,483.55,927.42
gfx950,256,887,2112,7168,False,torch.bfloat16,torch.bfloat16,False,False,flydsl,1037,1,51.6222,flydsl_gemm3_abf16_wbf16_bf16_t128x64x128_split_k1_block_m_warp4_block_n_warp2_block_k_warp2_async_copyTrue_b_to_ldsTrue_b_preshuffleFalse_c_to_ldsFalse_gfx950,0.006,520.25,905.43
gfx950,256,887,2304,1536,False,torch.bfloat16,torch.bfloat16,False,False,flydsl,3515,1,12.5432,flydsl_gemm3_abf16_wbf16_bf16_t128x64x128_split_k1_block_m_warp2_block_n_warp4_block_k_warp2_async_copyTrue_b_to_ldsTrue_b_preshuffleFalse_c_to_ldsFalse_gfx950,0.003,500.52,1107.38
gfx950,256,887,7168,768,False,torch.bfloat16,torch.bfloat16,False,False,flydsl,130,1,16.4411,flydsl_gemm2_abf16_wbf16_bf16_t128x128x64_split_k1_block_m_warp2_block_n_warp4_block_k_warp1_async_copyTrue_b_to_ldsTrue_b_preshuffleFalse_c_to_ldsFalse_gfx950,0.0,593.99,1525.96
gfx950,256,887,7168,1536,False,torch.bfloat16,torch.bfloat16,False,False,flydsl,3895,1,28.2616,flydsl_gemm3_abf16_wbf16_bf16_t256x128x64_split_k1_block_m_warp4_block_n_warp4_block_k_warp1_async_copyTrue_b_to_ldsTrue_b_preshuffleFalse_c_to_ldsFalse_gfx950,0.0,691.11,1325.51
gfx950,256,907,3072,512,False,torch.bfloat16,torch.bfloat16,False,False,flydsl,2861,1,8.0795,flydsl_gemm3_abf16_wbf16_bf16_t96x128x64_split_k1_block_m_warp1_block_n_warp4_block_k_warp1_async_copyTrue_b_to_ldsTrue_b_preshuffleFalse_c_to_ldsFalse_gfx950,0.0,353.14,1194.02
gfx950,256,916,1536,128,False,torch.bfloat16,torch.bfloat16,False,False,flydsl,365,1,3.6778,flydsl_gemm2_abf16_wbf16_bf16_t32x64x64_split_k1_block_m_warp2_block_n_warp2_block_k_warp1_async_copyTrue_b_to_ldsTrue_b_preshuffleFalse_c_to_ldsFalse_gfx950,0.0,97.94,935.79
gfx950,256,916,3584,7168,False,torch.bfloat16,torch.bfloat16,False,False,flydsl,5522,1,69.6123,flydsl_gemm5_abf16_wbf16_bf16_t128x128x64_split_k1_block_m_warp2_block_n_warp4_block_k_warp2_async_copyTrue_b_to_ldsTrue_b_preshuffleFalse_c_to_ldsFalse_gfx950,0.0059,676.09,1021.05
gfx950,256,916,7168,768,False,torch.bfloat16,torch.bfloat16,False,False,flydsl,130,1,16.804,flydsl_gemm2_abf16_wbf16_bf16_t128x128x64_split_k1_block_m_warp2_block_n_warp4_block_k_warp1_async_copyTrue_b_to_ldsTrue_b_preshuffleFalse_c_to_ldsFalse_gfx950,0.0,600.17,1520.4
gfx950,256,916,7168,1536,False,torch.bfloat16,torch.bfloat16,False,False,flydsl,3895,1,29.1664,flydsl_gemm3_abf16_wbf16_bf16_t256x128x64_split_k1_block_m_warp4_block_n_warp4_block_k_warp1_async_copyTrue_b_to_ldsTrue_b_preshuffleFalse_c_to_ldsFalse_gfx950,0.0,691.56,1301.7
gfx950,256,918,3072,512,False,torch.bfloat16,torch.bfloat16,False,False,flydsl,3802,1,8.3235,flydsl_gemm4_abf16_wbf16_bf16_t96x128x64_split_k1_block_m_warp2_block_n_warp2_block_k_warp1_async_copyTrue_b_to_ldsTrue_b_preshuffleFalse_c_to_ldsFalse_gfx950,0.0,346.94,1168.49
gfx950,256,927,1536,128,False,torch.bfloat16,torch.bfloat16,False,False,flydsl,665,1,3.7378,flydsl_gemm2_abf16_wbf16_bf16_t96x64x64_split_k1_block_m_warp2_block_n_warp2_block_k_warp1_async_copyTrue_b_to_ldsTrue_b_preshuffleFalse_c_to_ldsFalse_gfx950,0.0,97.52,930.57
gfx950,256,927,3584,7168,False,torch.bfloat16,torch.bfloat16,False,False,flydsl,4305,1,68.4624,flydsl_gemm4_abf16_wbf16_bf16_t128x128x64_split_k1_block_m_warp2_block_n_warp4_block_k_warp2_async_copyTrue_b_to_ldsTrue_b_preshuffleFalse_c_to_ldsFalse_gfx950,0.0059,695.7,1041.66
gfx950,256,927,7168,768,False,torch.bfloat16,torch.bfloat16,False,False,flydsl,135,1,16.7042,flydsl_gemm2_abf16_wbf16_bf16_t128x128x64_split_k1_block_m_warp4_block_n_warp2_block_k_warp1_async_copyTrue_b_to_ldsTrue_b_preshuffleFalse_c_to_ldsFalse_gfx950,0.0,611.0,1539.94
gfx950,256,927,7168,1536,False,torch.bfloat16,torch.bfloat16,False,False,flydsl,3895,1,28.3532,flydsl_gemm3_abf16_wbf16_bf16_t256x128x64_split_k1_block_m_warp4_block_n_warp4_block_k_warp1_async_copyTrue_b_to_ldsTrue_b_preshuffleFalse_c_to_ldsFalse_gfx950,0.0,719.94,1345.79
gfx950,256,933,3072,512,False,torch.bfloat16,torch.bfloat16,False,False,flydsl,2864,1,8.2468,flydsl_gemm3_abf16_wbf16_bf16_t96x128x64_split_k1_block_m_warp2_block_n_warp2_block_k_warp1_async_copyTrue_b_to_ldsTrue_b_preshuffleFalse_c_to_ldsFalse_gfx950,0.0,355.89,1192.4
gfx950,256,938,3072,512,False,torch.bfloat16,torch.bfloat16,False,False,flydsl,2861,1,8.1525,flydsl_gemm3_abf16_wbf16_bf16_t96x128x64_split_k1_block_m_warp1_block_n_warp4_block_k_warp1_async_copyTrue_b_to_ldsTrue_b_preshuffleFalse_c_to_ldsFalse_gfx950,0.0,361.94,1210.59
gfx950,256,942,1536,128,False,torch.bfloat16,torch.bfloat16,False,False,flydsl,553,1,3.7141,flydsl_gemm2_abf16_wbf16_bf16_t64x64x64_split_k1_block_m_warp4_block_n_warp1_block_k_warp1_async_copyTrue_b_to_ldsTrue_b_preshuffleFalse_c_to_ldsFalse_gfx950,0.0,99.73,949.95
gfx950,256,942,3072,512,False,torch.bfloat16,torch.bfloat16,False,False,flydsl,1636,1,8.1864,flydsl_gemm2_abf16_wbf16_bf16_t96x64x128_split_k1_block_m_warp2_block_n_warp2_block_k_warp1_async_copyTrue_b_to_ldsTrue_b_preshuffleFalse_c_to_ldsFalse_gfx950,0.0,361.98,1209.08
gfx950,256,942,3584,7168,False,torch.bfloat16,torch.bfloat16,False,False,flydsl,2537,1,67.9072,flydsl_gemm3_abf16_wbf16_bf16_t128x128x64_split_k1_block_m_warp2_block_n_warp4_block_k_warp2_async_copyTrue_b_to_ldsTrue_b_preshuffleFalse_c_to_ldsFalse_gfx950,0.0059,712.74,1054.92
gfx950,256,942,7168,768,False,torch.bfloat16,torch.bfloat16,False,False,flydsl,2947,1,17.2287,flydsl_gemm3_abf16_wbf16_bf16_t256x128x64_split_k1_block_m_warp4_block_n_warp4_block_k_warp1_async_copyTrue_b_to_ldsTrue_b_preshuffleFalse_c_to_ldsFalse_gfx950,0.0,601.99,1506.87
gfx950,256,942,7168,1536,False,torch.bfloat16,torch.bfloat16,False,False,flydsl,3894,1,28.9722,flydsl_gemm3_abf16_wbf16_bf16_t256x128x64_split_k1_block_m_warp4_block_n_warp2_block_k_warp2_async_copyTrue_b_to_ldsTrue_b_preshuffleFalse_c_to_ldsFalse_gfx950,0.0029,715.96,1326.04
gfx950,256,945,1536,128,False,torch.bfloat16,torch.bfloat16,False,False,flydsl,362,1,3.7076,flydsl_gemm2_abf16_wbf16_bf16_t32x64x64_split_k1_block_m_warp1_block_n_warp4_block_k_warp1_async_copyTrue_b_to_ldsTrue_b_preshuffleFalse_c_to_ldsFalse_gfx950,0.0,100.22,954.3
gfx950,256,945,3584,7168,False,torch.bfloat16,torch.bfloat16,False,False,flydsl,4305,1,68.7599,flydsl_gemm4_abf16_wbf16_bf16_t128x128x64_split_k1_block_m_warp2_block_n_warp4_block_k_warp2_async_copyTrue_b_to_ldsTrue_b_preshuffleFalse_c_to_ldsFalse_gfx950,0.0059,706.14,1042.78
gfx950,256,945,7168,768,False,torch.bfloat16,torch.bfloat16,False,False,flydsl,2947,1,16.9246,flydsl_gemm3_abf16_wbf16_bf16_t256x128x64_split_k1_block_m_warp4_block_n_warp4_block_k_warp1_async_copyTrue_b_to_ldsTrue_b_preshuffleFalse_c_to_ldsFalse_gfx950,0.0,614.76,1536.76
gfx950,256,947,1536,128,False,torch.bfloat16,torch.bfloat16,False,False,flydsl,553,1,3.7461,flydsl_gemm2_abf16_wbf16_bf16_t64x64x64_split_k1_block_m_warp4_block_n_warp1_block_k_warp1_async_copyTrue_b_to_ldsTrue_b_preshuffleFalse_c_to_ldsFalse_gfx950,0.0,99.4,946.27
gfx950,256,947,3584,7168,False,torch.bfloat16,torch.bfloat16,False,False,flydsl,4302,1,69.0353,flydsl_gemm4_abf16_wbf16_bf16_t128x128x64_split_k1_block_m_warp2_block_n_warp2_block_k_warp2_async_copyTrue_b_to_ldsTrue_b_preshuffleFalse_c_to_ldsFalse_gfx950,0.0059,704.81,1039.24
gfx950,256,947,7168,768,False,torch.bfloat16,torch.bfloat16,False,False,flydsl,135,1,17.3329,flydsl_gemm2_abf16_wbf16_bf16_t128x128x64_split_k1_block_m_warp4_block_n_warp2_block_k_warp1_async_copyTrue_b_to_ldsTrue_b_preshuffleFalse_c_to_ldsFalse_gfx950,0.0,601.54,1502.39
gfx950,256,1020,3072,512,False,torch.bfloat16,torch.bfloat16,False,False,flydsl,3009,1,8.8162,flydsl_gemm4_abf16_wbf16_bf16_t128x128x64_split_k1_block_m_warp4_block_n_warp4_block_k_warp1_async_copyTrue_b_to_ldsTrue_b_preshuffleFalse_c_to_ldsFalse_gfx950,0.0,363.95,1186.12
gfx950,256,1024,896,7168,False,torch.bfloat16,torch.bfloat16,False,False,torch,0,0,27.9854,native,0.0,470.01,1049.12
gfx950,256,1024,1536,7168,False,torch.bfloat16,torch.bfloat16,False,False,flydsl,2092,1,39.7309,flydsl_hgemm_abf16_wbf16_bf16_t64x96x128x4_ks1_w2x2x2_bias0_ktail0_gm4_pft_gfx950,0.0061,567.53,1002.89
gfx950,256,1024,2304,1536,False,torch.bfloat16,torch.bfloat16,False,False,torch,0,0,16.7557,native,0.0,432.55,891.77
gfx950,256,1024,3072,512,False,torch.bfloat16,torch.bfloat16,False,False,flydsl,328,1,9.1527,flydsl_hgemm_abf16_wbf16_bf16_t128x96x64x4_ks1_w2x2x1_bias0_ktail0_gm0_pft_gfx950,0.0,351.94,1145.65
gfx950,256,1024,6144,7168,False,torch.bfloat16,torch.bfloat16,False,False,torch,0,0,96.5949,native,0.0,933.74,1194.09
gfx950,256,1024,7168,768,False,torch.bfloat16,torch.bfloat16,False,False,flydsl,24,1,17.985,flydsl_hgemm_abf16_wbf16_bf16_t128x128x64x2_ks1_w4x2x1_bias0_ktail0_gm0_pft_gfx950,0.0,626.87,1515.87
gfx950,256,1024,7168,1536,False,torch.bfloat16,torch.bfloat16,False,False,torch,0,0,28.9537,native,0.0,778.78,1376.19
gfx950,256,1024,7168,3584,False,torch.bfloat16,torch.bfloat16,False,False,torch,0,0,57.3333,native,0.0,917.68,1280.24
gfx950,256,1024,7168,4224,False,torch.bfloat16,torch.bfloat16,False,False,flydsl,56,1,67.1678,flydsl_hgemm_abf16_wbf16_bf16_t128x256x64x2_ks1_w2x4x1_bias0_ktail0_gm0_pht_gfx950,0.0,923.19,1248.9
gfx950,256,1024,7168,35840,False,torch.bfloat16,torch.bfloat16,False,False,flydsl,326,1,903.7508,flydsl_hgemm_abf16_wbf16_bf16_t64x128x64x2_ks1_w2x2x1_bias0_ktail0_gm0_pft_gfx950,0.0,582.17,665.98
gfx950,256,1024,8448,7168,False,torch.bfloat16,torch.bfloat16,False,False,torch,0,0,122.469,native,0.0,1012.64,1250.05
gfx950,256,1024,20480,7168,False,torch.bfloat16,torch.bfloat16,False,False,flydsl,36,1,401.5194,flydsl_hgemm_abf16_wbf16_bf16_t128x128x64x4_ks1_w2x2x1_bias0_ktail0_gm0_pft_gfx950,0.0,748.78,872.25
gfx950,256,1026,1536,128,False,torch.bfloat16,torch.bfloat16,False,False,flydsl,550,1,3.759,flydsl_gemm2_abf16_wbf16_bf16_t64x64x64_split_k1_block_m_warp2_block_n_warp2_block_k_warp1_async_copyTrue_b_to_ldsTrue_b_preshuffleFalse_c_to_ldsFalse_gfx950,0.0,107.33,1012.97
gfx950,256,1026,2304,1536,False,torch.bfloat16,torch.bfloat16,False,False,flydsl,2794,1,16.0622,flydsl_gemm2_abf16_wbf16_bf16_t80x64x128_split_k1_block_m_warp1_block_n_warp2_block_k_warp1_async_copyTrue_b_to_ldsTrue_b_preshuffleFalse_c_to_ldsFalse_gfx950,0.0,452.11,931.23
gfx950,256,1026,3584,7168,False,torch.bfloat16,torch.bfloat16,False,False,flydsl,4296,1,69.9032,flydsl_gemm4_abf16_wbf16_bf16_t128x128x64_split_k1_block_m_warp1_block_n_warp4_block_k_warp2_async_copyTrue_b_to_ldsTrue_b_preshuffleFalse_c_to_ldsFalse_gfx950,0.006,754.13,1050.64
gfx950,256,1026,7168,3584,False,torch.bfloat16,torch.bfloat16,False,False,asm,10,1,72.6957,_ZN5aiter24bf16gemm_bf16_tn_256x256E,0.0,725.16,1010.28
gfx950,256,1026,7168,4224,False,torch.bfloat16,torch.bfloat16,False,False,asm,10,1,83.1146,_ZN5aiter24bf16gemm_bf16_tn_256x256E,0.0,747.52,1009.83
gfx950,256,1026,8448,7168,False,torch.bfloat16,torch.bfloat16,False,False,asm,10,1,134.6631,_ZN5aiter24bf16gemm_bf16_tn_256x256E,0.0,922.74,1137.32
gfx950,256,1050,3072,512,False,torch.bfloat16,torch.bfloat16,False,False,flydsl,3002,1,8.7767,flydsl_gemm4_abf16_wbf16_bf16_t128x128x64_split_k1_block_m_warp2_block_n_warp4_block_k_warp1_async_copyTrue_b_to_ldsTrue_b_preshuffleFalse_c_to_ldsFalse_gfx950,0.0,376.34,1215.96
gfx950,256,1056,1536,128,False,torch.bfloat16,torch.bfloat16,False,False,flydsl,362,1,3.8906,flydsl_gemm2_abf16_wbf16_bf16_t32x64x64_split_k1_block_m_warp1_block_n_warp4_block_k_warp1_async_copyTrue_b_to_ldsTrue_b_preshuffleFalse_c_to_ldsFalse_gfx950,0.0,106.73,1004.37
gfx950,256,1056,2304,1536,False,torch.bfloat16,torch.bfloat16,False,False,flydsl,5188,1,16.28,flydsl_gemm3_abf16_wbf16_bf16_t80x128x128_split_k1_block_m_warp1_block_n_warp4_block_k_warp1_async_copyTrue_b_to_ldsTrue_b_preshuffleFalse_c_to_ldsFalse_gfx950,0.0,459.11,932.92
gfx950,256,1056,3584,7168,False,torch.bfloat16,torch.bfloat16,False,False,flydsl,4305,1,70.753,flydsl_gemm4_abf16_wbf16_bf16_t128x128x64_split_k1_block_m_warp2_block_n_warp4_block_k_warp2_async_copyTrue_b_to_ldsTrue_b_preshuffleFalse_c_to_ldsFalse_gfx950,0.006,766.86,1047.14
gfx950,256,1056,7168,3584,False,torch.bfloat16,torch.bfloat16,False,False,asm,10,1,73.2685,_ZN5aiter24bf16gemm_bf16_tn_256x256E,0.0,740.53,1011.19
gfx950,256,1056,7168,4224,False,torch.bfloat16,torch.bfloat16,False,False,asm,10,1,83.7517,_ZN5aiter24bf16gemm_bf16_tn_256x256E,0.0,763.52,1010.31
gfx950,256,1056,8448,7168,False,torch.bfloat16,torch.bfloat16,False,False,asm,10,1,135.9331,_ZN5aiter24bf16gemm_bf16_tn_256x256E,0.0,940.85,1133.58
gfx950,256,1069,3072,512,False,torch.bfloat16,torch.bfloat16,False,False,flydsl,3002,1,8.8114,flydsl_gemm4_abf16_wbf16_bf16_t128x128x64_split_k1_block_m_warp2_block_n_warp4_block_k_warp1_async_copyTrue_b_to_ldsTrue_b_preshuffleFalse_c_to_ldsFalse_gfx950,0.0,381.64,1226.63
gfx950,256,1078,1536,128,False,torch.bfloat16,torch.bfloat16,False,False,flydsl,550,1,3.9054,flydsl_gemm2_abf16_wbf16_bf16_t64x64x64_split_k1_block_m_warp2_block_n_warp2_block_k_warp1_async_copyTrue_b_to_ldsTrue_b_preshuffleFalse_c_to_ldsFalse_gfx950,0.0,108.54,1019.31
gfx950,256,1078,2304,1536,False,torch.bfloat16,torch.bfloat16,False,False,flydsl,5188,1,16.1595,flydsl_gemm3_abf16_wbf16_bf16_t80x128x128_split_k1_block_m_warp1_block_n_warp4_block_k_warp1_async_copyTrue_b_to_ldsTrue_b_preshuffleFalse_c_to_ldsFalse_gfx950,0.0,472.17,950.33
gfx950,256,1078,3584,7168,False,torch.bfloat16,torch.bfloat16,False,False,flydsl,4296,1,71.4008,flydsl_gemm4_abf16_wbf16_bf16_t128x128x64_split_k1_block_m_warp1_block_n_warp4_block_k_warp2_async_copyTrue_b_to_ldsTrue_b_preshuffleFalse_c_to_ldsFalse_gfx950,0.0059,775.73,1044.27
gfx950,256,1078,7168,3584,False,torch.bfloat16,torch.bfloat16,False,False,asm,10,1,73.2093,_ZN5aiter24bf16gemm_bf16_tn_256x256E,0.0,756.57,1018.47
gfx950,256,1078,7168,4224,False,torch.bfloat16,torch.bfloat16,False,False,asm,10,1,83.1437,_ZN5aiter24bf16gemm_bf16_tn_256x256E,0.0,785.13,1023.73
gfx950,256,1109,1536,128,False,torch.bfloat16,torch.bfloat16,False,False,flydsl,550,1,3.8699,flydsl_gemm2_abf16_wbf16_bf16_t64x64x64_split_k1_block_m_warp2_block_n_warp2_block_k_warp1_async_copyTrue_b_to_ldsTrue_b_preshuffleFalse_c_to_ldsFalse_gfx950,0.0,112.68,1055.32
gfx950,256,1109,2304,1536,False,torch.bfloat16,torch.bfloat16,False,False,flydsl,6999,1,15.9311,flydsl_gemm4_abf16_wbf16_bf16_t96x128x64_split_k1_block_m_warp1_block_n_warp4_block_k_warp1_async_copyTrue_b_to_ldsTrue_b_preshuffleFalse_c_to_ldsFalse_gfx950,0.0,492.71,978.9
gfx950,256,1109,3072,512,False,torch.bfloat16,torch.bfloat16,False,False,flydsl,3002,1,8.9734,flydsl_gemm4_abf16_wbf16_bf16_t128x128x64_split_k1_block_m_warp2_block_n_warp4_block_k_warp1_async_copyTrue_b_to_ldsTrue_b_preshuffleFalse_c_to_ldsFalse_gfx950,0.0,388.77,1236.44
gfx950,256,1109,3584,7168,False,torch.bfloat16,torch.bfloat16,False,False,flydsl,4296,1,71.4716,flydsl_gemm4_abf16_wbf16_bf16_t128x128x64_split_k1_block_m_warp1_block_n_warp4_block_k_warp2_async_copyTrue_b_to_ldsTrue_b_preshuffleFalse_c_to_ldsFalse_gfx950,0.0059,797.25,1052.56
gfx950,256,1109,7168,3584,False,torch.bfloat16,torch.bfloat16,False,False,asm,10,1,73.3081,_ZN5aiter24bf16gemm_bf16_tn_256x256E,0.0,777.28,1026.19
gfx950,256,1109,7168,4224,False,torch.bfloat16,torch.bfloat16,False,False,asm,10,1,84.3558,_ZN5aiter24bf16gemm_bf16_tn_256x256E,0.0,796.1,1017.39
gfx950,256,1132,3072,512,False,torch.bfloat16,torch.bfloat16,False,False,flydsl,1731,1,9.0576,flydsl_gemm3_abf16_wbf16_bf16_t128x128x64_split_k1_block_m_warp4_block_n_warp4_block_k_warp1_async_copyTrue_b_to_ldsTrue_b_preshuffleFalse_c_to_ldsFalse_gfx950,0.0,393.15,1243.14
gfx950,256,1138,1536,128,False,torch.bfloat16,torch.bfloat16,False,False,flydsl,552,1,3.9326,flydsl_gemm2_abf16_wbf16_bf16_t64x64x64_split_k1_block_m_warp2_block_n_warp4_block_k_warp1_async_copyTrue_b_to_ldsTrue_b_preshuffleFalse_c_to_ldsFalse_gfx950,0.0,113.79,1063.03
gfx950,256,1138,2304,1536,False,torch.bfloat16,torch.bfloat16,False,False,flydsl,5308,1,16.5371,flydsl_gemm3_abf16_wbf16_bf16_t96x128x64_split_k1_block_m_warp1_block_n_warp4_block_k_warp1_async_copyTrue_b_to_ldsTrue_b_preshuffleFalse_c_to_ldsFalse_gfx950,0.0,487.06,956.5
gfx950,256,1138,3584,7168,False,torch.bfloat16,torch.bfloat16,False,False,flydsl,4296,1,72.2669,flydsl_gemm4_abf16_wbf16_bf16_t128x128x64_split_k1_block_m_warp1_block_n_warp4_block_k_warp2_async_copyTrue_b_to_ldsTrue_b_preshuffleFalse_c_to_ldsFalse_gfx950,0.0059,809.09,1049.61
gfx950,256,1138,7168,768,False,torch.bfloat16,torch.bfloat16,False,False,flydsl,127,1,18.3132,flydsl_gemm2_abf16_wbf16_bf16_t128x128x64_split_k1_block_m_warp2_block_n_warp2_block_k_warp1_async_copyTrue_b_to_ldsTrue_b_preshuffleFalse_c_to_ldsFalse_gfx950,0.0,684.18,1587.51
gfx950,256,1140,3072,512,False,torch.bfloat16,torch.bfloat16,False,False,flydsl,3002,1,8.9847,flydsl_gemm4_abf16_wbf16_bf16_t128x128x64_split_k1_block_m_warp2_block_n_warp4_block_k_warp1_async_copyTrue_b_to_ldsTrue_b_preshuffleFalse_c_to_ldsFalse_gfx950,0.0,399.14,1259.61
gfx950,256,1143,1536,128,False,torch.bfloat16,torch.bfloat16,False,False,flydsl,553,1,3.863,flydsl_gemm2_abf16_wbf16_bf16_t64x64x64_split_k1_block_m_warp4_block_n_warp1_block_k_warp1_async_copyTrue_b_to_ldsTrue_b_preshuffleFalse_c_to_ldsFalse_gfx950,0.0,116.35,1086.49
gfx950,256,1143,2304,1536,False,torch.bfloat16,torch.bfloat16,False,False,flydsl,7002,1,16.4943,flydsl_gemm4_abf16_wbf16_bf16_t96x128x64_split_k1_block_m_warp2_block_n_warp2_block_k_warp1_async_copyTrue_b_to_ldsTrue_b_preshuffleFalse_c_to_ldsFalse_gfx950,0.0,490.47,961.31
gfx950,256,1143,3584,7168,False,torch.bfloat16,torch.bfloat16,False,False,flydsl,4305,1,72.9375,flydsl_gemm4_abf16_wbf16_bf16_t128x128x64_split_k1_block_m_warp2_block_n_warp4_block_k_warp2_async_copyTrue_b_to_ldsTrue_b_preshuffleFalse_c_to_ldsFalse_gfx950,0.006,805.18,1041.43
gfx950,256,1150,3072,512,False,torch.bfloat16,torch.bfloat16,False,False,flydsl,1715,1,9.4333,flydsl_gemm3_abf16_wbf16_bf16_t128x128x64_split_k1_block_m_warp1_block_n_warp4_block_k_warp1_async_copyTrue_b_to_ldsTrue_b_preshuffleFalse_c_to_ldsFalse_gfx950,0.0,383.49,1207.31
gfx950,256,1162,1536,128,False,torch.bfloat16,torch.bfloat16,False,False,flydsl,552,1,3.9528,flydsl_gemm2_abf16_wbf16_bf16_t64x64x64_split_k1_block_m_warp2_block_n_warp4_block_k_warp1_async_copyTrue_b_to_ldsTrue_b_preshuffleFalse_c_to_ldsFalse_gfx950,0.0,115.59,1077.81
gfx950,256,1162,2112,7168,False,torch.bfloat16,torch.bfloat16,False,False,flydsl,850,1,65.8449,flydsl_gemm2_abf16_wbf16_bf16_t80x64x128_split_k1_block_m_warp1_block_n_warp2_block_k_warp1_async_copyTrue_b_to_ldsTrue_b_preshuffleFalse_c_to_ldsFalse_gfx950,0.0,534.33,787.37
gfx950,256,1162,2304,1536,False,torch.bfloat16,torch.bfloat16,False,False,flydsl,5311,1,16.2611,flydsl_gemm3_abf16_wbf16_bf16_t96x128x64_split_k1_block_m_warp2_block_n_warp2_block_k_warp1_async_copyTrue_b_to_ldsTrue_b_preshuffleFalse_c_to_ldsFalse_gfx950,0.0,505.78,984.07
gfx950,256,1162,3584,7168,False,torch.bfloat16,torch.bfloat16,False,False,flydsl,4056,1,91.8477,flydsl_gemm3_abf16_wbf16_bf16_t80x128x64_split_k1_block_m_warp1_block_n_warp2_block_k_warp1_async_copyTrue_b_to_ldsTrue_b_preshuffleFalse_c_to_ldsFalse_gfx950,0.0,650.03,831.46
gfx950,256,1162,7168,768,False,torch.bfloat16,torch.bfloat16,False,False,asm,10,1,24.3983,_ZN5aiter24bf16gemm_bf16_tn_256x256E,0.0,524.37,1207.19
gfx950,256,1162,8448,7168,False,torch.bfloat16,torch.bfloat16,False,False,asm,10,1,139.1359,_ZN5aiter24bf16gemm_bf16_tn_256x256E,0.0,1011.46,1131.28
gfx950,256,1206,3072,512,False,torch.bfloat16,torch.bfloat16,False,False,flydsl,3002,1,9.0093,flydsl_gemm4_abf16_wbf16_bf16_t128x128x64_split_k1_block_m_warp2_block_n_warp4_block_k_warp1_async_copyTrue_b_to_ldsTrue_b_preshuffleFalse_c_to_ldsFalse_gfx950,0.0,421.09,1308.69
gfx950,256,1211,3072,512,False,torch.bfloat16,torch.bfloat16,False,False,flydsl,1724,1,9.1009,flydsl_gemm3_abf16_wbf16_bf16_t128x128x64_split_k1_block_m_warp2_block_n_warp4_block_k_warp1_async_copyTrue_b_to_ldsTrue_b_preshuffleFalse_c_to_ldsFalse_gfx950,0.0,418.58,1299.45
gfx950,256,1212,1536,128,False,torch.bfloat16,torch.bfloat16,False,False,flydsl,545,1,3.9484,flydsl_gemm2_abf16_wbf16_bf16_t64x64x64_split_k1_block_m_warp1_block_n_warp4_block_k_warp1_async_copyTrue_b_to_ldsTrue_b_preshuffleFalse_c_to_ldsFalse_gfx950,0.0,120.7,1121.15
gfx950,256,1212,2304,1536,False,torch.bfloat16,torch.bfloat16,False,False,flydsl,7002,1,16.5296,flydsl_gemm4_abf16_wbf16_bf16_t96x128x64_split_k1_block_m_warp2_block_n_warp2_block_k_warp1_async_copyTrue_b_to_ldsTrue_b_preshuffleFalse_c_to_ldsFalse_gfx950,0.0,518.97,991.32
gfx950,256,1212,7168,1536,False,torch.bfloat16,torch.bfloat16,False,False,asm,10,1,38.5866,_ZN5aiter24bf16gemm_bf16_tn_256x256E,0.0,691.65,1117.45
gfx950,256,1212,8448,7168,False,torch.bfloat16,torch.bfloat16,False,False,asm,10,1,140.3846,_ZN5aiter24bf16gemm_bf16_tn_256x256E,0.0,1045.6,1132.34
gfx950,256,1217,1536,128,False,torch.bfloat16,torch.bfloat16,False,False,flydsl,547,1,4.103,flydsl_gemm2_abf16_wbf16_bf16_t64x64x64_split_k1_block_m_warp2_block_n_warp1_block_k_warp1_async_copyTrue_b_to_ldsTrue_b_preshuffleFalse_c_to_ldsFalse_gfx950,0.0,116.63,1082.96
gfx950,256,1217,2304,1536,False,torch.bfloat16,torch.bfloat16,False,False,flydsl,5308,1,16.3412,flydsl_gemm3_abf16_wbf16_bf16_t96x128x64_split_k1_block_m_warp1_block_n_warp4_block_k_warp1_async_copyTrue_b_to_ldsTrue_b_preshuffleFalse_c_to_ldsFalse_gfx950,0.0,527.12,1005.09
gfx950,256,1217,7168,768,False,torch.bfloat16,torch.bfloat16,False,False,asm,10,1,24.3737,_ZN5aiter24bf16gemm_bf16_tn_256x256E,0.0,549.74,1244.22
gfx950,256,1217,8448,7168,False,torch.bfloat16,torch.bfloat16,False,False,asm,10,1,139.9463,_ZN5aiter24bf16gemm_bf16_tn_256x256E,0.0,1053.2,1137.01
gfx950,256,1223,3072,512,False,torch.bfloat16,torch.bfloat16,False,False,flydsl,3002,1,9.154,flydsl_gemm4_abf16_wbf16_bf16_t128x128x64_split_k1_block_m_warp2_block_n_warp4_block_k_warp1_async_copyTrue_b_to_ldsTrue_b_preshuffleFalse_c_to_ldsFalse_gfx950,0.0,420.28,1301.31
gfx950,256,1229,1536,128,False,torch.bfloat16,torch.bfloat16,False,False,flydsl,552,1,4.0026,flydsl_gemm2_abf16_wbf16_bf16_t64x64x64_split_k1_block_m_warp2_block_n_warp4_block_k_warp1_async_copyTrue_b_to_ldsTrue_b_preshuffleFalse_c_to_ldsFalse_gfx950,0.0,120.74,1120.1
gfx950,256,1229,2304,1536,False,torch.bfloat16,torch.bfloat16,False,False,flydsl,7002,1,16.3708,flydsl_gemm4_abf16_wbf16_bf16_t96x128x64_split_k1_block_m_warp2_block_n_warp2_block_k_warp1_async_copyTrue_b_to_ldsTrue_b_preshuffleFalse_c_to_ldsFalse_gfx950,0.0,531.36,1008.91
gfx950,256,1229,7168,1536,False,torch.bfloat16,torch.bfloat16,False,False,asm,10,1,39.7288,_ZN5aiter24bf16gemm_bf16_tn_256x256E,0.0,681.19,1092.77
gfx950,256,1229,8448,7168,False,torch.bfloat16,torch.bfloat16,False,False,asm,10,1,140.2904,_ZN5aiter24bf16gemm_bf16_tn_256x256E,0.0,1060.98,1136.89
gfx950,256,1313,3072,512,False,torch.bfloat16,torch.bfloat16,False,False,flydsl,3587,1,10.0881,flydsl_gemm4_abf16_wbf16_bf16_t64x256x64_split_k1_block_m_warp2_block_n_warp4_block_k_warp1_async_copyTrue_b_to_ldsTrue_b_preshuffleFalse_c_to_ldsFalse_gfx950,0.0,409.43,1244.76
gfx950,256,1325,896,7168,False,torch.bfloat16,torch.bfloat16,False,False,flydsl,4418,1,40.9533,flydsl_gemm4_abf16_wbf16_bf16_t96x64x128_split_k1_block_m_warp2_block_n_warp1_block_k_warp2_async_copyTrue_b_to_ldsTrue_b_preshuffleFalse_c_to_ldsFalse_gfx950,0.0059,415.59,835.46
gfx950,256,1325,1536,128,False,torch.bfloat16,torch.bfloat16,False,False,flydsl,553,1,3.9806,flydsl_gemm2_abf16_wbf16_bf16_t64x64x64_split_k1_block_m_warp4_block_n_warp1_block_k_warp1_async_copyTrue_b_to_ldsTrue_b_preshuffleFalse_c_to_ldsFalse_gfx950,0.0,130.89,1206.56
gfx950,256,1325,2304,1536,False,torch.bfloat16,torch.bfloat16,False,False,flydsl,7002,1,16.6752,flydsl_gemm4_abf16_wbf16_bf16_t96x128x64_split_k1_block_m_warp2_block_n_warp2_block_k_warp1_async_copyTrue_b_to_ldsTrue_b_preshuffleFalse_c_to_ldsFalse_gfx950,0.0,562.4,1034.7
gfx950,256,1325,3584,7168,False,torch.bfloat16,torch.bfloat16,False,False,flydsl,4056,1,96.3393,flydsl_gemm3_abf16_wbf16_bf16_t80x128x64_split_k1_block_m_warp1_block_n_warp2_block_k_warp1_async_copyTrue_b_to_ldsTrue_b_preshuffleFalse_c_to_ldsFalse_gfx950,0.0,706.66,829.08
gfx950,256,1325,7168,768,False,torch.bfloat16,torch.bfloat16,False,False,asm,10,1,25.0271,_ZN5aiter24bf16gemm_bf16_tn_256x256E,0.0,582.9,1280.23
gfx950,256,1333,896,7168,False,torch.bfloat16,torch.bfloat16,False,False,flydsl,4418,1,41.4749,flydsl_gemm4_abf16_wbf16_bf16_t96x64x128_split_k1_block_m_warp2_block_n_warp1_block_k_warp2_async_copyTrue_b_to_ldsTrue_b_preshuffleFalse_c_to_ldsFalse_gfx950,0.0059,412.84,828.06
gfx950,256,1333,1536,128,False,torch.bfloat16,torch.bfloat16,False,False,flydsl,306,1,4.1194,flydsl_gemm2_abf16_wbf16_bf16_t32x128x64_split_k1_block_m_warp2_block_n_warp2_block_k_warp1_async_copyTrue_b_to_ldsTrue_b_preshuffleFalse_c_to_ldsFalse_gfx950,0.0,127.24,1172.36
gfx950,256,1333,2304,1536,False,torch.bfloat16,torch.bfloat16,False,False,flydsl,7002,1,16.5305,flydsl_gemm4_abf16_wbf16_bf16_t96x128x64_split_k1_block_m_warp2_block_n_warp2_block_k_warp1_async_copyTrue_b_to_ldsTrue_b_preshuffleFalse_c_to_ldsFalse_gfx950,0.0,570.75,1047.48
gfx950,256,1333,3072,512,False,torch.bfloat16,torch.bfloat16,False,False,flydsl,3587,1,10.2109,flydsl_gemm4_abf16_wbf16_bf16_t64x256x64_split_k1_block_m_warp2_block_n_warp4_block_k_warp1_async_copyTrue_b_to_ldsTrue_b_preshuffleFalse_c_to_ldsFalse_gfx950,0.0,410.66,1243.83
gfx950,256,1333,3584,7168,False,torch.bfloat16,torch.bfloat16,False,False,flydsl,4056,1,95.2777,flydsl_gemm3_abf16_wbf16_bf16_t80x128x64_split_k1_block_m_warp1_block_n_warp2_block_k_warp1_async_copyTrue_b_to_ldsTrue_b_preshuffleFalse_c_to_ldsFalse_gfx950,0.0,718.84,840.12
gfx950,256,1333,7168,768,False,torch.bfloat16,torch.bfloat16,False,False,asm,10,1,24.8528,_ZN5aiter24bf16gemm_bf16_tn_256x256E,0.0,590.53,1294.32
gfx950,256,1335,3072,512,False,torch.bfloat16,torch.bfloat16,False,False,flydsl,3587,1,10.1776,flydsl_gemm4_abf16_wbf16_bf16_t64x256x64_split_k1_block_m_warp2_block_n_warp4_block_k_warp1_async_copyTrue_b_to_ldsTrue_b_preshuffleFalse_c_to_ldsFalse_gfx950,0.0,412.63,1249.31
gfx950,256,1338,896,7168,False,torch.bfloat16,torch.bfloat16,False,False,flydsl,4418,1,41.6444,flydsl_gemm4_abf16_wbf16_bf16_t96x64x128_split_k1_block_m_warp2_block_n_warp1_block_k_warp2_async_copyTrue_b_to_ldsTrue_b_preshuffleFalse_c_to_ldsFalse_gfx950,0.0059,412.7,826.63
gfx950,256,1338,1536,128,False,torch.bfloat16,torch.bfloat16,False,False,flydsl,552,1,4.0733,flydsl_gemm2_abf16_wbf16_bf16_t64x64x64_split_k1_block_m_warp2_block_n_warp4_block_k_warp1_async_copyTrue_b_to_ldsTrue_b_preshuffleFalse_c_to_ldsFalse_gfx950,0.0,129.16,1189.72
gfx950,256,1338,2304,1536,False,torch.bfloat16,torch.bfloat16,False,False,flydsl,6999,1,17.004,flydsl_gemm4_abf16_wbf16_bf16_t96x128x64_split_k1_block_m_warp1_block_n_warp4_block_k_warp1_async_copyTrue_b_to_ldsTrue_b_preshuffleFalse_c_to_ldsFalse_gfx950,0.0,556.94,1020.57
gfx950,256,1338,3584,7168,False,torch.bfloat16,torch.bfloat16,False,False,flydsl,4056,1,94.5237,flydsl_gemm3_abf16_wbf16_bf16_t80x128x64_split_k1_block_m_warp1_block_n_warp2_block_k_warp1_async_copyTrue_b_to_ldsTrue_b_preshuffleFalse_c_to_ldsFalse_gfx950,0.0,727.3,847.96
gfx950,256,1338,7168,768,False,torch.bfloat16,torch.bfloat16,False,False,asm,10,1,24.871,_ZN5aiter24bf16gemm_bf16_tn_256x256E,0.0,592.31,1296.56
gfx950,256,1349,3072,512,False,torch.bfloat16,torch.bfloat16,False,False,flydsl,2813,1,11.0972,flydsl_gemm3_abf16_wbf16_bf16_t80x128x64_split_k1_block_m_warp1_block_n_warp2_block_k_warp1_async_copyTrue_b_to_ldsTrue_b_preshuffleFalse_c_to_ldsFalse_gfx950,0.0,382.4,1154.83
gfx950,256,1352,1536,128,False,torch.bfloat16,torch.bfloat16,False,False,flydsl,545,1,4.2068,flydsl_gemm2_abf16_wbf16_bf16_t64x64x64_split_k1_block_m_warp1_block_n_warp4_block_k_warp1_async_copyTrue_b_to_ldsTrue_b_preshuffleFalse_c_to_ldsFalse_gfx950,0.0,126.37,1163.04
gfx950,256,1352,2304,1536,False,torch.bfloat16,torch.bfloat16,False,False,flydsl,5575,1,17.8314,flydsl_gemm4_abf16_wbf16_bf16_t128x128x64_split_k1_block_m_warp4_block_n_warp4_block_k_warp1_async_copyTrue_b_to_ldsTrue_b_preshuffleFalse_c_to_ldsFalse_gfx950,0.0,536.65,979.24
gfx950,256,1352,7168,768,False,torch.bfloat16,torch.bfloat16,False,False,asm,10,1,25.8828,_ZN5aiter24bf16gemm_bf16_tn_256x256E,0.0,575.11,1254.46
gfx950,256,1352,8448,7168,False,torch.bfloat16,torch.bfloat16,False,False,asm,10,1,155.5097,_ZN5aiter24bf16gemm_bf16_tn_256x256E,0.0,1052.93,1050.33
gfx950,256,1358,3072,512,False,torch.bfloat16,torch.bfloat16,False,False,flydsl,2813,1,11.0408,flydsl_gemm3_abf16_wbf16_bf16_t80x128x64_split_k1_block_m_warp1_block_n_warp2_block_k_warp1_async_copyTrue_b_to_ldsTrue_b_preshuffleFalse_c_to_ldsFalse_gfx950,0.0,386.92,1166.57
gfx950,256,1361,1536,128,False,torch.bfloat16,torch.bfloat16,False,False,flydsl,550,1,4.1843,flydsl_gemm2_abf16_wbf16_bf16_t64x64x64_split_k1_block_m_warp2_block_n_warp2_block_k_warp1_async_copyTrue_b_to_ldsTrue_b_preshuffleFalse_c_to_ldsFalse_gfx950,0.0,127.9,1176.45
gfx950,256,1361,2304,1536,False,torch.bfloat16,torch.bfloat16,False,False,flydsl,5573,1,17.7166,flydsl_gemm4_abf16_wbf16_bf16_t128x128x64_split_k1_block_m_warp4_block_n_warp2_block_k_warp1_async_copyTrue_b_to_ldsTrue_b_preshuffleFalse_c_to_ldsFalse_gfx950,0.0,543.73,989.49
gfx950,256,1361,7168,768,False,torch.bfloat16,torch.bfloat16,False,False,asm,10,1,24.9939,_ZN5aiter24bf16gemm_bf16_tn_256x256E,0.0,599.53,1304.79
gfx950,256,1361,8448,7168,False,torch.bfloat16,torch.bfloat16,False,False,asm,10,1,147.9109,_ZN5aiter24bf16gemm_bf16_tn_256x256E,0.0,1114.4,1106.19
gfx950,256,1368,3072,512,False,torch.bfloat16,torch.bfloat16,False,False,flydsl,1681,1,11.1533,flydsl_gemm2_abf16_wbf16_bf16_t96x64x64_split_k1_block_m_warp2_block_n_warp2_block_k_warp1_async_copyTrue_b_to_ldsTrue_b_preshuffleFalse_c_to_ldsFalse_gfx950,0.0,385.84,1161.23
gfx950,256,1374,1536,128,False,torch.bfloat16,torch.bfloat16,False,False,flydsl,303,1,4.1942,flydsl_gemm2_abf16_wbf16_bf16_t32x128x64_split_k1_block_m_warp1_block_n_warp4_block_k_warp1_async_copyTrue_b_to_ldsTrue_b_preshuffleFalse_c_to_ldsFalse_gfx950,0.0,128.82,1183.99
gfx950,256,1374,2304,1536,False,torch.bfloat16,torch.bfloat16,False,False,flydsl,5575,1,17.8966,flydsl_gemm4_abf16_wbf16_bf16_t128x128x64_split_k1_block_m_warp4_block_n_warp4_block_k_warp1_async_copyTrue_b_to_ldsTrue_b_preshuffleFalse_c_to_ldsFalse_gfx950,0.0,543.4,985.11
gfx950,256,1374,7168,768,False,torch.bfloat16,torch.bfloat16,False,False,asm,10,1,25.338,_ZN5aiter24bf16gemm_bf16_tn_256x256E,0.0,597.04,1295.22
gfx950,256,1374,7168,1536,False,torch.bfloat16,torch.bfloat16,False,False,asm,10,1,41.0657,_ZN5aiter24bf16gemm_bf16_tn_256x256E,0.0,736.76,1118.66
gfx950,256,1374,8448,7168,False,torch.bfloat16,torch.bfloat16,False,False,asm,10,1,147.2583,_ZN5aiter24bf16gemm_bf16_tn_256x256E,0.0,1130.03,1113.85
gfx950,256,1449,896,7168,False,torch.bfloat16,torch.bfloat16,False,False,flydsl,4418,1,41.8031,flydsl_gemm4_abf16_wbf16_bf16_t96x64x128_split_k1_block_m_warp2_block_n_warp1_block_k_warp2_async_copyTrue_b_to_ldsTrue_b_preshuffleFalse_c_to_ldsFalse_gfx950,0.0059,445.24,866.31
gfx950,256,1449,1536,128,False,torch.bfloat16,torch.bfloat16,False,False,flydsl,662,1,4.3214,flydsl_gemm2_abf16_wbf16_bf16_t96x64x64_split_k1_block_m_warp1_block_n_warp4_block_k_warp1_async_copyTrue_b_to_ldsTrue_b_preshuffleFalse_c_to_ldsFalse_gfx950,0.0,131.85,1206.9
gfx950,256,1449,2304,1536,False,torch.bfloat16,torch.bfloat16,False,False,flydsl,3241,1,18.1269,flydsl_gemm3_abf16_wbf16_bf16_t128x128x64_split_k1_block_m_warp4_block_n_warp4_block_k_warp1_async_copyTrue_b_to_ldsTrue_b_preshuffleFalse_c_to_ldsFalse_gfx950,0.0,565.78,1004.38
gfx950,256,1449,7168,768,False,torch.bfloat16,torch.bfloat16,False,False,asm,10,1,25.459,_ZN5aiter24bf16gemm_bf16_tn_256x256E,0.0,626.64,1335.82
gfx950,256,1449,7168,1536,False,torch.bfloat16,torch.bfloat16,False,False,asm,10,1,41.0112,_ZN5aiter24bf16gemm_bf16_tn_256x256E,0.0,778.01,1151.99
gfx950,256,1449,8448,7168,False,torch.bfloat16,torch.bfloat16,False,False,asm,10,1,150.9042,_ZN5aiter24bf16gemm_bf16_tn_256x256E,0.0,1162.92,1102.46
gfx950,256,1460,3072,512,False,torch.bfloat16,torch.bfloat16,False,False,flydsl,1678,1,11.3517,flydsl_gemm2_abf16_wbf16_bf16_t96x64x64_split_k1_block_m_warp1_block_n_warp4_block_k_warp1_async_copyTrue_b_to_ldsTrue_b_preshuffleFalse_c_to_ldsFalse_gfx950,0.0,404.59,1199.03
gfx950,256,1463,1536,128,False,torch.bfloat16,torch.bfloat16,False,False,flydsl,360,1,4.426,flydsl_gemm2_abf16_wbf16_bf16_t32x64x64_split_k1_block_m_warp1_block_n_warp2_block_k_warp1_async_copyTrue_b_to_ldsTrue_b_preshuffleFalse_c_to_ldsFalse_gfx950,0.0,129.98,1188.9
gfx950,256,1463,2304,1536,False,torch.bfloat16,torch.bfloat16,False,False,flydsl,3241,1,17.7796,flydsl_gemm3_abf16_wbf16_bf16_t128x128x64_split_k1_block_m_warp4_block_n_warp4_block_k_warp1_async_copyTrue_b_to_ldsTrue_b_preshuffleFalse_c_to_ldsFalse_gfx950,0.0,582.41,1030.04
gfx950,256,1463,7168,1536,False,torch.bfloat16,torch.bfloat16,False,False,asm,10,1,41.0509,_ZN5aiter24bf16gemm_bf16_tn_256x256E,0.0,784.77,1156.81
gfx950,256,1463,8448,7168,False,torch.bfloat16,torch.bfloat16,False,False,asm,10,1,150.5005,_ZN5aiter24bf16gemm_bf16_tn_256x256E,0.0,1177.3,1108.32
gfx950,256,1492,3072,512,False,torch.bfloat16,torch.bfloat16,False,False,flydsl,1568,1,11.2854,flydsl_gemm2_abf16_wbf16_bf16_t96x128x64_split_k1_block_m_warp2_block_n_warp2_block_k_warp1_async_copyTrue_b_to_ldsTrue_b_preshuffleFalse_c_to_ldsFalse_gfx950,0.0,415.88,1226.4
gfx950,256,1498,1536,128,False,torch.bfloat16,torch.bfloat16,False,False,flydsl,665,1,4.287,flydsl_gemm2_abf16_wbf16_bf16_t96x64x64_split_k1_block_m_warp2_block_n_warp2_block_k_warp1_async_copyTrue_b_to_ldsTrue_b_preshuffleFalse_c_to_ldsFalse_gfx950,0.0,137.4,1254.62
gfx950,256,1498,2304,1536,False,torch.bfloat16,torch.bfloat16,False,False,flydsl,5568,1,18.0609,flydsl_gemm4_abf16_wbf16_bf16_t128x128x64_split_k1_block_m_warp2_block_n_warp4_block_k_warp1_async_copyTrue_b_to_ldsTrue_b_preshuffleFalse_c_to_ldsFalse_gfx950,0.0,587.05,1028.88
gfx950,256,1498,7168,1536,False,torch.bfloat16,torch.bfloat16,False,False,asm,10,1,39.9612,_ZN5aiter24bf16gemm_bf16_tn_256x256E,0.0,825.45,1203.6
gfx950,256,1498,8448,7168,False,torch.bfloat16,torch.bfloat16,False,False,asm,10,1,153.8407,_ZN5aiter24bf16gemm_bf16_tn_256x256E,0.0,1179.3,1091.36
gfx950,256,1536,1536,128,False,torch.bfloat16,torch.bfloat16,False,False,flydsl,553,1,4.3434,flydsl_gemm2_abf16_wbf16_bf16_t64x64x64_split_k1_block_m_warp4_block_n_warp1_block_k_warp1_async_copyTrue_b_to_ldsTrue_b_preshuffleFalse_c_to_ldsFalse_gfx950,0.0,139.06,1267.45
gfx950,256,1536,2304,1536,False,torch.bfloat16,torch.bfloat16,False,False,flydsl,5573,1,18.3844,flydsl_gemm4_abf16_wbf16_bf16_t128x128x64_split_k1_block_m_warp4_block_n_warp2_block_k_warp1_async_copyTrue_b_to_ldsTrue_b_preshuffleFalse_c_to_ldsFalse_gfx950,0.0,591.35,1026.65
gfx950,256,1536,3072,512,False,torch.bfloat16,torch.bfloat16,False,False,flydsl,1681,1,11.5094,flydsl_gemm2_abf16_wbf16_bf16_t96x64x64_split_k1_block_m_warp2_block_n_warp2_block_k_warp1_async_copyTrue_b_to_ldsTrue_b_preshuffleFalse_c_to_ldsFalse_gfx950,0.0,419.82,1229.93
gfx950,256,1536,7168,1536,False,torch.bfloat16,torch.bfloat16,False,False,asm,10,1,41.0048,_ZN5aiter24bf16gemm_bf16_tn_256x256E,0.0,824.85,1189.1
gfx950,256,1536,8448,7168,False,torch.bfloat16,torch.bfloat16,False,False,asm,10,1,152.5237,_ZN5aiter24bf16gemm_bf16_tn_256x256E,0.0,1219.65,1108.57
gfx950,256,1539,1536,128,False,torch.bfloat16,torch.bfloat16,False,False,flydsl,550,1,4.3659,flydsl_gemm2_abf16_wbf16_bf16_t64x64x64_split_k1_block_m_warp2_block_n_warp2_block_k_warp1_async_copyTrue_b_to_ldsTrue_b_preshuffleFalse_c_to_ldsFalse_gfx950,0.0,138.61,1263.2
gfx950,256,1539,2304,1536,False,torch.bfloat16,torch.bfloat16,False,False,flydsl,5575,1,18.13,flydsl_gemm4_abf16_wbf16_bf16_t128x128x64_split_k1_block_m_warp4_block_n_warp4_block_k_warp1_async_copyTrue_b_to_ldsTrue_b_preshuffleFalse_c_to_ldsFalse_gfx950,0.0,600.82,1042.33
gfx950,256,1539,7168,768,False,torch.bfloat16,torch.bfloat16,False,False,asm,10,1,25.6656,_ZN5aiter24bf16gemm_bf16_tn_256x256E,0.0,660.2,1380.72
gfx950,256,1539,7168,4224,False,torch.bfloat16,torch.bfloat16,False,False,asm,10,1,94.5793,_ZN5aiter24bf16gemm_bf16_tn_256x256E,0.0,985.36,1011.0
gfx950,256,1539,7168,35840,False,torch.bfloat16,torch.bfloat16,False,False,asm,10,1,663.3336,_ZN5aiter24bf16gemm_bf16_tn_256x256E,0.0,1192.07,974.14
gfx950,256,1542,1536,128,False,torch.bfloat16,torch.bfloat16,False,False,flydsl,665,1,4.3135,flydsl_gemm2_abf16_wbf16_bf16_t96x64x64_split_k1_block_m_warp2_block_n_warp2_block_k_warp1_async_copyTrue_b_to_ldsTrue_b_preshuffleFalse_c_to_ldsFalse_gfx950,0.0,140.57,1280.86
gfx950,256,1542,2304,1536,False,torch.bfloat16,torch.bfloat16,False,False,flydsl,3241,1,18.3069,flydsl_gemm3_abf16_wbf16_bf16_t128x128x64_split_k1_block_m_warp4_block_n_warp4_block_k_warp1_async_copyTrue_b_to_ldsTrue_b_preshuffleFalse_c_to_ldsFalse_gfx950,0.0,596.17,1033.51
gfx950,256,1542,7168,768,False,torch.bfloat16,torch.bfloat16,False,False,asm,10,1,25.4947,_ZN5aiter24bf16gemm_bf16_tn_256x256E,0.0,665.92,1391.85
gfx950,256,1542,7168,1536,False,torch.bfloat16,torch.bfloat16,False,False,asm,10,1,42.7001,_ZN5aiter24bf16gemm_bf16_tn_256x256E,0.0,795.2,1144.34
gfx950,256,1542,7168,4224,False,torch.bfloat16,torch.bfloat16,False,False,asm,10,1,94.6421,_ZN5aiter24bf16gemm_bf16_tn_256x256E,0.0,986.62,1011.05
gfx950,256,1542,7168,35840,False,torch.bfloat16,torch.bfloat16,False,False,asm,10,1,674.5546,_ZN5aiter24bf16gemm_bf16_tn_256x256E,0.0,1174.53,958.32
gfx950,256,1545,1536,128,False,torch.bfloat16,torch.bfloat16,False,False,flydsl,665,1,4.3357,flydsl_gemm2_abf16_wbf16_bf16_t96x64x64_split_k1_block_m_warp2_block_n_warp2_block_k_warp1_async_copyTrue_b_to_ldsTrue_b_preshuffleFalse_c_to_ldsFalse_gfx950,0.0,140.12,1276.6
gfx950,256,1545,2304,1536,False,torch.bfloat16,torch.bfloat16,False,False,flydsl,5575,1,18.0621,flydsl_gemm4_abf16_wbf16_bf16_t128x128x64_split_k1_block_m_warp4_block_n_warp4_block_k_warp1_async_copyTrue_b_to_ldsTrue_b_preshuffleFalse_c_to_ldsFalse_gfx950,0.0,605.43,1048.8
gfx950,256,1545,7168,768,False,torch.bfloat16,torch.bfloat16,False,False,asm,10,1,26.0356,_ZN5aiter24bf16gemm_bf16_tn_256x256E,0.0,653.36,1364.76
gfx950,256,1545,7168,3584,False,torch.bfloat16,torch.bfloat16,False,False,asm,10,1,80.8517,_ZN5aiter24bf16gemm_bf16_tn_256x256E,0.0,981.83,1046.41
gfx950,256,1545,7168,4224,False,torch.bfloat16,torch.bfloat16,False,False,asm,10,1,95.5554,_ZN5aiter24bf16gemm_bf16_tn_256x256E,0.0,979.1,1002.1
gfx950,256,1545,7168,35840,False,torch.bfloat16,torch.bfloat16,False,False,asm,10,1,659.9605,_ZN5aiter24bf16gemm_bf16_tn_256x256E,0.0,1202.84,979.9
gfx950,256,1548,1536,128,False,torch.bfloat16,torch.bfloat16,False,False,flydsl,550,1,4.3537,flydsl_gemm2_abf16_wbf16_bf16_t64x64x64_split_k1_block_m_warp2_block_n_warp2_block_k_warp1_async_copyTrue_b_to_ldsTrue_b_preshuffleFalse_c_to_ldsFalse_gfx950,0.0,139.81,1273.62
gfx950,256,1548,2304,1536,False,torch.bfloat16,torch.bfloat16,False,False,flydsl,5575,1,18.2866,flydsl_gemm4_abf16_wbf16_bf16_t128x128x64_split_k1_block_m_warp4_block_n_warp4_block_k_warp1_async_copyTrue_b_to_ldsTrue_b_preshuffleFalse_c_to_ldsFalse_gfx950,0.0,599.16,1037.18
gfx950,256,1548,7168,768,False,torch.bfloat16,torch.bfloat16,False,False,asm,10,1,25.5439,_ZN5aiter24bf16gemm_bf16_tn_256x256E,0.0,667.23,1392.89
gfx950,256,1548,7168,4224,False,torch.bfloat16,torch.bfloat16,False,False,asm,10,1,94.0382,_ZN5aiter24bf16gemm_bf16_tn_256x256E,0.0,996.82,1019.0
gfx950,256,1548,7168,35840,False,torch.bfloat16,torch.bfloat16,False,False,asm,10,1,672.1737,_ZN5aiter24bf16gemm_bf16_tn_256x256E,0.0,1183.27,962.48
gfx950,256,1623,1536,128,False,torch.bfloat16,torch.bfloat16,False,False,flydsl,665,1,4.407,flydsl_gemm2_abf16_wbf16_bf16_t96x64x64_split_k1_block_m_warp2_block_n_warp2_block_k_warp1_async_copyTrue_b_to_ldsTrue_b_preshuffleFalse_c_to_ldsFalse_gfx950,0.0,144.81,1314.85
gfx950,256,1623,2304,1536,False,torch.bfloat16,torch.bfloat16,False,False,flydsl,5575,1,17.9694,flydsl_gemm4_abf16_wbf16_bf16_t128x128x64_split_k1_block_m_warp4_block_n_warp4_block_k_warp1_async_copyTrue_b_to_ldsTrue_b_preshuffleFalse_c_to_ldsFalse_gfx950,0.0,639.28,1087.54
gfx950,256,1623,3072,512,False,torch.bfloat16,torch.bfloat16,False,False,flydsl,2813,1,11.7815,flydsl_gemm3_abf16_wbf16_bf16_t80x128x64_split_k1_block_m_warp1_block_n_warp2_block_k_warp1_async_copyTrue_b_to_ldsTrue_b_preshuffleFalse_c_to_ldsFalse_gfx950,0.0,433.35,1254.46
gfx950,256,1623,7168,768,False,torch.bfloat16,torch.bfloat16,False,False,asm,10,1,25.6728,_ZN5aiter24bf16gemm_bf16_tn_256x256E,0.0,696.04,1432.27
gfx950,256,1623,7168,1536,False,torch.bfloat16,torch.bfloat16,False,False,asm,10,1,42.8733,_ZN5aiter24bf16gemm_bf16_tn_256x256E,0.0,833.59,1172.6
gfx950,256,1623,7168,3584,False,torch.bfloat16,torch.bfloat16,False,False,asm,10,1,82.9661,_ZN5aiter24bf16gemm_bf16_tn_256x256E,0.0,1005.11,1039.96
gfx950,256,1623,7168,4224,False,torch.bfloat16,torch.bfloat16,False,False,asm,10,1,93.9734,_ZN5aiter24bf16gemm_bf16_tn_256x256E,0.0,1045.84,1037.89
gfx950,256,1623,7168,35840,False,torch.bfloat16,torch.bfloat16,False,False,asm,10,1,676.6899,_ZN5aiter24bf16gemm_bf16_tn_256x256E,0.0,1232.32,965.59
gfx950,256,1623,8448,7168,False,torch.bfloat16,torch.bfloat16,False,False,asm,10,1,160.7828,_ZN5aiter24bf16gemm_bf16_tn_256x256E,0.0,1222.53,1068.52
gfx950,256,1648,1536,128,False,torch.bfloat16,torch.bfloat16,False,False,flydsl,553,1,4.3541,flydsl_gemm2_abf16_wbf16_bf16_t64x64x64_split_k1_block_m_warp4_block_n_warp1_block_k_warp1_async_copyTrue_b_to_ldsTrue_b_preshuffleFalse_c_to_ldsFalse_gfx950,0.0,148.83,1349.94
gfx950,256,1648,2304,1536,False,torch.bfloat16,torch.bfloat16,False,False,flydsl,5573,1,18.7013,flydsl_gemm4_abf16_wbf16_bf16_t128x128x64_split_k1_block_m_warp4_block_n_warp2_block_k_warp1_async_copyTrue_b_to_ldsTrue_b_preshuffleFalse_c_to_ldsFalse_gfx950,0.0,623.72,1055.25
gfx950,256,1648,3072,512,False,torch.bfloat16,torch.bfloat16,False,False,flydsl,2813,1,11.6465,flydsl_gemm3_abf16_wbf16_bf16_t80x128x64_split_k1_block_m_warp1_block_n_warp2_block_k_warp1_async_copyTrue_b_to_ldsTrue_b_preshuffleFalse_c_to_ldsFalse_gfx950,0.0,445.13,1284.39
gfx950,256,1648,7168,768,False,torch.bfloat16,torch.bfloat16,False,False,asm,10,1,26.012,_ZN5aiter24bf16gemm_bf16_tn_256x256E,0.0,697.55,1428.84
gfx950,256,1648,7168,1536,False,torch.bfloat16,torch.bfloat16,False,False,asm,10,1,41.6613,_ZN5aiter24bf16gemm_bf16_tn_256x256E,0.0,871.05,1217.16
gfx950,256,1648,7168,3584,False,torch.bfloat16,torch.bfloat16,False,False,asm,10,1,84.2507,_ZN5aiter24bf16gemm_bf16_tn_256x256E,0.0,1005.03,1030.48
gfx950,256,1648,7168,4224,False,torch.bfloat16,torch.bfloat16,False,False,asm,10,1,95.5727,_ZN5aiter24bf16gemm_bf16_tn_256x256E,0.0,1044.18,1026.48
gfx950,256,1648,7168,35840,False,torch.bfloat16,torch.bfloat16,False,False,asm,10,1,660.3811,_ZN5aiter24bf16gemm_bf16_tn_256x256E,0.0,1282.21,992.69
gfx950,256,1648,8448,7168,False,torch.bfloat16,torch.bfloat16,False,False,asm,10,1,161.0396,_ZN5aiter24bf16gemm_bf16_tn_256x256E,0.0,1239.39,1071.67
gfx950,256,1664,1536,128,False,torch.bfloat16,torch.bfloat16,False,False,flydsl,550,1,4.5177,flydsl_gemm2_abf16_wbf16_bf16_t64x64x64_split_k1_block_m_warp2_block_n_warp2_block_k_warp1_async_copyTrue_b_to_ldsTrue_b_preshuffleFalse_c_to_ldsFalse_gfx950,0.0,144.83,1312.84
gfx950,256,1664,1536,7168,False,torch.bfloat16,torch.bfloat16,False,False,torch,0,0,56.6209,native,0.0,647.14,900.5
gfx950,256,1664,2112,7168,False,torch.bfloat16,torch.bfloat16,False,False,torch,0,0,72.8025,native,0.0,692.04,840.1
gfx950,256,1664,2304,1536,False,torch.bfloat16,torch.bfloat16,False,False,flydsl,5575,1,18.8786,flydsl_gemm4_abf16_wbf16_bf16_t128x128x64_split_k1_block_m_warp4_block_n_warp4_block_k_warp1_async_copyTrue_b_to_ldsTrue_b_preshuffleFalse_c_to_ldsFalse_gfx950,0.0,623.86,1051.85
gfx950,256,1664,2880,7168,False,torch.bfloat16,torch.bfloat16,False,False,torch,0,0,97.4687,native,0.0,704.87,766.68
gfx950,256,1664,3072,512,False,torch.bfloat16,torch.bfloat16,False,False,flydsl,1568,1,11.6285,flydsl_gemm2_abf16_wbf16_bf16_t96x128x64_split_k1_block_m_warp2_block_n_warp2_block_k_warp1_async_copyTrue_b_to_ldsTrue_b_preshuffleFalse_c_to_ldsFalse_gfx950,0.0,450.14,1296.24
gfx950,256,1664,3584,7168,False,torch.bfloat16,torch.bfloat16,False,False,torch,0,0,101.3932,native,0.0,843.22,859.65
gfx950,256,1664,6288,7168,False,torch.bfloat16,torch.bfloat16,False,False,opus,5009,0,159.3015,opus_gemm_512x256x256x64_2x4_16x16x32_0x0x0_4g_safe,0.0,941.62,846.99
gfx950,256,1664,7168,768,False,torch.bfloat16,torch.bfloat16,False,False,asm,10,1,25.2992,_ZN5aiter24bf16gemm_bf16_tn_256x256E,0.0,724.16,1479.14
gfx950,256,1664,7168,1536,False,torch.bfloat16,torch.bfloat16,False,False,asm,10,1,44.3415,_ZN5aiter24bf16gemm_bf16_tn_256x256E,0.0,826.35,1149.87
gfx950,256,1664,7168,4224,False,torch.bfloat16,torch.bfloat16,False,False,asm,10,1,93.6188,_ZN5aiter24bf16gemm_bf16_tn_256x256E,0.0,1076.32,1051.8
gfx950,256,1664,7168,35840,False,torch.bfloat16,torch.bfloat16,False,False,asm,10,1,675.2781,_ZN5aiter24bf16gemm_bf16_tn_256x256E,0.0,1266.1,972.83
gfx950,256,1664,8448,7168,False,torch.bfloat16,torch.bfloat16,False,False,asm,10,1,157.9373,_ZN5aiter24bf16gemm_bf16_tn_256x256E,0.0,1276.0,1095.88
gfx950,256,1679,1536,128,False,torch.bfloat16,torch.bfloat16,False,False,flydsl,550,1,4.4002,flydsl_gemm2_abf16_wbf16_bf16_t64x64x64_split_k1_block_m_warp2_block_n_warp2_block_k_warp1_async_copyTrue_b_to_ldsTrue_b_preshuffleFalse_c_to_ldsFalse_gfx950,0.0,150.04,1359.24
gfx950,256,1679,2304,1536,False,torch.bfloat16,torch.bfloat16,False,False,flydsl,3241,1,18.7389,flydsl_gemm3_abf16_wbf16_bf16_t128x128x64_split_k1_block_m_warp4_block_n_warp4_block_k_warp1_async_copyTrue_b_to_ldsTrue_b_preshuffleFalse_c_to_ldsFalse_gfx950,0.0,634.18,1065.84
gfx950,256,1679,3072,512,False,torch.bfloat16,torch.bfloat16,False,False,flydsl,1568,1,11.573,flydsl_gemm2_abf16_wbf16_bf16_t96x128x64_split_k1_block_m_warp2_block_n_warp2_block_k_warp1_async_copyTrue_b_to_ldsTrue_b_preshuffleFalse_c_to_ldsFalse_gfx950,0.0,456.38,1311.74
gfx950,256,1679,8448,7168,False,torch.bfloat16,torch.bfloat16,False,False,asm,10,1,159.6669,_ZN5aiter24bf16gemm_bf16_tn_256x256E,0.0,1273.55,1086.94
gfx950,256,1691,1536,128,False,torch.bfloat16,torch.bfloat16,False,False,flydsl,365,1,4.7307,flydsl_gemm2_abf16_wbf16_bf16_t32x64x64_split_k1_block_m_warp2_block_n_warp2_block_k_warp1_async_copyTrue_b_to_ldsTrue_b_preshuffleFalse_c_to_ldsFalse_gfx950,0.0,140.56,1272.72
gfx950,256,1691,1536,7168,False,torch.bfloat16,torch.bfloat16,False,False,torch,0,0,56.8514,native,0.0,654.97,905.11
gfx950,256,1691,2112,7168,False,torch.bfloat16,torch.bfloat16,False,False,torch,0,0,75.0443,native,0.0,682.26,821.68
gfx950,256,1691,2304,1536,False,torch.bfloat16,torch.bfloat16,False,False,flydsl,5575,1,18.915,flydsl_gemm4_abf16_wbf16_bf16_t128x128x64_split_k1_block_m_warp4_block_n_warp4_block_k_warp1_async_copyTrue_b_to_ldsTrue_b_preshuffleFalse_c_to_ldsFalse_gfx950,0.0,632.76,1060.79
gfx950,256,1691,2880,7168,False,torch.bfloat16,torch.bfloat16,False,False,torch,0,0,98.7728,native,0.0,706.85,762.05
gfx950,256,1691,3072,512,False,torch.bfloat16,torch.bfloat16,False,False,flydsl,1568,1,11.6607,flydsl_gemm2_abf16_wbf16_bf16_t96x128x64_split_k1_block_m_warp2_block_n_warp2_block_k_warp1_async_copyTrue_b_to_ldsTrue_b_preshuffleFalse_c_to_ldsFalse_gfx950,0.0,456.18,1309.25
gfx950,256,1691,3584,7168,False,torch.bfloat16,torch.bfloat16,False,False,flydsl,3039,1,105.9706,flydsl_gemm3_abf16_wbf16_bf16_t256x128x64_split_k1_block_m_warp4_block_n_warp4_block_k_warp1_async_copyTrue_b_to_ldsTrue_b_preshuffleFalse_c_to_ldsFalse_gfx950,0.0,819.89,828.0
gfx950,256,1691,6288,7168,False,torch.bfloat16,torch.bfloat16,False,False,torch,0,0,149.5284,native,0.0,1019.44,907.21
gfx950,256,1691,7168,768,False,torch.bfloat16,torch.bfloat16,False,False,torch,0,0,23.6539,native,0.0,787.1,1600.14
gfx950,256,1691,7168,1536,False,torch.bfloat16,torch.bfloat16,False,False,torch,0,0,39.2184,native,0.0,949.45,1312.06
gfx950,256,1691,7168,4224,False,torch.bfloat16,torch.bfloat16,False,False,torch,0,0,90.5069,native,0.0,1131.39,1094.76
gfx950,256,1691,7168,35840,False,torch.bfloat16,torch.bfloat16,False,False,torch,0,0,655.7738,native,0.0,1324.91,1005.31
gfx950,256,1691,8448,7168,False,torch.bfloat16,torch.bfloat16,False,False,asm,10,1,158.754,_ZN5aiter24bf16gemm_bf16_tn_256x256E,0.0,1290.03,1095.56
gfx950,256,2048,896,7168,False,torch.bfloat16,torch.bfloat16,False,False,torch,0,0,50.4335,native,0.0,521.61,909.62
gfx950,256,2048,7168,35840,False,torch.bfloat16,torch.bfloat16,False,False,asm,10,1,724.5066,_ZN5aiter24bf16gemm_bf16_tn_256x256E,0.0,1452.39,952.32
gfx950,256,2048,20480,7168,False,torch.bfloat16,torch.bfloat16,False,False,flydsl,131,1,716.6345,flydsl_hgemm_abf16_wbf16_bf16_t64x256x64x2_ks1_w2x4x1_bias0_ktail0_gm4_pft_gfx950,0.0,839.05,567.72
gfx950,256,2100,3072,512,False,torch.bfloat16,torch.bfloat16,False,False,flydsl,89,1,12.1118,flydsl_gemm2_abf16_wbf16_bf16_t128x128x64_split_k1_block_m_warp4_block_n_warp2_block_k_warp1_async_copyTrue_b_to_ldsTrue_b_preshuffleFalse_c_to_ldsFalse_gfx950,0.0,545.42,1502.55
gfx950,256,2109,896,7168,False,torch.bfloat16,torch.bfloat16,False,False,flydsl,2112,1,51.0698,flydsl_gemm3_abf16_wbf16_bf16_t128x64x128_split_k1_block_m_warp4_block_n_warp2_block_k_warp2_async_copyTrue_b_to_ldsTrue_b_preshuffleFalse_c_to_ldsFalse_gfx950,0.006,530.45,917.55
gfx950,256,2109,1536,128,False,torch.bfloat16,torch.bfloat16,False,False,flydsl,142,1,4.9747,flydsl_gemm2_abf16_wbf16_bf16_t128x64x64_split_k1_block_m_warp4_block_n_warp2_block_k_warp1_async_copyTrue_b_to_ldsTrue_b_preshuffleFalse_c_to_ldsFalse_gfx950,0.0,166.7,1489.93
gfx950,256,2109,3584,7168,False,torch.bfloat16,torch.bfloat16,False,False,flydsl,3038,1,115.4501,flydsl_gemm3_abf16_wbf16_bf16_t256x128x64_split_k1_block_m_warp4_block_n_warp2_block_k_warp2_async_copyTrue_b_to_ldsTrue_b_preshuffleFalse_c_to_ldsFalse_gfx950,0.006,938.6,837.87
gfx950,256,2109,7168,768,False,torch.bfloat16,torch.bfloat16,False,False,asm,10,1,27.8228,_ZN5aiter24bf16gemm_bf16_tn_256x256E,0.0,834.57,1598.84
gfx950,256,2109,7168,1536,False,torch.bfloat16,torch.bfloat16,False,False,asm,10,1,48.4717,_ZN5aiter24bf16gemm_bf16_tn_256x256E,0.0,958.09,1211.71
gfx950,256,2109,7168,3584,False,torch.bfloat16,torch.bfloat16,False,False,asm,10,1,92.1001,_ZN5aiter24bf16gemm_bf16_tn_256x256E,0.0,1176.56,1050.29
gfx950,256,2109,7168,4224,False,torch.bfloat16,torch.bfloat16,False,False,asm,10,1,107.9586,_ZN5aiter24bf16gemm_bf16_tn_256x256E,0.0,1182.96,1006.0
gfx950,256,2109,7168,35840,False,torch.bfloat16,torch.bfloat16,False,False,asm,10,1,752.8219,_ZN5aiter24bf16gemm_bf16_tn_256x256E,0.0,1439.4,923.47
gfx950,256,2140,1536,128,False,torch.bfloat16,torch.bfloat16,False,False,flydsl,137,1,5.0182,flydsl_gemm2_abf16_wbf16_bf16_t128x64x64_split_k1_block_m_warp2_block_n_warp2_block_k_warp1_async_copyTrue_b_to_ldsTrue_b_preshuffleFalse_c_to_ldsFalse_gfx950,0.0,167.69,1497.58
gfx950,256,2140,1536,7168,False,torch.bfloat16,torch.bfloat16,False,False,flydsl,2542,1,69.5068,flydsl_gemm3_abf16_wbf16_bf16_t128x128x64_split_k1_block_m_warp4_block_n_warp2_block_k_warp2_async_copyTrue_b_to_ldsTrue_b_preshuffleFalse_c_to_ldsFalse_gfx950,0.006,677.96,852.77
gfx950,256,2140,2112,7168,False,torch.bfloat16,torch.bfloat16,False,False,opus,2006,0,105.0309,opus_gemm_512x128x128x64_2x4_16x16x32_0x0x0_cA1cB17,0.0,616.91,666.43
gfx950,256,2140,2304,1536,False,torch.bfloat16,torch.bfloat16,False,False,torch,0,0,22.7593,native,0.0,665.52,1033.12
gfx950,256,2140,2880,7168,False,torch.bfloat16,torch.bfloat16,False,False,torch,0,0,104.1764,native,0.0,848.13,809.14
gfx950,256,2140,3072,512,False,torch.bfloat16,torch.bfloat16,False,False,flydsl,89,1,13.19,flydsl_gemm2_abf16_wbf16_bf16_t128x128x64_split_k1_block_m_warp4_block_n_warp2_block_k_warp1_async_copyTrue_b_to_ldsTrue_b_preshuffleFalse_c_to_ldsFalse_gfx950,0.0,510.38,1401.46
gfx950,256,2140,3584,7168,False,torch.bfloat16,torch.bfloat16,False,False,flydsl,3038,1,115.569,flydsl_gemm3_abf16_wbf16_bf16_t256x128x64_split_k1_block_m_warp4_block_n_warp2_block_k_warp2_async_copyTrue_b_to_ldsTrue_b_preshuffleFalse_c_to_ldsFalse_gfx950,0.006,951.41,842.78
gfx950,256,2140,6288,7168,False,torch.bfloat16,torch.bfloat16,False,False,opus,2009,0,176.5683,opus_gemm_512x256x256x64_2x4_16x16x32_0x0x0_cA1cB17,0.0,1092.55,836.71
gfx950,256,2140,7168,768,False,torch.bfloat16,torch.bfloat16,False,False,asm,10,1,29.0317,_ZN5aiter24bf16gemm_bf16_tn_256x256E,0.0,811.58,1549.21
gfx950,256,2140,7168,1536,False,torch.bfloat16,torch.bfloat16,False,False,asm,10,1,47.7657,_ZN5aiter24bf16gemm_bf16_tn_256x256E,0.0,986.54,1240.92
gfx950,256,2140,7168,4224,False,torch.bfloat16,torch.bfloat16,False,False,asm,10,1,104.157,_ZN5aiter24bf16gemm_bf16_tn_256x256E,0.0,1244.16,1049.5
gfx950,256,2140,7168,35840,False,torch.bfloat16,torch.bfloat16,False,False,asm,10,1,763.0252,_ZN5aiter24bf16gemm_bf16_tn_256x256E,0.0,1441.02,914.62
gfx950,256,2140,8448,7168,False,torch.bfloat16,torch.bfloat16,False,False,torch,0,0,262.3632,native,0.0,987.85,716.36
gfx950,256,2261,3072,512,False,torch.bfloat16,torch.bfloat16,False,False,flydsl,91,1,12.6791,flydsl_gemm2_abf16_wbf16_bf16_t128x128x64_split_k1_block_m_warp4_block_n_warp4_block_k_warp1_async_copyTrue_b_to_ldsTrue_b_preshuffleFalse_c_to_ldsFalse_gfx950,0.0,560.96,1526.34
gfx950,256,2264,1536,128,False,torch.bfloat16,torch.bfloat16,False,False,flydsl,140,1,4.9619,flydsl_gemm2_abf16_wbf16_bf16_t128x64x64_split_k1_block_m_warp4_block_n_warp1_block_k_warp1_async_copyTrue_b_to_ldsTrue_b_preshuffleFalse_c_to_ldsFalse_gfx950,0.0,179.42,1597.74
gfx950,256,2264,3584,7168,False,torch.bfloat16,torch.bfloat16,False,False,flydsl,3038,1,117.5598,flydsl_gemm3_abf16_wbf16_bf16_t256x128x64_split_k1_block_m_warp4_block_n_warp2_block_k_warp2_async_copyTrue_b_to_ldsTrue_b_preshuffleFalse_c_to_ldsFalse_gfx950,0.006,989.49,851.19
gfx950,256,2273,3072,512,False,torch.bfloat16,torch.bfloat16,False,False,flydsl,75,1,13.0494,flydsl_gemm2_abf16_wbf16_bf16_t128x128x64_split_k1_block_m_warp1_block_n_warp4_block_k_warp1_async_copyTrue_b_to_ldsTrue_b_preshuffleFalse_c_to_ldsFalse_gfx950,0.0,547.94,1489.62
gfx950,256,2282,1536,128,False,torch.bfloat16,torch.bfloat16,False,False,flydsl,140,1,5.0162,flydsl_gemm2_abf16_wbf16_bf16_t128x64x64_split_k1_block_m_warp4_block_n_warp1_block_k_warp1_async_copyTrue_b_to_ldsTrue_b_preshuffleFalse_c_to_ldsFalse_gfx950,0.0,178.88,1592.38
gfx950,256,2282,1536,7168,False,torch.bfloat16,torch.bfloat16,False,False,flydsl,4304,1,71.3699,flydsl_gemm4_abf16_wbf16_bf16_t128x128x64_split_k1_block_m_warp2_block_n_warp4_block_k_warp1_async_copyTrue_b_to_ldsTrue_b_preshuffleFalse_c_to_ldsFalse_gfx950,0.0,704.08,865.14
gfx950,256,2282,3584,7168,False,torch.bfloat16,torch.bfloat16,False,False,flydsl,3037,1,119.9291,flydsl_gemm3_abf16_wbf16_bf16_t256x128x64_split_k1_block_m_warp4_block_n_warp2_block_k_warp1_async_copyTrue_b_to_ldsTrue_b_preshuffleFalse_c_to_ldsFalse_gfx950,0.0,977.66,837.6
gfx950,256,2282,7168,768,False,torch.bfloat16,torch.bfloat16,False,False,asm,10,1,28.7225,_ZN5aiter24bf16gemm_bf16_tn_256x256E,0.0,874.75,1644.35
gfx950,256,2300,1536,128,False,torch.bfloat16,torch.bfloat16,False,False,flydsl,137,1,4.9842,flydsl_gemm2_abf16_wbf16_bf16_t128x64x64_split_k1_block_m_warp2_block_n_warp2_block_k_warp1_async_copyTrue_b_to_ldsTrue_b_preshuffleFalse_c_to_ldsFalse_gfx950,0.0,181.45,1614.63
gfx950,256,2300,3072,512,False,torch.bfloat16,torch.bfloat16,False,False,flydsl,91,1,12.8135,flydsl_gemm2_abf16_wbf16_bf16_t128x128x64_split_k1_block_m_warp4_block_n_warp4_block_k_warp1_async_copyTrue_b_to_ldsTrue_b_preshuffleFalse_c_to_ldsFalse_gfx950,0.0,564.65,1532.14
gfx950,256,2300,3584,7168,False,torch.bfloat16,torch.bfloat16,False,False,flydsl,3038,1,116.8751,flydsl_gemm3_abf16_wbf16_bf16_t256x128x64_split_k1_block_m_warp4_block_n_warp2_block_k_warp2_async_copyTrue_b_to_ldsTrue_b_preshuffleFalse_c_to_ldsFalse_gfx950,0.006,1011.12,862.8
gfx950,256,2300,7168,768,False,torch.bfloat16,torch.bfloat16,False,False,asm,10,1,28.8104,_ZN5aiter24bf16gemm_bf16_tn_256x256E,0.0,878.96,1649.25
gfx950,256,2431,1536,128,False,torch.bfloat16,torch.bfloat16,False,False,flydsl,139,1,5.3861,flydsl_gemm2_abf16_wbf16_bf16_t128x64x64_split_k1_block_m_warp2_block_n_warp4_block_k_warp1_async_copyTrue_b_to_ldsTrue_b_preshuffleFalse_c_to_ldsFalse_gfx950,0.0,177.48,1575.09
gfx950,256,2431,1536,7168,False,torch.bfloat16,torch.bfloat16,False,False,flydsl,4307,1,71.9393,flydsl_gemm4_abf16_wbf16_bf16_t128x128x64_split_k1_block_m_warp4_block_n_warp1_block_k_warp2_async_copyTrue_b_to_ldsTrue_b_preshuffleFalse_c_to_ldsFalse_gfx950,0.006,744.11,894.35
gfx950,256,2431,2112,7168,False,torch.bfloat16,torch.bfloat16,False,False,torch,0,0,85.781,native,0.0,858.06,878.95
gfx950,256,2431,2304,1536,False,torch.bfloat16,torch.bfloat16,False,False,torch,0,0,26.5735,native,0.0,647.5,968.93
gfx950,256,2431,3072,512,False,torch.bfloat16,torch.bfloat16,False,False,flydsl,91,1,13.7993,flydsl_gemm2_abf16_wbf16_bf16_t128x128x64_split_k1_block_m_warp4_block_n_warp4_block_k_warp1_async_copyTrue_b_to_ldsTrue_b_preshuffleFalse_c_to_ldsFalse_gfx950,0.0,554.18,1490.74
gfx950,256,2431,3584,7168,False,torch.bfloat16,torch.bfloat16,False,False,torch,0,0,118.6821,native,0.0,1052.44,873.4
gfx950,256,2431,6288,7168,False,torch.bfloat16,torch.bfloat16,False,False,torch,0,0,181.6797,native,0.0,1206.2,856.28
gfx950,256,2431,7168,768,False,torch.bfloat16,torch.bfloat16,False,False,torch,0,0,40.3561,native,0.0,663.23,1228.93
gfx950,256,2431,7168,1536,False,torch.bfloat16,torch.bfloat16,False,False,torch,0,0,68.1471,native,0.0,785.52,944.12
gfx950,256,2431,7168,4224,False,torch.bfloat16,torch.bfloat16,False,False,torch,0,0,138.4592,native,0.0,1063.2,837.38
gfx950,256,2431,7168,35840,False,torch.bfloat16,torch.bfloat16,False,False,torch,0,0,1042.1699,native,0.0,1198.51,693.66
gfx950,256,2431,8448,7168,False,torch.bfloat16,torch.bfloat16,False,False,torch,0,0,252.2277,native,0.0,1167.28,781.18
gfx950,256,2489,1536,128,False,torch.bfloat16,torch.bfloat16,False,False,flydsl,137,1,5.1534,flydsl_gemm2_abf16_wbf16_bf16_t128x64x64_split_k1_block_m_warp2_block_n_warp2_block_k_warp1_async_copyTrue_b_to_ldsTrue_b_preshuffleFalse_c_to_ldsFalse_gfx950,0.0,189.92,1683.67
gfx950,256,2489,1536,7168,False,torch.bfloat16,torch.bfloat16,False,False,flydsl,4310,1,73.086,flydsl_gemm4_abf16_wbf16_bf16_t128x128x64_split_k1_block_m_warp4_block_n_warp2_block_k_warp2_async_copyTrue_b_to_ldsTrue_b_preshuffleFalse_c_to_ldsFalse_gfx950,0.006,749.91,894.13
gfx950,256,2489,7168,768,False,torch.bfloat16,torch.bfloat16,False,False,asm,10,1,41.4925,_ZN5aiter24bf16gemm_bf16_tn_256x256E,0.0,660.46,1217.46
gfx950,256,2492,1536,128,False,torch.bfloat16,torch.bfloat16,False,False,flydsl,665,1,5.3812,flydsl_gemm2_abf16_wbf16_bf16_t96x64x64_split_k1_block_m_warp2_block_n_warp2_block_k_warp1_async_copyTrue_b_to_ldsTrue_b_preshuffleFalse_c_to_ldsFalse_gfx950,0.0,182.1,1614.25
gfx950,256,2492,1536,7168,False,torch.bfloat16,torch.bfloat16,False,False,flydsl,4296,1,72.5499,flydsl_gemm4_abf16_wbf16_bf16_t128x128x64_split_k1_block_m_warp1_block_n_warp4_block_k_warp2_async_copyTrue_b_to_ldsTrue_b_preshuffleFalse_c_to_ldsFalse_gfx950,0.006,756.36,901.46
gfx950,256,2492,2112,7168,False,torch.bfloat16,torch.bfloat16,False,False,torch,0,0,89.1844,native,0.0,846.02,858.1
gfx950,256,2492,2304,1536,False,torch.bfloat16,torch.bfloat16,False,False,torch,0,0,25.2884,native,0.0,697.48,1036.7
gfx950,256,2492,2880,7168,False,torch.bfloat16,torch.bfloat16,False,False,torch,0,0,115.2039,native,0.0,893.1,793.09
gfx950,256,2492,3072,512,False,torch.bfloat16,torch.bfloat16,False,False,flydsl,75,1,13.8038,flydsl_gemm2_abf16_wbf16_bf16_t128x128x64_split_k1_block_m_warp1_block_n_warp4_block_k_warp1_async_copyTrue_b_to_ldsTrue_b_preshuffleFalse_c_to_ldsFalse_gfx950,0.0,567.9,1521.93
gfx950,256,2492,3584,7168,False,torch.bfloat16,torch.bfloat16,False,False,torch,0,0,120.1884,native,0.0,1065.32,873.36
gfx950,256,2492,6288,7168,False,torch.bfloat16,torch.bfloat16,False,False,torch,0,0,175.37,native,0.0,1280.95,896.44
gfx950,256,2492,7168,768,False,torch.bfloat16,torch.bfloat16,False,False,asm,10,1,40.8143,_ZN5aiter24bf16gemm_bf16_tn_256x256E,0.0,672.24,1238.86
gfx950,256,2492,7168,1536,False,torch.bfloat16,torch.bfloat16,False,False,torch,0,0,66.2768,native,0.0,827.95,986.78
gfx950,256,2492,7168,4224,False,torch.bfloat16,torch.bfloat16,False,False,torch,0,0,141.5675,native,0.0,1065.95,828.81
gfx950,256,2492,7168,35840,False,torch.bfloat16,torch.bfloat16,False,False,torch,0,0,1036.8382,native,0.0,1234.9,702.28
gfx950,256,2492,8448,7168,False,torch.bfloat16,torch.bfloat16,False,False,torch,0,0,253.2927,native,0.0,1191.54,785.42
gfx950,256,2535,1536,128,False,torch.bfloat16,torch.bfloat16,False,False,flydsl,137,1,5.2242,flydsl_gemm2_abf16_wbf16_bf16_t128x64x64_split_k1_block_m_warp2_block_n_warp2_block_k_warp1_async_copyTrue_b_to_ldsTrue_b_preshuffleFalse_c_to_ldsFalse_gfx950,0.0,190.8,1690.15
gfx950,256,2535,1536,7168,False,torch.bfloat16,torch.bfloat16,False,False,flydsl,4296,1,72.2487,flydsl_gemm4_abf16_wbf16_bf16_t128x128x64_split_k1_block_m_warp1_block_n_warp4_block_k_warp2_async_copyTrue_b_to_ldsTrue_b_preshuffleFalse_c_to_ldsFalse_gfx950,0.006,772.62,915.58
gfx950,256,2535,3072,512,False,torch.bfloat16,torch.bfloat16,False,False,flydsl,2091,1,13.9715,flydsl_gemm3_abf16_wbf16_bf16_t256x128x64_split_k1_block_m_warp4_block_n_warp4_block_k_warp1_async_copyTrue_b_to_ldsTrue_b_preshuffleFalse_c_to_ldsFalse_gfx950,0.0,570.76,1525.72
gfx950,256,2535,7168,768,False,torch.bfloat16,torch.bfloat16,False,False,asm,10,1,42.9333,_ZN5aiter24bf16gemm_bf16_tn_256x256E,0.0,650.09,1193.61
gfx950,256,2550,1536,128,False,torch.bfloat16,torch.bfloat16,False,False,flydsl,140,1,5.2912,flydsl_gemm2_abf16_wbf16_bf16_t128x64x64_split_k1_block_m_warp4_block_n_warp1_block_k_warp1_async_copyTrue_b_to_ldsTrue_b_preshuffleFalse_c_to_ldsFalse_gfx950,0.0,189.5,1678.19
gfx950,256,2550,1536,7168,False,torch.bfloat16,torch.bfloat16,False,False,flydsl,4310,1,72.8455,flydsl_gemm4_abf16_wbf16_bf16_t128x128x64_split_k1_block_m_warp4_block_n_warp2_block_k_warp2_async_copyTrue_b_to_ldsTrue_b_preshuffleFalse_c_to_ldsFalse_gfx950,0.006,770.83,911.66
gfx950,256,2550,2112,7168,False,torch.bfloat16,torch.bfloat16,False,False,torch,0,0,92.293,native,0.0,836.55,840.86
gfx950,256,2550,2304,1536,False,torch.bfloat16,torch.bfloat16,False,False,torch,0,0,27.1729,native,0.0,664.21,981.19
gfx950,256,2550,2880,7168,False,torch.bfloat16,torch.bfloat16,False,False,torch,0,0,117.6912,native,0.0,894.57,786.23
gfx950,256,2550,3072,512,False,torch.bfloat16,torch.bfloat16,False,False,flydsl,91,1,14.1081,flydsl_gemm2_abf16_wbf16_bf16_t128x128x64_split_k1_block_m_warp4_block_n_warp4_block_k_warp1_async_copyTrue_b_to_ldsTrue_b_preshuffleFalse_c_to_ldsFalse_gfx950,0.0,568.58,1518.57
gfx950,256,2550,3584,7168,False,torch.bfloat16,torch.bfloat16,False,False,torch,0,0,119.1841,native,0.0,1099.3,891.19
gfx950,256,2550,6288,7168,False,torch.bfloat16,torch.bfloat16,False,False,torch,0,0,175.7645,native,0.0,1307.82,903.31
gfx950,256,2550,7168,768,False,torch.bfloat16,torch.bfloat16,False,False,asm,10,1,42.1386,_ZN5aiter24bf16gemm_bf16_tn_256x256E,0.0,666.27,1221.77
gfx950,256,2550,7168,1536,False,torch.bfloat16,torch.bfloat16,False,False,asm,10,1,68.6125,_ZN5aiter24bf16gemm_bf16_tn_256x256E,0.0,818.38,967.91
gfx950,256,2550,7168,4224,False,torch.bfloat16,torch.bfloat16,False,False,torch,0,0,144.8368,native,0.0,1066.14,819.23
gfx950,256,2550,7168,35840,False,torch.bfloat16,torch.bfloat16,False,False,torch,0,0,1034.9038,native,0.0,1266.01,708.42
gfx950,256,2550,8448,7168,False,torch.bfloat16,torch.bfloat16,False,False,torch,0,0,270.7679,native,0.0,1140.58,741.42
gfx950,256,2555,1536,128,False,torch.bfloat16,torch.bfloat16,False,False,flydsl,442,1,5.3511,flydsl_gemm2_abf16_wbf16_bf16_t64x128x64_split_k1_block_m_warp2_block_n_warp2_block_k_warp1_async_copyTrue_b_to_ldsTrue_b_preshuffleFalse_c_to_ldsFalse_gfx950,0.0,187.75,1662.51
gfx950,256,2555,1536,7168,False,torch.bfloat16,torch.bfloat16,False,False,flydsl,4296,1,74.0629,flydsl_gemm4_abf16_wbf16_bf16_t128x128x64_split_k1_block_m_warp1_block_n_warp4_block_k_warp2_async_copyTrue_b_to_ldsTrue_b_preshuffleFalse_c_to_ldsFalse_gfx950,0.006,759.64,897.85
gfx950,256,2555,2112,7168,False,torch.bfloat16,torch.bfloat16,False,False,torch,0,0,92.0437,native,0.0,840.46,844.15
gfx950,256,2555,2304,1536,False,torch.bfloat16,torch.bfloat16,False,False,torch,0,0,25.8611,native,0.0,699.27,1032.45
gfx950,256,2555,2880,7168,False,torch.bfloat16,torch.bfloat16,False,False,torch,0,0,113.077,native,0.0,932.9,819.2
gfx950,256,2555,3072,512,False,torch.bfloat16,torch.bfloat16,False,False,flydsl,89,1,14.0007,flydsl_gemm2_abf16_wbf16_bf16_t128x128x64_split_k1_block_m_warp4_block_n_warp2_block_k_warp1_async_copyTrue_b_to_ldsTrue_b_preshuffleFalse_c_to_ldsFalse_gfx950,0.0,574.07,1532.78
gfx950,256,2555,3584,7168,False,torch.bfloat16,torch.bfloat16,False,False,torch,0,0,122.435,native,0.0,1072.21,868.4
gfx950,256,2555,6288,7168,False,torch.bfloat16,torch.bfloat16,False,False,torch,0,0,175.7364,native,0.0,1310.6,904.22
gfx950,256,2555,7168,768,False,torch.bfloat16,torch.bfloat16,False,False,asm,10,1,42.1361,_ZN5aiter24bf16gemm_bf16_tn_256x256E,0.0,667.61,1223.73
gfx950,256,2555,7168,1536,False,torch.bfloat16,torch.bfloat16,False,False,torch,0,0,68.4496,native,0.0,821.94,971.48
gfx950,256,2555,7168,4224,False,torch.bfloat16,torch.bfloat16,False,False,torch,0,0,149.5857,native,0.0,1034.31,793.98
gfx950,256,2555,7168,35840,False,torch.bfloat16,torch.bfloat16,False,False,torch,0,0,1038.7053,native,0.0,1263.85,706.24
gfx950,256,2555,8448,7168,False,torch.bfloat16,torch.bfloat16,False,False,torch,0,0,273.4921,native,0.0,1131.43,734.6
gfx950,256,2609,1536,128,False,torch.bfloat16,torch.bfloat16,False,False,flydsl,447,1,5.3512,flydsl_gemm2_abf16_wbf16_bf16_t64x128x64_split_k1_block_m_warp4_block_n_warp2_block_k_warp1_async_copyTrue_b_to_ldsTrue_b_preshuffleFalse_c_to_ldsFalse_gfx950,0.0,191.71,1696.06
gfx950,256,2609,1536,7168,False,torch.bfloat16,torch.bfloat16,False,False,flydsl,4305,1,74.6428,flydsl_gemm4_abf16_wbf16_bf16_t128x128x64_split_k1_block_m_warp2_block_n_warp4_block_k_warp2_async_copyTrue_b_to_ldsTrue_b_preshuffleFalse_c_to_ldsFalse_gfx950,0.006,769.67,903.47
gfx950,256,2609,3072,512,False,torch.bfloat16,torch.bfloat16,False,False,flydsl,89,1,14.2383,flydsl_gemm2_abf16_wbf16_bf16_t128x128x64_split_k1_block_m_warp4_block_n_warp2_block_k_warp1_async_copyTrue_b_to_ldsTrue_b_preshuffleFalse_c_to_ldsFalse_gfx950,0.0,576.42,1534.39
gfx950,256,2609,3584,7168,False,torch.bfloat16,torch.bfloat16,False,False,asm,10,1,136.2338,_ZN5aiter24bf16gemm_bf16_tn_256x256E,0.0,983.98,788.97
gfx950,256,2609,8448,7168,False,torch.bfloat16,torch.bfloat16,False,False,asm,10,1,291.2672,_ZN5aiter24bf16gemm_bf16_tn_256x256E,0.0,1084.84,695.56
gfx950,256,2780,1536,128,False,torch.bfloat16,torch.bfloat16,False,False,flydsl,662,1,5.5911,flydsl_gemm2_abf16_wbf16_bf16_t96x64x64_split_k1_block_m_warp1_block_n_warp4_block_k_warp1_async_copyTrue_b_to_ldsTrue_b_preshuffleFalse_c_to_ldsFalse_gfx950,0.0,195.51,1725.07
gfx950,256,2780,1536,7168,False,torch.bfloat16,torch.bfloat16,False,False,flydsl,4056,1,92.8482,flydsl_gemm3_abf16_wbf16_bf16_t80x128x64_split_k1_block_m_warp1_block_n_warp2_block_k_warp1_async_copyTrue_b_to_ldsTrue_b_preshuffleFalse_c_to_ldsFalse_gfx950,0.0,659.31,758.38
gfx950,256,2780,2304,1536,False,torch.bfloat16,torch.bfloat16,False,False,flydsl,3895,1,29.3216,flydsl_gemm3_abf16_wbf16_bf16_t256x128x64_split_k1_block_m_warp4_block_n_warp4_block_k_warp1_async_copyTrue_b_to_ldsTrue_b_preshuffleFalse_c_to_ldsFalse_gfx950,0.0,671.06,969.53
gfx950,256,2830,1536,128,False,torch.bfloat16,torch.bfloat16,False,False,flydsl,665,1,5.557,flydsl_gemm2_abf16_wbf16_bf16_t96x64x64_split_k1_block_m_warp2_block_n_warp2_block_k_warp1_async_copyTrue_b_to_ldsTrue_b_preshuffleFalse_c_to_ldsFalse_gfx950,0.0,200.25,1765.6
gfx950,256,2830,1536,7168,False,torch.bfloat16,torch.bfloat16,False,False,flydsl,4056,1,93.8801,flydsl_gemm3_abf16_wbf16_bf16_t80x128x64_split_k1_block_m_warp1_block_n_warp2_block_k_warp1_async_copyTrue_b_to_ldsTrue_b_preshuffleFalse_c_to_ldsFalse_gfx950,0.0,663.79,759.32
gfx950,256,2830,2304,1536,False,torch.bfloat16,torch.bfloat16,False,False,flydsl,3895,1,29.942,flydsl_gemm3_abf16_wbf16_bf16_t256x128x64_split_k1_block_m_warp4_block_n_warp4_block_k_warp1_async_copyTrue_b_to_ldsTrue_b_preshuffleFalse_c_to_ldsFalse_gfx950,0.0,668.97,962.27
gfx950,256,3001,1536,128,False,torch.bfloat16,torch.bfloat16,False,False,flydsl,619,1,6.0705,flydsl_gemm2_abf16_wbf16_bf16_t96x128x64_split_k1_block_m_warp1_block_n_warp4_block_k_warp1_async_copyTrue_b_to_ldsTrue_b_preshuffleFalse_c_to_ldsFalse_gfx950,0.0,194.39,1710.0
gfx950,256,3001,1536,7168,False,torch.bfloat16,torch.bfloat16,False,False,torch,0,0,76.9217,native,0.0,859.09,965.42
gfx950,256,3001,2112,7168,False,torch.bfloat16,torch.bfloat16,False,False,torch,0,0,111.203,native,0.0,817.09,773.15
gfx950,256,3001,2304,1536,False,torch.bfloat16,torch.bfloat16,False,False,torch,0,0,28.2875,native,0.0,750.89,1064.98
gfx950,256,3001,2880,7168,False,torch.bfloat16,torch.bfloat16,False,False,torch,0,0,115.0886,native,0.0,1076.6,882.76
gfx950,256,3001,3072,512,False,torch.bfloat16,torch.bfloat16,False,False,torch,0,0,16.7991,native,0.0,561.95,1467.75
gfx950,256,3001,3584,7168,False,torch.bfloat16,torch.bfloat16,False,False,torch,0,0,135.2915,native,0.0,1139.7,856.77
gfx950,256,3001,6288,7168,False,torch.bfloat16,torch.bfloat16,False,False,torch,0,0,245.2971,native,0.0,1102.84,696.74
gfx950,256,3001,7168,768,False,torch.bfloat16,torch.bfloat16,False,False,asm,10,1,47.4247,_ZN5aiter24bf16gemm_bf16_tn_256x256E,0.0,696.71,1236.53
gfx950,256,3001,7168,1536,False,torch.bfloat16,torch.bfloat16,False,False,asm,10,1,76.9083,_ZN5aiter24bf16gemm_bf16_tn_256x256E,0.0,859.24,965.59
gfx950,256,3001,7168,4224,False,torch.bfloat16,torch.bfloat16,False,False,torch,0,0,163.9889,native,0.0,1108.16,786.21
gfx950,256,3001,7168,35840,False,torch.bfloat16,torch.bfloat16,False,False,torch,0,0,1184.4654,native,0.0,1301.79,651.72
gfx950,256,3001,8448,7168,False,torch.bfloat16,torch.bfloat16,False,False,asm,10,1,289.1547,_ZN5aiter24bf16gemm_bf16_tn_256x256E,0.0,1256.95,742.99
gfx950,256,3072,1536,128,False,torch.bfloat16,torch.bfloat16,False,False,flydsl,660,1,5.9716,flydsl_gemm2_abf16_wbf16_bf16_t96x64x64_split_k1_block_m_warp1_block_n_warp2_block_k_warp1_async_copyTrue_b_to_ldsTrue_b_preshuffleFalse_c_to_ldsFalse_gfx950,0.0,202.28,1777.89
gfx950,256,3072,2304,1536,False,torch.bfloat16,torch.bfloat16,False,False,flydsl,3889,1,30.2208,flydsl_gemm3_abf16_wbf16_bf16_t256x128x64_split_k1_block_m_warp2_block_n_warp4_block_k_warp1_async_copyTrue_b_to_ldsTrue_b_preshuffleFalse_c_to_ldsFalse_gfx950,0.0,719.48,1014.89
gfx950,256,3072,8448,7168,False,torch.bfloat16,torch.bfloat16,False,False,asm,10,1,296.5781,_ZN5aiter24bf16gemm_bf16_tn_256x256E,0.0,1254.48,731.87
gfx950,256,3075,1536,128,False,torch.bfloat16,torch.bfloat16,False,False,flydsl,622,1,6.0276,flydsl_gemm2_abf16_wbf16_bf16_t96x128x64_split_k1_block_m_warp2_block_n_warp2_block_k_warp1_async_copyTrue_b_to_ldsTrue_b_preshuffleFalse_c_to_ldsFalse_gfx950,0.0,200.6,1763.03
gfx950,256,3075,1536,7168,False,torch.bfloat16,torch.bfloat16,False,False,flydsl,4056,1,98.5401,flydsl_gemm3_abf16_wbf16_bf16_t80x128x64_split_k1_block_m_warp1_block_n_warp2_block_k_warp1_async_copyTrue_b_to_ldsTrue_b_preshuffleFalse_c_to_ldsFalse_gfx950,0.0,687.15,766.69
gfx950,256,3075,3584,7168,False,torch.bfloat16,torch.bfloat16,False,False,asm,10,1,148.2426,_ZN5aiter24bf16gemm_bf16_tn_256x256E,0.0,1065.78,792.65
gfx950,256,3075,7168,768,False,torch.bfloat16,torch.bfloat16,False,False,asm,10,1,48.6695,_ZN5aiter24bf16gemm_bf16_tn_256x256E,0.0,695.63,1229.03
gfx950,256,3075,7168,1536,False,torch.bfloat16,torch.bfloat16,False,False,asm,10,1,80.1347,_ZN5aiter24bf16gemm_bf16_tn_256x256E,0.0,844.97,942.78
gfx950,256,3075,7168,3584,False,torch.bfloat16,torch.bfloat16,False,False,asm,10,1,151.144,_ZN5aiter24bf16gemm_bf16_tn_256x256E,0.0,1045.32,777.44
gfx950,256,3075,7168,4224,False,torch.bfloat16,torch.bfloat16,False,False,asm,10,1,170.8602,_ZN5aiter24bf16gemm_bf16_tn_256x256E,0.0,1089.82,764.46
gfx950,256,3075,7168,35840,False,torch.bfloat16,torch.bfloat16,False,False,asm,10,1,1354.7724,_ZN5aiter24bf16gemm_bf16_tn_256x256E,0.0,1166.2,574.49
gfx950,256,3075,8448,7168,False,torch.bfloat16,torch.bfloat16,False,False,asm,10,1,302.0753,_ZN5aiter24bf16gemm_bf16_tn_256x256E,0.0,1232.85,718.86
gfx950,256,3078,1536,128,False,torch.bfloat16,torch.bfloat16,False,False,flydsl,140,1,5.9788,flydsl_gemm2_abf16_wbf16_bf16_t128x64x64_split_k1_block_m_warp4_block_n_warp1_block_k_warp1_async_copyTrue_b_to_ldsTrue_b_preshuffleFalse_c_to_ldsFalse_gfx950,0.0,202.44,1779.09
gfx950,256,3078,1536,7168,False,torch.bfloat16,torch.bfloat16,False,False,flydsl,4056,1,96.2576,flydsl_gemm3_abf16_wbf16_bf16_t80x128x64_split_k1_block_m_warp1_block_n_warp2_block_k_warp1_async_copyTrue_b_to_ldsTrue_b_preshuffleFalse_c_to_ldsFalse_gfx950,0.0,704.13,785.41
gfx950,256,3078,3584,7168,False,torch.bfloat16,torch.bfloat16,False,False,asm,10,1,149.745,_ZN5aiter24bf16gemm_bf16_tn_256x256E,0.0,1056.12,785.13
gfx950,256,3078,7168,768,False,torch.bfloat16,torch.bfloat16,False,False,asm,10,1,49.7468,_ZN5aiter24bf16gemm_bf16_tn_256x256E,0.0,681.23,1203.38
gfx950,256,3078,7168,1536,False,torch.bfloat16,torch.bfloat16,False,False,asm,10,1,81.8631,_ZN5aiter24bf16gemm_bf16_tn_256x256E,0.0,827.94,923.52
gfx950,256,3078,7168,3584,False,torch.bfloat16,torch.bfloat16,False,False,asm,10,1,155.2048,_ZN5aiter24bf16gemm_bf16_tn_256x256E,0.0,1018.97,757.51
gfx950,256,3078,7168,4224,False,torch.bfloat16,torch.bfloat16,False,False,asm,10,1,174.5914,_ZN5aiter24bf16gemm_bf16_tn_256x256E,0.0,1067.57,748.52
gfx950,256,3078,7168,35840,False,torch.bfloat16,torch.bfloat16,False,False,asm,10,1,1378.1585,_ZN5aiter24bf16gemm_bf16_tn_256x256E,0.0,1147.53,564.93
gfx950,256,3078,8448,7168,False,torch.bfloat16,torch.bfloat16,False,False,asm,10,1,305.84,_ZN5aiter24bf16gemm_bf16_tn_256x256E,0.0,1218.87,710.31
gfx950,256,3081,1536,128,False,torch.bfloat16,torch.bfloat16,False,False,flydsl,619,1,5.9904,flydsl_gemm2_abf16_wbf16_bf16_t96x128x64_split_k1_block_m_warp1_block_n_warp4_block_k_warp1_async_copyTrue_b_to_ldsTrue_b_preshuffleFalse_c_to_ldsFalse_gfx950,0.0,202.24,1777.31
gfx950,256,3081,1536,7168,False,torch.bfloat16,torch.bfloat16,False,False,flydsl,4056,1,98.3765,flydsl_gemm3_abf16_wbf16_bf16_t80x128x64_split_k1_block_m_warp1_block_n_warp2_block_k_warp1_async_copyTrue_b_to_ldsTrue_b_preshuffleFalse_c_to_ldsFalse_gfx950,0.0,689.64,769.03
gfx950,256,3081,3584,7168,False,torch.bfloat16,torch.bfloat16,False,False,asm,10,1,149.1482,_ZN5aiter24bf16gemm_bf16_tn_256x256E,0.0,1061.38,788.71
gfx950,256,3081,7168,768,False,torch.bfloat16,torch.bfloat16,False,False,asm,10,1,49.4822,_ZN5aiter24bf16gemm_bf16_tn_256x256E,0.0,685.54,1210.77
gfx950,256,3081,7168,1536,False,torch.bfloat16,torch.bfloat16,False,False,asm,10,1,79.4151,_ZN5aiter24bf16gemm_bf16_tn_256x256E,0.0,854.29,952.64
gfx950,256,3081,7168,3584,False,torch.bfloat16,torch.bfloat16,False,False,asm,10,1,151.3591,_ZN5aiter24bf16gemm_bf16_tn_256x256E,0.0,1045.87,777.19
gfx950,256,3081,7168,4224,False,torch.bfloat16,torch.bfloat16,False,False,asm,10,1,176.8739,_ZN5aiter24bf16gemm_bf16_tn_256x256E,0.0,1054.82,739.24
gfx950,256,3081,7168,35840,False,torch.bfloat16,torch.bfloat16,False,False,asm,10,1,1367.6188,_ZN5aiter24bf16gemm_bf16_tn_256x256E,0.0,1157.5,569.47
gfx950,256,3081,8448,7168,False,torch.bfloat16,torch.bfloat16,False,False,asm,10,1,297.9128,_ZN5aiter24bf16gemm_bf16_tn_256x256E,0.0,1252.52,729.53
gfx950,256,3084,1536,128,False,torch.bfloat16,torch.bfloat16,False,False,flydsl,619,1,6.0211,flydsl_gemm2_abf16_wbf16_bf16_t96x128x64_split_k1_block_m_warp1_block_n_warp4_block_k_warp1_async_copyTrue_b_to_ldsTrue_b_preshuffleFalse_c_to_ldsFalse_gfx950,0.0,201.4,1769.9
gfx950,256,3084,3584,7168,False,torch.bfloat16,torch.bfloat16,False,False,asm,10,1,146.5898,_ZN5aiter24bf16gemm_bf16_tn_256x256E,0.0,1080.95,802.91
gfx950,256,3084,7168,768,False,torch.bfloat16,torch.bfloat16,False,False,asm,10,1,48.8657,_ZN5aiter24bf16gemm_bf16_tn_256x256E,0.0,694.86,1227.02
gfx950,256,3084,7168,1536,False,torch.bfloat16,torch.bfloat16,False,False,asm,10,1,77.5439,_ZN5aiter24bf16gemm_bf16_tn_256x256E,0.0,875.76,976.3
gfx950,256,3084,7168,3584,False,torch.bfloat16,torch.bfloat16,False,False,asm,10,1,152.534,_ZN5aiter24bf16gemm_bf16_tn_256x256E,0.0,1038.83,771.62
gfx950,256,3084,7168,4224,False,torch.bfloat16,torch.bfloat16,False,False,asm,10,1,176.4753,_ZN5aiter24bf16gemm_bf16_tn_256x256E,0.0,1058.24,741.3
gfx950,256,3084,7168,35840,False,torch.bfloat16,torch.bfloat16,False,False,asm,10,1,1354.766,_ZN5aiter24bf16gemm_bf16_tn_256x256E,0.0,1169.62,575.06
gfx950,256,3084,8448,7168,False,torch.bfloat16,torch.bfloat16,False,False,asm,10,1,298.5938,_ZN5aiter24bf16gemm_bf16_tn_256x256E,0.0,1250.88,728.18
gfx950,256,3162,1536,128,False,torch.bfloat16,torch.bfloat16,False,False,flydsl,140,1,6.1206,flydsl_gemm2_abf16_wbf16_bf16_t128x64x64_split_k1_block_m_warp4_block_n_warp1_block_k_warp1_async_copyTrue_b_to_ldsTrue_b_preshuffleFalse_c_to_ldsFalse_gfx950,0.0,203.14,1783.54
gfx950,256,3162,1536,7168,False,torch.bfloat16,torch.bfloat16,False,False,torch,0,0,86.6598,native,0.0,803.46,889.27
gfx950,256,3162,2112,7168,False,torch.bfloat16,torch.bfloat16,False,False,torch,0,0,110.1076,native,0.0,869.49,807.98
gfx950,256,3162,2304,1536,False,torch.bfloat16,torch.bfloat16,False,False,torch,0,0,29.5163,native,0.0,758.23,1062.53
gfx950,256,3162,2880,7168,False,torch.bfloat16,torch.bfloat16,False,False,torch,0,0,119.7449,native,0.0,1090.25,875.45
gfx950,256,3162,3072,512,False,torch.bfloat16,torch.bfloat16,False,False,torch,0,0,16.6266,native,0.0,598.25,1552.39
gfx950,256,3162,3584,7168,False,torch.bfloat16,torch.bfloat16,False,False,asm,10,1,146.546,_ZN5aiter24bf16gemm_bf16_tn_256x256E,0.0,1108.62,814.6
gfx950,256,3162,6288,7168,False,torch.bfloat16,torch.bfloat16,False,False,torch,0,0,245.406,native,0.0,1161.49,714.08
gfx950,256,3162,7168,768,False,torch.bfloat16,torch.bfloat16,False,False,torch,0,0,47.9652,native,0.0,725.81,1275.87
gfx950,256,3162,7168,1536,False,torch.bfloat16,torch.bfloat16,False,False,asm,10,1,77.9789,_ZN5aiter24bf16gemm_bf16_tn_256x256E,0.0,892.9,988.27
gfx950,256,3162,7168,4224,False,torch.bfloat16,torch.bfloat16,False,False,torch,0,0,170.6833,native,0.0,1121.82,776.87
gfx950,256,3162,7168,35840,False,torch.bfloat16,torch.bfloat16,False,False,asm,10,1,1326.9415,_ZN5aiter24bf16gemm_bf16_tn_256x256E,0.0,1224.35,592.18
gfx950,256,3162,8448,7168,False,torch.bfloat16,torch.bfloat16,False,False,asm,10,1,295.103,_ZN5aiter24bf16gemm_bf16_tn_256x256E,0.0,1297.69,745.05
gfx950,256,3167,1536,128,False,torch.bfloat16,torch.bfloat16,False,False,flydsl,619,1,6.065,flydsl_gemm2_abf16_wbf16_bf16_t96x128x64_split_k1_block_m_warp1_block_n_warp4_block_k_warp1_async_copyTrue_b_to_ldsTrue_b_preshuffleFalse_c_to_ldsFalse_gfx950,0.0,205.33,1802.64
gfx950,256,3167,8448,7168,False,torch.bfloat16,torch.bfloat16,False,False,asm,10,1,302.1741,_ZN5aiter24bf16gemm_bf16_tn_256x256E,0.0,1269.32,728.13
gfx950,256,3325,1536,128,False,torch.bfloat16,torch.bfloat16,False,False,flydsl,619,1,6.2225,flydsl_gemm2_abf16_wbf16_bf16_t96x128x64_split_k1_block_m_warp1_block_n_warp4_block_k_warp1_async_copyTrue_b_to_ldsTrue_b_preshuffleFalse_c_to_ldsFalse_gfx950,0.0,210.12,1841.51
gfx950,256,3325,7168,768,False,torch.bfloat16,torch.bfloat16,False,False,asm,10,1,50.4709,_ZN5aiter24bf16gemm_bf16_tn_256x256E,0.0,725.34,1263.79
gfx950,256,3325,7168,3584,False,torch.bfloat16,torch.bfloat16,False,False,asm,10,1,152.5596,_ZN5aiter24bf16gemm_bf16_tn_256x256E,0.0,1119.82,805.46
gfx950,256,3325,7168,4224,False,torch.bfloat16,torch.bfloat16,False,False,asm,10,1,184.5818,_ZN5aiter24bf16gemm_bf16_tn_256x256E,0.0,1090.82,738.49
gfx950,256,3325,8448,7168,False,torch.bfloat16,torch.bfloat16,False,False,asm,10,1,304.5176,_ZN5aiter24bf16gemm_bf16_tn_256x256E,0.0,1322.39,738.73
gfx950,256,3328,1536,128,False,torch.bfloat16,torch.bfloat16,False,False,flydsl,619,1,6.24,flydsl_gemm2_abf16_wbf16_bf16_t96x128x64_split_k1_block_m_warp1_block_n_warp4_block_k_warp1_async_copyTrue_b_to_ldsTrue_b_preshuffleFalse_c_to_ldsFalse_gfx950,0.0,209.72,1837.95
gfx950,256,3328,1536,7168,False,torch.bfloat16,torch.bfloat16,False,False,torch,0,0,82.6578,native,0.0,886.58,967.29
gfx950,256,3328,2112,7168,False,torch.bfloat16,torch.bfloat16,False,False,torch,0,0,112.7496,native,0.0,893.7,816.37
gfx950,256,3328,2304,1536,False,torch.bfloat16,torch.bfloat16,False,False,torch,0,0,29.3425,native,0.0,802.77,1112.27
gfx950,256,3328,2880,7168,False,torch.bfloat16,torch.bfloat16,False,False,torch,0,0,124.1121,native,0.0,1107.11,871.53
gfx950,256,3328,3072,512,False,torch.bfloat16,torch.bfloat16,False,False,torch,0,0,19.073,native,0.0,548.89,1415.66
gfx950,256,3328,3584,7168,False,torch.bfloat16,torch.bfloat16,False,False,torch,0,0,147.6082,native,0.0,1158.43,832.92
gfx950,256,3328,6288,7168,False,torch.bfloat16,torch.bfloat16,False,False,torch,0,0,257.6333,native,0.0,1164.45,697.53
gfx950,256,3328,7168,768,False,torch.bfloat16,torch.bfloat16,False,False,asm,10,1,49.3466,_ZN5aiter24bf16gemm_bf16_tn_256x256E,0.0,742.53,1293.55
gfx950,256,3328,7168,1536,False,torch.bfloat16,torch.bfloat16,False,False,asm,10,1,78.7494,_ZN5aiter24bf16gemm_bf16_tn_256x256E,0.0,930.58,1015.3
gfx950,256,3328,7168,4224,False,torch.bfloat16,torch.bfloat16,False,False,asm,10,1,178.4511,_ZN5aiter24bf16gemm_bf16_tn_256x256E,0.0,1129.32,764.25
gfx950,256,3328,7168,35840,False,torch.bfloat16,torch.bfloat16,False,False,torch,0,0,1332.2541,native,0.0,1283.49,600.53
gfx950,256,3328,8448,7168,False,torch.bfloat16,torch.bfloat16,False,False,asm,10,1,295.3287,_ZN5aiter24bf16gemm_bf16_tn_256x256E,0.0,1364.77,762.03
gfx950,256,3404,896,7168,False,torch.bfloat16,torch.bfloat16,False,False,flydsl,4370,1,68.2039,flydsl_gemm4_abf16_wbf16_bf16_t96x128x64_split_k1_block_m_warp1_block_n_warp2_block_k_warp2_async_copyTrue_b_to_ldsTrue_b_preshuffleFalse_c_to_ldsFalse_gfx950,0.006,641.09,993.27
gfx950,256,3404,1536,128,False,torch.bfloat16,torch.bfloat16,False,False,flydsl,137,1,6.3026,flydsl_gemm2_abf16_wbf16_bf16_t128x64x64_split_k1_block_m_warp2_block_n_warp2_block_k_warp1_async_copyTrue_b_to_ldsTrue_b_preshuffleFalse_c_to_ldsFalse_gfx950,0.0,212.37,1859.82
gfx950,256,3404,8448,7168,False,torch.bfloat16,torch.bfloat16,False,False,asm,10,1,315.1556,_ZN5aiter24bf16gemm_bf16_tn_256x256E,0.0,1308.12,721.63
gfx950,256,3501,1536,128,False,torch.bfloat16,torch.bfloat16,False,False,flydsl,622,1,6.3244,flydsl_gemm2_abf16_wbf16_bf16_t96x128x64_split_k1_block_m_warp2_block_n_warp2_block_k_warp1_async_copyTrue_b_to_ldsTrue_b_preshuffleFalse_c_to_ldsFalse_gfx950,0.0,217.67,1904.46
gfx950,256,3501,3584,7168,False,torch.bfloat16,torch.bfloat16,False,False,asm,10,1,153.5052,_ZN5aiter24bf16gemm_bf16_tn_256x256E,0.0,1171.83,825.16
gfx950,256,3501,7168,1536,False,torch.bfloat16,torch.bfloat16,False,False,asm,10,1,81.391,_ZN5aiter24bf16gemm_bf16_tn_256x256E,0.0,947.19,1019.34
gfx950,256,3501,7168,3584,False,torch.bfloat16,torch.bfloat16,False,False,asm,10,1,156.7733,_ZN5aiter24bf16gemm_bf16_tn_256x256E,0.0,1147.4,807.95
gfx950,256,3501,8448,7168,False,torch.bfloat16,torch.bfloat16,False,False,asm,10,1,314.1573,_ZN5aiter24bf16gemm_bf16_tn_256x256E,0.0,1349.67,733.56
gfx950,256,3669,1536,128,False,torch.bfloat16,torch.bfloat16,False,False,flydsl,140,1,6.4211,flydsl_gemm2_abf16_wbf16_bf16_t128x64x64_split_k1_block_m_warp4_block_n_warp1_block_k_warp1_async_copyTrue_b_to_ldsTrue_b_preshuffleFalse_c_to_ldsFalse_gfx950,0.0,224.68,1962.85
gfx950,256,3669,3584,7168,False,torch.bfloat16,torch.bfloat16,False,False,asm,10,1,161.9045,_ZN5aiter24bf16gemm_bf16_tn_256x256E,0.0,1164.35,804.66
gfx950,256,3669,7168,1536,False,torch.bfloat16,torch.bfloat16,False,False,asm,10,1,84.9783,_ZN5aiter24bf16gemm_bf16_tn_256x256E,0.0,950.73,1010.73
gfx950,256,3669,7168,3584,False,torch.bfloat16,torch.bfloat16,False,False,asm,10,1,164.1212,_ZN5aiter24bf16gemm_bf16_tn_256x256E,0.0,1148.63,793.79
gfx950,256,3669,7168,4224,False,torch.bfloat16,torch.bfloat16,False,False,asm,10,1,184.5551,_ZN5aiter24bf16gemm_bf16_tn_256x256E,0.0,1203.85,781.07
gfx950,256,3669,7168,35840,False,torch.bfloat16,torch.bfloat16,False,False,asm,10,1,1409.9783,_ZN5aiter24bf16gemm_bf16_tn_256x256E,0.0,1337.0,588.23
gfx950,256,3839,3072,512,False,torch.bfloat16,torch.bfloat16,False,False,asm,10,1,20.2456,_ZN5aiter24bf16gemm_bf16_tn_256x256E,0.0,596.5,1514.58
gfx950,256,3845,1536,128,False,torch.bfloat16,torch.bfloat16,False,False,flydsl,140,1,6.6308,flydsl_gemm2_abf16_wbf16_bf16_t128x64x64_split_k1_block_m_warp4_block_n_warp1_block_k_warp1_async_copyTrue_b_to_ldsTrue_b_preshuffleFalse_c_to_ldsFalse_gfx950,0.0,228.01,1989.11
gfx950,256,3986,1536,128,False,torch.bfloat16,torch.bfloat16,False,False,flydsl,622,1,6.6651,flydsl_gemm2_abf16_wbf16_bf16_t96x128x64_split_k1_block_m_warp2_block_n_warp2_block_k_warp1_async_copyTrue_b_to_ldsTrue_b_preshuffleFalse_c_to_ldsFalse_gfx950,0.0,235.16,2049.28
gfx950,256,3986,8448,7168,False,torch.bfloat16,torch.bfloat16,False,False,asm,10,1,429.2149,_ZN5aiter24bf16gemm_bf16_tn_256x256E,0.0,1124.72,572.21
gfx950,256,4043,896,7168,False,torch.bfloat16,torch.bfloat16,False,False,flydsl,3466,1,77.0024,flydsl_gemm4_abf16_wbf16_bf16_t128x128x64_split_k1_block_m_warp4_block_n_warp4_block_k_warp1_async_copyTrue_b_to_ldsTrue_b_preshuffleFalse_c_to_ldsFalse_gfx950,0.0,674.43,1013.61
gfx950,256,4043,1536,128,False,torch.bfloat16,torch.bfloat16,False,False,flydsl,140,1,6.8682,flydsl_gemm2_abf16_wbf16_bf16_t128x64x64_split_k1_block_m_warp4_block_n_warp1_block_k_warp1_async_copyTrue_b_to_ldsTrue_b_preshuffleFalse_c_to_ldsFalse_gfx950,0.0,231.47,2016.3
gfx950,256,4043,7168,768,False,torch.bfloat16,torch.bfloat16,False,False,asm,10,1,53.8009,_ZN5aiter24bf16gemm_bf16_tn_256x256E,0.0,827.38,1397.38
gfx950,256,4043,7168,1536,False,torch.bfloat16,torch.bfloat16,False,False,asm,10,1,87.3772,_ZN5aiter24bf16gemm_bf16_tn_256x256E,0.0,1018.88,1057.49
gfx950,256,4043,7168,3584,False,torch.bfloat16,torch.bfloat16,False,False,asm,10,1,165.2114,_ZN5aiter24bf16gemm_bf16_tn_256x256E,0.0,1257.36,837.24
gfx950,256,4043,7168,4224,False,torch.bfloat16,torch.bfloat16,False,False,asm,10,1,190.435,_ZN5aiter24bf16gemm_bf16_tn_256x256E,0.0,1285.61,801.7
gfx950,256,4043,7168,35840,False,torch.bfloat16,torch.bfloat16,False,False,asm,10,1,1475.8587,_ZN5aiter24bf16gemm_bf16_tn_256x256E,0.0,1407.52,583.77
gfx950,256,4043,8448,7168,False,torch.bfloat16,torch.bfloat16,False,False,asm,10,1,437.7785,_ZN5aiter24bf16gemm_bf16_tn_256x256E,0.0,1118.49,565.08
gfx950,256,4096,896,7168,False,torch.bfloat16,torch.bfloat16,False,False,flydsl,1,1,77.0759,flydsl_hgemm_abf16_wbf16_bf16_t128x128x128x2_ks1_w2x2x1_bias0_ktail0_gm0_pht_gfx950,0.0,682.62,1023.74
gfx950,256,4096,7168,35840,False,torch.bfloat16,torch.bfloat16,False,False,flydsl,1,1,1420.5601,flydsl_hgemm_abf16_wbf16_bf16_t256x256x64x2_ks1_w2x4x1_bias0_ktail0_gm4_pht_gfx950,0.0,1481.48,609.71
gfx950,256,4096,20480,7168,False,torch.bfloat16,torch.bfloat16,False,False,flydsl,1,1,791.4773,flydsl_hgemm_abf16_wbf16_bf16_t256x256x64x2_ks1_w2x4x1_bias0_ktail0_gm4_pht_gfx950,0.0,1519.43,657.12
gfx950,256,4154,896,7168,False,torch.bfloat16,torch.bfloat16,False,False,flydsl,3459,1,77.8761,flydsl_gemm4_abf16_wbf16_bf16_t128x128x64_split_k1_block_m_warp2_block_n_warp4_block_k_warp1_async_copyTrue_b_to_ldsTrue_b_preshuffleFalse_c_to_ldsFalse_gfx950,0.0,685.17,1025.23
gfx950,256,4154,1536,128,False,torch.bfloat16,torch.bfloat16,False,False,flydsl,35,1,7.2195,flydsl_gemm2_abf16_wbf16_bf16_t128x128x64_split_k1_block_m_warp2_block_n_warp2_block_k_warp1_async_copyTrue_b_to_ldsTrue_b_preshuffleFalse_c_to_ldsFalse_gfx950,0.0,226.25,1969.35
gfx950,256,4154,3584,7168,False,torch.bfloat16,torch.bfloat16,False,False,asm,10,1,171.456,_ZN5aiter24bf16gemm_bf16_tn_256x256E,0.0,1244.83,820.66
gfx950,256,4154,7168,1536,False,torch.bfloat16,torch.bfloat16,False,False,asm,10,1,93.0075,_ZN5aiter24bf16gemm_bf16_tn_256x256E,0.0,983.48,1014.25
gfx950,256,4154,7168,4224,False,torch.bfloat16,torch.bfloat16,False,False,asm,10,1,237.3274,_ZN5aiter24bf16gemm_bf16_tn_256x256E,0.0,1059.91,653.95
gfx950,256,4154,7168,35840,False,torch.bfloat16,torch.bfloat16,False,False,asm,10,1,1998.0711,_ZN5aiter24bf16gemm_bf16_tn_256x256E,0.0,1068.2,435.98
gfx950,256,4317,896,7168,False,torch.bfloat16,torch.bfloat16,False,False,flydsl,3462,1,79.2835,flydsl_gemm4_abf16_wbf16_bf16_t128x128x64_split_k1_block_m_warp4_block_n_warp1_block_k_warp2_async_copyTrue_b_to_ldsTrue_b_preshuffleFalse_c_to_ldsFalse_gfx950,0.0061,699.42,1040.19
gfx950,256,4317,1536,128,False,torch.bfloat16,torch.bfloat16,False,False,flydsl,43,1,7.173,flydsl_gemm2_abf16_wbf16_bf16_t128x128x64_split_k1_block_m_warp4_block_n_warp2_block_k_warp1_async_copyTrue_b_to_ldsTrue_b_preshuffleFalse_c_to_ldsFalse_gfx950,0.0,236.65,2057.74
gfx950,256,4317,3584,7168,False,torch.bfloat16,torch.bfloat16,False,False,asm,10,1,177.6383,_ZN5aiter24bf16gemm_bf16_tn_256x256E,0.0,1248.65,811.84
gfx950,256,4317,7168,768,False,torch.bfloat16,torch.bfloat16,False,False,flydsl,885,1,76.7205,flydsl_gemm2_abf16_wbf16_bf16_t256x64x64_split_k1_block_m_warp4_block_n_warp2_block_k_warp1_async_copyTrue_b_to_ldsTrue_b_preshuffleFalse_c_to_ldsFalse_gfx950,0.0,619.53,1036.61
gfx950,256,4317,7168,1536,False,torch.bfloat16,torch.bfloat16,False,False,asm,10,1,93.7654,_ZN5aiter24bf16gemm_bf16_tn_256x256E,0.0,1013.81,1036.31
gfx950,256,4317,7168,4224,False,torch.bfloat16,torch.bfloat16,False,False,asm,10,1,207.411,_ZN5aiter24bf16gemm_bf16_tn_256x256E,0.0,1260.38,766.18
gfx950,256,4317,7168,35840,False,torch.bfloat16,torch.bfloat16,False,False,asm,10,1,1996.8549,_ZN5aiter24bf16gemm_bf16_tn_256x256E,0.0,1110.79,443.26
gfx950,256,4378,896,7168,False,torch.bfloat16,torch.bfloat16,False,False,flydsl,3457,1,80.1982,flydsl_gemm4_abf16_wbf16_bf16_t128x128x64_split_k1_block_m_warp2_block_n_warp2_block_k_warp2_async_copyTrue_b_to_ldsTrue_b_preshuffleFalse_c_to_ldsFalse_gfx950,0.0061,701.21,1040.59
gfx950,256,4378,1536,128,False,torch.bfloat16,torch.bfloat16,False,False,flydsl,29,1,7.3619,flydsl_gemm2_abf16_wbf16_bf16_t128x128x64_split_k1_block_m_warp1_block_n_warp4_block_k_warp1_async_copyTrue_b_to_ldsTrue_b_preshuffleFalse_c_to_ldsFalse_gfx950,0.0,233.84,2032.52
gfx950,256,4378,7168,35840,False,torch.bfloat16,torch.bfloat16,False,False,asm,10,1,1882.2467,_ZN5aiter24bf16gemm_bf16_tn_256x256E,0.0,1195.08,473.04
gfx950,256,4392,896,7168,False,torch.bfloat16,torch.bfloat16,False,False,flydsl,3464,1,79.7695,flydsl_gemm4_abf16_wbf16_bf16_t128x128x64_split_k1_block_m_warp4_block_n_warp2_block_k_warp1_async_copyTrue_b_to_ldsTrue_b_preshuffleFalse_c_to_ldsFalse_gfx950,0.0,707.23,1049.01
gfx950,256,4392,1536,128,False,torch.bfloat16,torch.bfloat16,False,False,flydsl,45,1,7.2595,flydsl_gemm2_abf16_wbf16_bf16_t128x128x64_split_k1_block_m_warp4_block_n_warp4_block_k_warp1_async_copyTrue_b_to_ldsTrue_b_preshuffleFalse_c_to_ldsFalse_gfx950,0.0,237.9,2067.61
gfx950,256,4505,896,7168,False,torch.bfloat16,torch.bfloat16,False,False,flydsl,3459,1,81.1656,flydsl_gemm4_abf16_wbf16_bf16_t128x128x64_split_k1_block_m_warp2_block_n_warp4_block_k_warp1_async_copyTrue_b_to_ldsTrue_b_preshuffleFalse_c_to_ldsFalse_gfx950,0.0,712.95,1053.42
gfx950,256,4505,1536,128,False,torch.bfloat16,torch.bfloat16,False,False,flydsl,45,1,7.3174,flydsl_gemm2_abf16_wbf16_bf16_t128x128x64_split_k1_block_m_warp4_block_n_warp4_block_k_warp1_async_copyTrue_b_to_ldsTrue_b_preshuffleFalse_c_to_ldsFalse_gfx950,0.0,242.09,2102.64
gfx950,256,4505,1536,7168,False,torch.bfloat16,torch.bfloat16,False,False,flydsl,3038,1,115.0965,flydsl_gemm3_abf16_wbf16_bf16_t256x128x64_split_k1_block_m_warp4_block_n_warp2_block_k_warp2_async_copyTrue_b_to_ldsTrue_b_preshuffleFalse_c_to_ldsFalse_gfx950,0.006,861.89,872.69
gfx950,256,4533,3072,512,False,torch.bfloat16,torch.bfloat16,False,False,asm,10,1,21.7156,_ZN5aiter24bf16gemm_bf16_tn_256x256E,0.0,656.65,1641.14
gfx950,256,4542,896,7168,False,torch.bfloat16,torch.bfloat16,False,False,flydsl,1992,1,81.1314,flydsl_gemm3_abf16_wbf16_bf16_t128x128x64_split_k1_block_m_warp2_block_n_warp4_block_k_warp2_async_copyTrue_b_to_ldsTrue_b_preshuffleFalse_c_to_ldsFalse_gfx950,0.006,719.11,1061.22
gfx950,256,4542,1536,128,False,torch.bfloat16,torch.bfloat16,False,False,flydsl,35,1,7.3437,flydsl_gemm2_abf16_wbf16_bf16_t128x128x64_split_k1_block_m_warp2_block_n_warp2_block_k_warp1_async_copyTrue_b_to_ldsTrue_b_preshuffleFalse_c_to_ldsFalse_gfx950,0.0,243.2,2111.88
gfx950,256,4542,1536,7168,False,torch.bfloat16,torch.bfloat16,False,False,flydsl,3038,1,115.8106,flydsl_gemm3_abf16_wbf16_bf16_t256x128x64_split_k1_block_m_warp4_block_n_warp2_block_k_warp2_async_copyTrue_b_to_ldsTrue_b_preshuffleFalse_c_to_ldsFalse_gfx950,0.006,863.61,872.87
gfx950,256,4542,7168,768,False,torch.bfloat16,torch.bfloat16,False,False,flydsl,2345,1,88.1058,flydsl_gemm2_abf16_wbf16_bf16_t96x64x64_split_k1_block_m_warp2_block_n_warp1_block_k_warp1_async_copyTrue_b_to_ldsTrue_b_preshuffleFalse_c_to_ldsFalse_gfx950,0.0,567.59,943.19
gfx950,256,4608,896,7168,False,torch.bfloat16,torch.bfloat16,False,False,flydsl,3462,1,81.6774,flydsl_gemm4_abf16_wbf16_bf16_t128x128x64_split_k1_block_m_warp4_block_n_warp1_block_k_warp2_async_copyTrue_b_to_ldsTrue_b_preshuffleFalse_c_to_ldsFalse_gfx950,0.006,724.68,1067.16
gfx950,256,4608,1536,128,False,torch.bfloat16,torch.bfloat16,False,False,flydsl,35,1,7.8522,flydsl_gemm2_abf16_wbf16_bf16_t128x128x64_split_k1_block_m_warp2_block_n_warp2_block_k_warp1_async_copyTrue_b_to_ldsTrue_b_preshuffleFalse_c_to_ldsFalse_gfx950,0.0,230.76,2003.09
gfx950,256,4608,7168,35840,False,torch.bfloat16,torch.bfloat16,False,False,asm,10,1,2027.3708,_ZN5aiter24bf16gemm_bf16_tn_256x256E,0.0,1167.82,448.94
gfx950,256,4611,1536,128,False,torch.bfloat16,torch.bfloat16,False,False,flydsl,38,1,7.3788,flydsl_gemm2_abf16_wbf16_bf16_t128x128x64_split_k1_block_m_warp2_block_n_warp4_block_k_warp1_async_copyTrue_b_to_ldsTrue_b_preshuffleFalse_c_to_ldsFalse_gfx950,0.0,245.72,2132.95
gfx950,256,4611,7168,768,False,torch.bfloat16,torch.bfloat16,False,False,flydsl,679,1,83.9957,flydsl_gemm2_abf16_wbf16_bf16_t256x128x64_split_k1_block_m_warp1_block_n_warp4_block_k_warp1_async_copyTrue_b_to_ldsTrue_b_preshuffleFalse_c_to_ldsFalse_gfx950,0.0,604.4,1002.38
gfx950,256,4614,1536,128,False,torch.bfloat16,torch.bfloat16,False,False,flydsl,38,1,7.3883,flydsl_gemm2_abf16_wbf16_bf16_t128x128x64_split_k1_block_m_warp2_block_n_warp4_block_k_warp1_async_copyTrue_b_to_ldsTrue_b_preshuffleFalse_c_to_ldsFalse_gfx950,0.0,245.56,2131.56
gfx950,256,4614,7168,768,False,torch.bfloat16,torch.bfloat16,False,False,asm,10,1,66.3776,_ZN5aiter24bf16gemm_bf16_tn_256x256E,0.0,765.32,1269.15
gfx950,256,4614,7168,4224,False,torch.bfloat16,torch.bfloat16,False,False,asm,10,1,290.9983,_ZN5aiter24bf16gemm_bf16_tn_256x256E,0.0,960.15,569.35
gfx950,256,4617,1536,128,False,torch.bfloat16,torch.bfloat16,False,False,flydsl,35,1,7.45,flydsl_gemm2_abf16_wbf16_bf16_t128x128x64_split_k1_block_m_warp2_block_n_warp2_block_k_warp1_async_copyTrue_b_to_ldsTrue_b_preshuffleFalse_c_to_ldsFalse_gfx950,0.0,243.69,2115.25
gfx950,256,4617,1536,7168,False,torch.bfloat16,torch.bfloat16,False,False,flydsl,3039,1,116.136,flydsl_gemm3_abf16_wbf16_bf16_t256x128x64_split_k1_block_m_warp4_block_n_warp4_block_k_warp1_async_copyTrue_b_to_ldsTrue_b_preshuffleFalse_c_to_ldsFalse_gfx950,0.0,875.41,881.66
gfx950,256,4617,7168,768,False,torch.bfloat16,torch.bfloat16,False,False,flydsl,127,1,76.1637,flydsl_gemm2_abf16_wbf16_bf16_t128x128x64_split_k1_block_m_warp2_block_n_warp2_block_k_warp1_async_copyTrue_b_to_ldsTrue_b_preshuffleFalse_c_to_ldsFalse_gfx950,0.0,667.42,1106.71
gfx950,256,4620,1536,128,False,torch.bfloat16,torch.bfloat16,False,False,flydsl,29,1,7.5929,flydsl_gemm2_abf16_wbf16_bf16_t128x128x64_split_k1_block_m_warp1_block_n_warp4_block_k_warp1_async_copyTrue_b_to_ldsTrue_b_preshuffleFalse_c_to_ldsFalse_gfx950,0.0,239.26,2076.75
gfx950,256,4652,896,7168,False,torch.bfloat16,torch.bfloat16,False,False,flydsl,2982,1,95.5988,flydsl_gemm3_abf16_wbf16_bf16_t64x128x64_split_k1_block_m_warp1_block_n_warp2_block_k_warp1_async_copyTrue_b_to_ldsTrue_b_preshuffleFalse_c_to_ldsFalse_gfx950,0.0,625.06,919.18
gfx950,256,4652,1536,128,False,torch.bfloat16,torch.bfloat16,False,False,flydsl,264,1,7.559,flydsl_gemm2_abf16_wbf16_bf16_t256x64x64_split_k1_block_m_warp4_block_n_warp1_block_k_warp1_async_copyTrue_b_to_ldsTrue_b_preshuffleFalse_c_to_ldsFalse_gfx950,0.0,242.0,2100.16
gfx950,256,4652,1536,7168,False,torch.bfloat16,torch.bfloat16,False,False,flydsl,3038,1,117.3482,flydsl_gemm3_abf16_wbf16_bf16_t256x128x64_split_k1_block_m_warp4_block_n_warp2_block_k_warp2_async_copyTrue_b_to_ldsTrue_b_preshuffleFalse_c_to_ldsFalse_gfx950,0.006,872.94,877.75
gfx950,256,4875,1536,128,False,torch.bfloat16,torch.bfloat16,False,False,flydsl,35,1,7.5774,flydsl_gemm2_abf16_wbf16_bf16_t128x128x64_split_k1_block_m_warp2_block_n_warp2_block_k_warp1_async_copyTrue_b_to_ldsTrue_b_preshuffleFalse_c_to_ldsFalse_gfx950,0.0,252.98,2193.0
gfx950,256,4875,1536,7168,False,torch.bfloat16,torch.bfloat16,False,False,flydsl,3038,1,120.8449,flydsl_gemm3_abf16_wbf16_bf16_t256x128x64_split_k1_block_m_warp4_block_n_warp2_block_k_warp2_async_copyTrue_b_to_ldsTrue_b_preshuffleFalse_c_to_ldsFalse_gfx950,0.006,888.31,884.47
gfx950,256,4875,3072,512,False,torch.bfloat16,torch.bfloat16,False,False,asm,10,1,21.3652,_ZN5aiter24bf16gemm_bf16_tn_256x256E,0.0,717.78,1782.79
gfx950,256,4875,7168,768,False,torch.bfloat16,torch.bfloat16,False,False,flydsl,2747,1,91.9979,flydsl_gemm3_abf16_wbf16_bf16_t128x64x64_split_k1_block_m_warp4_block_n_warp1_block_k_warp1_async_copyTrue_b_to_ldsTrue_b_preshuffleFalse_c_to_ldsFalse_gfx950,0.0,583.43,960.74
gfx950,256,4992,1536,128,False,torch.bfloat16,torch.bfloat16,False,False,flydsl,43,1,8.0649,flydsl_gemm2_abf16_wbf16_bf16_t128x128x64_split_k1_block_m_warp4_block_n_warp2_block_k_warp1_async_copyTrue_b_to_ldsTrue_b_preshuffleFalse_c_to_ldsFalse_gfx950,0.0,243.39,2108.72
gfx950,256,4992,1536,7168,False,torch.bfloat16,torch.bfloat16,False,False,opus,6401,0,111.9619,opus_gemm_mono_tile_512x128x256x64_2x4_16x16x32_0x0x0_nooob_4g_safe,0.0,981.8,972.84
gfx950,256,4992,2112,7168,False,torch.bfloat16,torch.bfloat16,False,False,torch,0,0,131.1255,native,0.0,1152.68,937.49
gfx950,256,4992,2304,1536,False,torch.bfloat16,torch.bfloat16,False,False,opus,6400,0,40.0576,opus_gemm_mono_tile_512x192x256x64_2x4_16x16x32_0x0x0_nooob_4g_safe,0.0,882.05,1133.78
gfx950,256,4992,2880,7168,False,torch.bfloat16,torch.bfloat16,False,False,torch,0,0,179.4154,native,0.0,1148.78,789.27
gfx950,256,4992,3072,512,False,torch.bfloat16,torch.bfloat16,False,False,asm,10,1,21.6403,_ZN5aiter24bf16gemm_bf16_tn_256x256E,0.0,725.66,1798.88
gfx950,256,4992,3584,7168,False,torch.bfloat16,torch.bfloat16,False,False,torch,0,0,231.6618,native,0.0,1107.17,685.17
gfx950,256,4992,6288,7168,False,torch.bfloat16,torch.bfloat16,False,False,torch,0,0,325.722,native,0.0,1381.55,689.21
gfx950,256,4992,7168,768,False,torch.bfloat16,torch.bfloat16,False,False,torch,0,0,65.9221,native,0.0,833.74,1368.94
gfx950,256,4992,7168,1536,False,torch.bfloat16,torch.bfloat16,False,False,asm,10,1,108.8034,_ZN5aiter24bf16gemm_bf16_tn_256x256E,0.0,1010.3,1001.08
gfx950,256,4992,7168,4224,False,torch.bfloat16,torch.bfloat16,False,False,opus,1400,0,234.6843,opus_gemm_mono_tile_512x192x256x64_2x4_16x16x32_0x0x0_nooob,0.0,1288.08,742.67
gfx950,256,4992,7168,35840,False,torch.bfloat16,torch.bfloat16,False,False,opus,1400,0,1795.9093,opus_gemm_mono_tile_512x192x256x64_2x4_16x16x32_0x0x0_nooob,0.0,1428.19,525.19
gfx950,256,4992,8448,7168,False,torch.bfloat16,torch.bfloat16,False,False,asm,10,1,440.4349,_ZN5aiter24bf16gemm_bf16_tn_256x256E,0.0,1372.7,628.97
gfx950,256,5041,1536,128,False,torch.bfloat16,torch.bfloat16,False,False,flydsl,43,1,8.0601,flydsl_gemm2_abf16_wbf16_bf16_t128x128x64_split_k1_block_m_warp4_block_n_warp2_block_k_warp1_async_copyTrue_b_to_ldsTrue_b_preshuffleFalse_c_to_ldsFalse_gfx950,0.0,245.93,2130.2
gfx950,256,5041,1536,7168,False,torch.bfloat16,torch.bfloat16,False,False,flydsl,3038,1,121.2639,flydsl_gemm3_abf16_wbf16_bf16_t256x128x64_split_k1_block_m_warp4_block_n_warp2_block_k_warp2_async_copyTrue_b_to_ldsTrue_b_preshuffleFalse_c_to_ldsFalse_gfx950,0.006,915.39,905.25
gfx950,256,5041,7168,4224,False,torch.bfloat16,torch.bfloat16,False,False,asm,10,1,270.6672,_ZN5aiter24bf16gemm_bf16_tn_256x256E,0.0,1127.8,648.06
gfx950,256,5150,896,7168,False,torch.bfloat16,torch.bfloat16,False,False,flydsl,3266,1,102.7161,flydsl_gemm3_abf16_wbf16_bf16_t80x128x64_split_k1_block_m_warp1_block_n_warp2_block_k_warp1_async_copyTrue_b_to_ldsTrue_b_preshuffleFalse_c_to_ldsFalse_gfx950,0.0,644.03,933.68
gfx950,256,5150,1536,128,False,torch.bfloat16,torch.bfloat16,False,False,flydsl,43,1,7.744,flydsl_gemm2_abf16_wbf16_bf16_t128x128x64_split_k1_block_m_warp4_block_n_warp2_block_k_warp1_async_copyTrue_b_to_ldsTrue_b_preshuffleFalse_c_to_ldsFalse_gfx950,0.0,261.5,2264.0
gfx950,256,5150,1536,7168,False,torch.bfloat16,torch.bfloat16,False,False,flydsl,3038,1,122.7407,flydsl_gemm3_abf16_wbf16_bf16_t256x128x64_split_k1_block_m_warp4_block_n_warp2_block_k_warp2_async_copyTrue_b_to_ldsTrue_b_preshuffleFalse_c_to_ldsFalse_gfx950,0.006,923.93,909.81
gfx950,256,5150,7168,768,False,torch.bfloat16,torch.bfloat16,False,False,asm,10,1,77.7752,_ZN5aiter24bf16gemm_bf16_tn_256x256E,0.0,729.05,1192.55
gfx950,256,5169,896,7168,False,torch.bfloat16,torch.bfloat16,False,False,flydsl,3266,1,102.6837,flydsl_gemm3_abf16_wbf16_bf16_t80x128x64_split_k1_block_m_warp1_block_n_warp2_block_k_warp1_async_copyTrue_b_to_ldsTrue_b_preshuffleFalse_c_to_ldsFalse_gfx950,0.0,646.61,936.96
gfx950,256,5169,1536,128,False,torch.bfloat16,torch.bfloat16,False,False,flydsl,43,1,7.6599,flydsl_gemm2_abf16_wbf16_bf16_t128x128x64_split_k1_block_m_warp4_block_n_warp2_block_k_warp1_async_copyTrue_b_to_ldsTrue_b_preshuffleFalse_c_to_ldsFalse_gfx950,0.0,265.35,2297.11
gfx950,256,5169,1536,7168,False,torch.bfloat16,torch.bfloat16,False,False,flydsl,3038,1,118.7594,flydsl_gemm3_abf16_wbf16_bf16_t256x128x64_split_k1_block_m_warp4_block_n_warp2_block_k_warp2_async_copyTrue_b_to_ldsTrue_b_preshuffleFalse_c_to_ldsFalse_gfx950,0.006,958.42,943.1
gfx950,256,5193,896,7168,False,torch.bfloat16,torch.bfloat16,False,False,flydsl,3266,1,103.2074,flydsl_gemm3_abf16_wbf16_bf16_t80x128x64_split_k1_block_m_warp1_block_n_warp2_block_k_warp1_async_copyTrue_b_to_ldsTrue_b_preshuffleFalse_c_to_ldsFalse_gfx950,0.0,646.31,935.96
gfx950,256,5193,1536,128,False,torch.bfloat16,torch.bfloat16,False,False,flydsl,43,1,8.0922,flydsl_gemm2_abf16_wbf16_bf16_t128x128x64_split_k1_block_m_warp4_block_n_warp2_block_k_warp1_async_copyTrue_b_to_ldsTrue_b_preshuffleFalse_c_to_ldsFalse_gfx950,0.0,252.34,2184.27
gfx950,256,5193,7168,768,False,torch.bfloat16,torch.bfloat16,False,False,asm,10,1,83.5754,_ZN5aiter24bf16gemm_bf16_tn_256x256E,0.0,684.11,1117.95
gfx950,256,5193,7168,1536,False,torch.bfloat16,torch.bfloat16,False,False,asm,10,1,121.9884,_ZN5aiter24bf16gemm_bf16_tn_256x256E,0.0,937.39,921.56
gfx950,256,5193,7168,4224,False,torch.bfloat16,torch.bfloat16,False,False,asm,10,1,292.8125,_ZN5aiter24bf16gemm_bf16_tn_256x256E,0.0,1073.94,610.88
gfx950,256,5193,7168,35840,False,torch.bfloat16,torch.bfloat16,False,False,asm,10,1,2056.541,_ZN5aiter24bf16gemm_bf16_tn_256x256E,0.0,1297.41,467.04
gfx950,256,5489,1536,128,False,torch.bfloat16,torch.bfloat16,False,False,flydsl,442,1,8.8333,flydsl_gemm2_abf16_wbf16_bf16_t64x128x64_split_k1_block_m_warp2_block_n_warp2_block_k_warp1_async_copyTrue_b_to_ldsTrue_b_preshuffleFalse_c_to_ldsFalse_gfx950,0.0,244.34,2112.53
gfx950,256,5489,7168,768,False,torch.bfloat16,torch.bfloat16,False,False,asm,10,1,81.0002,_ZN5aiter24bf16gemm_bf16_tn_256x256E,0.0,746.1,1211.5
gfx950,256,5489,7168,4224,False,torch.bfloat16,torch.bfloat16,False,False,asm,10,1,295.9449,_ZN5aiter24bf16gemm_bf16_tn_256x256E,0.0,1123.14,627.2
gfx950,256,5489,7168,35840,False,torch.bfloat16,torch.bfloat16,False,False,asm,10,1,2081.5793,_ZN5aiter24bf16gemm_bf16_tn_256x256E,0.0,1354.87,473.65
gfx950,256,5581,1536,128,False,torch.bfloat16,torch.bfloat16,False,False,flydsl,662,1,8.7126,flydsl_gemm2_abf16_wbf16_bf16_t96x64x64_split_k1_block_m_warp1_block_n_warp4_block_k_warp1_async_copyTrue_b_to_ldsTrue_b_preshuffleFalse_c_to_ldsFalse_gfx950,0.0,251.88,2176.94
gfx950,256,5581,7168,768,False,torch.bfloat16,torch.bfloat16,False,False,asm,10,1,80.3793,_ZN5aiter24bf16gemm_bf16_tn_256x256E,0.0,764.46,1239.02
gfx950,256,5581,7168,4224,False,torch.bfloat16,torch.bfloat16,False,False,asm,10,1,309.5558,_ZN5aiter24bf16gemm_bf16_tn_256x256E,0.0,1091.75,606.39
gfx950,256,5971,1536,128,False,torch.bfloat16,torch.bfloat16,False,False,flydsl,140,1,9.1207,flydsl_gemm2_abf16_wbf16_bf16_t128x64x64_split_k1_block_m_warp4_block_n_warp1_block_k_warp1_async_copyTrue_b_to_ldsTrue_b_preshuffleFalse_c_to_ldsFalse_gfx950,0.0,257.42,2221.84
gfx950,256,6032,1536,128,False,torch.bfloat16,torch.bfloat16,False,False,flydsl,665,1,8.8634,flydsl_gemm2_abf16_wbf16_bf16_t96x64x64_split_k1_block_m_warp2_block_n_warp2_block_k_warp1_async_copyTrue_b_to_ldsTrue_b_preshuffleFalse_c_to_ldsFalse_gfx950,0.0,267.6,2309.24
gfx950,256,6032,3584,7168,False,torch.bfloat16,torch.bfloat16,False,False,asm,10,1,302.0739,_ZN5aiter24bf16gemm_bf16_tn_256x256E,0.0,1025.99,599.5
gfx950,256,6032,7168,4224,False,torch.bfloat16,torch.bfloat16,False,False,asm,10,1,334.1476,_ZN5aiter24bf16gemm_bf16_tn_256x256E,0.0,1093.14,592.52
gfx950,256,6032,7168,35840,False,torch.bfloat16,torch.bfloat16,False,False,asm,10,1,2700.5181,_ZN5aiter24bf16gemm_bf16_tn_256x256E,0.0,1147.65,382.39
gfx950,256,6049,1536,128,False,torch.bfloat16,torch.bfloat16,False,False,flydsl,139,1,9.0111,flydsl_gemm2_abf16_wbf16_bf16_t128x64x64_split_k1_block_m_warp2_block_n_warp4_block_k_warp1_async_copyTrue_b_to_ldsTrue_b_preshuffleFalse_c_to_ldsFalse_gfx950,0.0,263.96,2277.67
gfx950,256,6049,7168,768,False,torch.bfloat16,torch.bfloat16,False,False,asm,10,1,86.6759,_ZN5aiter24bf16gemm_bf16_tn_256x256E,0.0,768.38,1234.71
gfx950,256,6049,7168,1536,False,torch.bfloat16,torch.bfloat16,False,False,asm,10,1,130.0468,_ZN5aiter24bf16gemm_bf16_tn_256x256E,0.0,1024.24,979.04
gfx950,256,6049,8448,7168,False,torch.bfloat16,torch.bfloat16,False,False,asm,10,1,576.7936,_ZN5aiter24bf16gemm_bf16_tn_256x256E,0.0,1270.12,537.51
gfx950,256,6144,1536,128,False,torch.bfloat16,torch.bfloat16,False,False,flydsl,619,1,8.8803,flydsl_gemm2_abf16_wbf16_bf16_t96x128x64_split_k1_block_m_warp1_block_n_warp4_block_k_warp1_async_copyTrue_b_to_ldsTrue_b_preshuffleFalse_c_to_ldsFalse_gfx950,0.0,272.05,2346.82
gfx950,256,6144,3072,512,False,torch.bfloat16,torch.bfloat16,False,False,flydsl,1029,1,52.3794,flydsl_gemm2_abf16_wbf16_bf16_t64x128x128_split_k1_block_m_warp1_block_n_warp4_block_k_warp2_async_copyTrue_b_to_ldsTrue_b_preshuffleFalse_c_to_ldsFalse_gfx950,0.0011,368.99,900.85
gfx950,256,6144,7168,1536,False,torch.bfloat16,torch.bfloat16,False,False,asm,10,1,131.3868,_ZN5aiter24bf16gemm_bf16_tn_256x256E,0.0,1029.72,981.64
gfx950,256,6144,8448,7168,False,torch.bfloat16,torch.bfloat16,False,False,asm,10,1,585.5264,_ZN5aiter24bf16gemm_bf16_tn_256x256E,0.0,1270.83,534.56
gfx950,256,6147,1536,128,False,torch.bfloat16,torch.bfloat16,False,False,flydsl,437,1,9.209,flydsl_gemm2_abf16_wbf16_bf16_t64x128x64_split_k1_block_m_warp1_block_n_warp4_block_k_warp1_async_copyTrue_b_to_ldsTrue_b_preshuffleFalse_c_to_ldsFalse_gfx950,0.0,262.47,2264.14
gfx950,256,6147,7168,768,False,torch.bfloat16,torch.bfloat16,False,False,asm,10,1,87.8681,_ZN5aiter24bf16gemm_bf16_tn_256x256E,0.0,770.23,1235.66
gfx950,256,6147,7168,1536,False,torch.bfloat16,torch.bfloat16,False,False,asm,10,1,133.3076,_ZN5aiter24bf16gemm_bf16_tn_256x256E,0.0,1015.38,967.89
gfx950,256,6147,7168,4224,False,torch.bfloat16,torch.bfloat16,False,False,asm,10,1,323.9463,_ZN5aiter24bf16gemm_bf16_tn_256x256E,0.0,1149.06,619.26
gfx950,256,6147,7168,35840,False,torch.bfloat16,torch.bfloat16,False,False,asm,10,1,3120.7963,_ZN5aiter24bf16gemm_bf16_tn_256x256E,0.0,1012.03,334.06
gfx950,256,6150,1536,128,False,torch.bfloat16,torch.bfloat16,False,False,flydsl,444,1,9.0749,flydsl_gemm2_abf16_wbf16_bf16_t64x128x64_split_k1_block_m_warp2_block_n_warp4_block_k_warp1_async_copyTrue_b_to_ldsTrue_b_preshuffleFalse_c_to_ldsFalse_gfx950,0.0,266.48,2298.69
gfx950,256,6150,7168,768,False,torch.bfloat16,torch.bfloat16,False,False,asm,10,1,86.7908,_ZN5aiter24bf16gemm_bf16_tn_256x256E,0.0,780.17,1251.55
gfx950,256,6150,7168,1536,False,torch.bfloat16,torch.bfloat16,False,False,asm,10,1,132.9749,_ZN5aiter24bf16gemm_bf16_tn_256x256E,0.0,1018.41,970.7
gfx950,256,6150,7168,35840,False,torch.bfloat16,torch.bfloat16,False,False,asm,10,1,3042.0843,_ZN5aiter24bf16gemm_bf16_tn_256x256E,0.0,1038.72,342.79
gfx950,256,6156,1536,128,False,torch.bfloat16,torch.bfloat16,False,False,flydsl,137,1,9.0766,flydsl_gemm2_abf16_wbf16_bf16_t128x64x64_split_k1_block_m_warp2_block_n_warp2_block_k_warp1_async_copyTrue_b_to_ldsTrue_b_preshuffleFalse_c_to_ldsFalse_gfx950,0.0,266.69,2300.46
gfx950,256,6156,7168,768,False,torch.bfloat16,torch.bfloat16,False,False,asm,10,1,93.1554,_ZN5aiter24bf16gemm_bf16_tn_256x256E,0.0,727.58,1167.06
gfx950,256,6156,7168,1536,False,torch.bfloat16,torch.bfloat16,False,False,asm,10,1,131.6901,_ZN5aiter24bf16gemm_bf16_tn_256x256E,0.0,1029.35,980.97
gfx950,256,6156,7168,4224,False,torch.bfloat16,torch.bfloat16,False,False,asm,10,1,330.241,_ZN5aiter24bf16gemm_bf16_tn_256x256E,0.0,1128.81,608.08
gfx950,256,6156,7168,35840,False,torch.bfloat16,torch.bfloat16,False,False,asm,10,1,2993.9007,_ZN5aiter24bf16gemm_bf16_tn_256x256E,0.0,1056.47,348.48
gfx950,256,6556,1536,128,False,torch.bfloat16,torch.bfloat16,False,False,flydsl,139,1,9.4499,flydsl_gemm2_abf16_wbf16_bf16_t128x64x64_split_k1_block_m_warp2_block_n_warp4_block_k_warp1_async_copyTrue_b_to_ldsTrue_b_preshuffleFalse_c_to_ldsFalse_gfx950,0.0,272.8,2350.46
gfx950,256,6556,7168,768,False,torch.bfloat16,torch.bfloat16,False,False,asm,10,1,103.7254,_ZN5aiter24bf16gemm_bf16_tn_256x256E,0.0,695.89,1109.34
gfx950,256,6656,1536,128,False,torch.bfloat16,torch.bfloat16,False,False,flydsl,140,1,9.2824,flydsl_gemm2_abf16_wbf16_bf16_t128x64x64_split_k1_block_m_warp4_block_n_warp1_block_k_warp1_async_copyTrue_b_to_ldsTrue_b_preshuffleFalse_c_to_ldsFalse_gfx950,0.0,281.96,2428.72
gfx950,256,6656,1536,7168,False,torch.bfloat16,torch.bfloat16,False,False,torch,0,0,131.1724,native,0.0,1117.35,1051.19
gfx950,256,6656,2112,7168,False,torch.bfloat16,torch.bfloat16,False,False,torch,0,0,172.5746,native,0.0,1167.77,891.28
gfx950,256,6656,2304,1536,False,torch.bfloat16,torch.bfloat16,False,False,asm,10,1,49.6596,_ZN5aiter24bf16gemm_bf16_tn_256x256E,0.0,948.67,1171.9
gfx950,256,6656,2880,7168,False,torch.bfloat16,torch.bfloat16,False,False,torch,0,0,237.8601,native,0.0,1155.35,735.92
gfx950,256,6656,3072,512,False,torch.bfloat16,torch.bfloat16,False,False,torch,0,0,32.0375,native,0.0,653.55,1587.39
gfx950,256,6656,3584,7168,False,torch.bfloat16,torch.bfloat16,False,False,asm,10,1,283.9632,_ZN5aiter24bf16gemm_bf16_tn_256x256E,0.0,1204.33,684.99
gfx950,256,6656,6288,7168,False,torch.bfloat16,torch.bfloat16,False,False,torch,0,0,453.3493,native,0.0,1323.49,593.96
gfx950,256,6656,7168,768,False,torch.bfloat16,torch.bfloat16,False,False,asm,10,1,78.1733,_ZN5aiter24bf16gemm_bf16_tn_256x256E,0.0,937.44,1492.25
gfx950,256,6656,7168,1536,False,torch.bfloat16,torch.bfloat16,False,False,asm,10,1,128.3756,_ZN5aiter24bf16gemm_bf16_tn_256x256E,0.0,1141.69,1074.1
gfx950,256,6656,7168,4224,False,torch.bfloat16,torch.bfloat16,False,False,torch,0,0,282.7445,native,0.0,1425.51,750.52
gfx950,256,6656,7168,35840,False,torch.bfloat16,torch.bfloat16,False,False,asm,10,1,2267.5221,_ZN5aiter24bf16gemm_bf16_tn_256x256E,0.0,1508.2,479.08
gfx950,256,6656,8448,7168,False,torch.bfloat16,torch.bfloat16,False,False,asm,10,1,597.0086,_ZN5aiter24bf16gemm_bf16_tn_256x256E,0.0,1350.25,551.07
gfx950,256,6731,1536,128,False,torch.bfloat16,torch.bfloat16,False,False,flydsl,142,1,9.6268,flydsl_gemm2_abf16_wbf16_bf16_t128x64x64_split_k1_block_m_warp4_block_n_warp2_block_k_warp1_async_copyTrue_b_to_ldsTrue_b_preshuffleFalse_c_to_ldsFalse_gfx950,0.0,274.93,2367.76
gfx950,256,6731,8448,7168,False,torch.bfloat16,torch.bfloat16,False,False,asm,10,1,657.0482,_ZN5aiter24bf16gemm_bf16_tn_256x256E,0.0,1240.69,504.28
gfx950,256,6747,1536,128,False,torch.bfloat16,torch.bfloat16,False,False,flydsl,444,1,9.5749,flydsl_gemm2_abf16_wbf16_bf16_t64x128x64_split_k1_block_m_warp2_block_n_warp4_block_k_warp1_async_copyTrue_b_to_ldsTrue_b_preshuffleFalse_c_to_ldsFalse_gfx950,0.0,277.08,2386.16
gfx950,256,6747,3072,512,False,torch.bfloat16,torch.bfloat16,False,False,flydsl,1632,1,46.7073,flydsl_gemm2_abf16_wbf16_bf16_t96x64x128_split_k1_block_m_warp1_block_n_warp2_block_k_warp2_async_copyTrue_b_to_ldsTrue_b_preshuffleFalse_c_to_ldsFalse_gfx950,0.0011,454.41,1102.79
gfx950,256,6747,7168,768,False,torch.bfloat16,torch.bfloat16,False,False,asm,10,1,101.5446,_ZN5aiter24bf16gemm_bf16_tn_256x256E,0.0,731.55,1163.02
gfx950,256,6800,1536,128,False,torch.bfloat16,torch.bfloat16,False,False,flydsl,444,1,9.7178,flydsl_gemm2_abf16_wbf16_bf16_t64x128x64_split_k1_block_m_warp2_block_n_warp4_block_k_warp1_async_copyTrue_b_to_ldsTrue_b_preshuffleFalse_c_to_ldsFalse_gfx950,0.0,275.15,2369.22
gfx950,256,6971,1536,128,False,torch.bfloat16,torch.bfloat16,False,False,flydsl,619,1,10.3956,flydsl_gemm2_abf16_wbf16_bf16_t96x128x64_split_k1_block_m_warp1_block_n_warp4_block_k_warp1_async_copyTrue_b_to_ldsTrue_b_preshuffleFalse_c_to_ldsFalse_gfx950,0.0,263.68,2269.49
gfx950,256,6971,7168,768,False,torch.bfloat16,torch.bfloat16,False,False,flydsl,2947,1,105.58,flydsl_gemm3_abf16_wbf16_bf16_t256x128x64_split_k1_block_m_warp4_block_n_warp4_block_k_warp1_async_copyTrue_b_to_ldsTrue_b_preshuffleFalse_c_to_ldsFalse_gfx950,0.0,726.95,1152.24
gfx950,256,6971,7168,1536,False,torch.bfloat16,torch.bfloat16,False,False,asm,10,1,156.0714,_ZN5aiter24bf16gemm_bf16_tn_256x256E,0.0,983.54,918.63
gfx950,256,6971,8448,7168,False,torch.bfloat16,torch.bfloat16,False,False,asm,10,1,673.9176,_ZN5aiter24bf16gemm_bf16_tn_256x256E,0.0,1252.77,502.77
gfx950,256,7024,1536,128,False,torch.bfloat16,torch.bfloat16,False,False,flydsl,622,1,10.1621,flydsl_gemm2_abf16_wbf16_bf16_t96x128x64_split_k1_block_m_warp2_block_n_warp2_block_k_warp1_async_copyTrue_b_to_ldsTrue_b_preshuffleFalse_c_to_ldsFalse_gfx950,0.0,271.79,2338.99
gfx950,256,7024,7168,1536,False,torch.bfloat16,torch.bfloat16,False,False,asm,10,1,154.2309,_ZN5aiter24bf16gemm_bf16_tn_256x256E,0.0,1002.84,935.57
gfx950,256,7024,8448,7168,False,torch.bfloat16,torch.bfloat16,False,False,asm,10,1,689.1357,_ZN5aiter24bf16gemm_bf16_tn_256x256E,0.0,1234.42,494.07
gfx950,256,7122,1536,128,False,torch.bfloat16,torch.bfloat16,False,False,flydsl,622,1,10.483,flydsl_gemm2_abf16_wbf16_bf16_t96x128x64_split_k1_block_m_warp2_block_n_warp2_block_k_warp1_async_copyTrue_b_to_ldsTrue_b_preshuffleFalse_c_to_ldsFalse_gfx950,0.0,267.15,2298.51
gfx950,256,7122,3072,512,False,torch.bfloat16,torch.bfloat16,False,False,flydsl,3002,1,44.1459,flydsl_gemm4_abf16_wbf16_bf16_t128x128x64_split_k1_block_m_warp2_block_n_warp4_block_k_warp1_async_copyTrue_b_to_ldsTrue_b_preshuffleFalse_c_to_ldsFalse_gfx950,0.0,507.5,1227.66
gfx950,256,7122,7168,768,False,torch.bfloat16,torch.bfloat16,False,False,asm,10,1,97.4539,_ZN5aiter24bf16gemm_bf16_tn_256x256E,0.0,804.62,1272.91
gfx950,256,7122,8448,7168,False,torch.bfloat16,torch.bfloat16,False,False,asm,10,1,838.1566,_ZN5aiter24bf16gemm_bf16_tn_256x256E,0.0,1029.1,409.88
gfx950,256,7408,1536,128,False,torch.bfloat16,torch.bfloat16,False,False,flydsl,622,1,10.689,flydsl_gemm2_abf16_wbf16_bf16_t96x128x64_split_k1_block_m_warp2_block_n_warp2_block_k_warp1_async_copyTrue_b_to_ldsTrue_b_preshuffleFalse_c_to_ldsFalse_gfx950,0.0,272.52,2343.25
gfx950,256,7408,1536,7168,False,torch.bfloat16,torch.bfloat16,False,False,asm,10,1,159.7981,_ZN5aiter24bf16gemm_bf16_tn_256x256E,0.0,1020.82,944.81
gfx950,256,7408,7168,768,False,torch.bfloat16,torch.bfloat16,False,False,asm,10,1,110.8773,_ZN5aiter24bf16gemm_bf16_tn_256x256E,0.0,735.61,1159.75
gfx950,256,7408,7168,1536,False,torch.bfloat16,torch.bfloat16,False,False,asm,10,1,160.3221,_ZN5aiter24bf16gemm_bf16_tn_256x256E,0.0,1017.48,941.72
gfx950,256,7408,7168,3584,False,torch.bfloat16,torch.bfloat16,False,False,asm,10,1,317.7298,_ZN5aiter24bf16gemm_bf16_tn_256x256E,0.0,1197.95,663.08
gfx950,256,7408,7168,35840,False,torch.bfloat16,torch.bfloat16,False,False,asm,10,1,3313.9614,_ZN5aiter24bf16gemm_bf16_tn_256x256E,0.0,1148.55,347.32
gfx950,256,7408,8448,7168,False,torch.bfloat16,torch.bfloat16,False,False,asm,10,1,691.1725,_ZN5aiter24bf16gemm_bf16_tn_256x256E,0.0,1298.06,509.97
gfx950,256,7460,1536,128,False,torch.bfloat16,torch.bfloat16,False,False,flydsl,43,1,10.7025,flydsl_gemm2_abf16_wbf16_bf16_t128x128x64_split_k1_block_m_warp4_block_n_warp2_block_k_warp1_async_copyTrue_b_to_ldsTrue_b_preshuffleFalse_c_to_ldsFalse_gfx950,0.0,274.08,2356.47
gfx950,256,7460,7168,1536,False,torch.bfloat16,torch.bfloat16,False,False,asm,10,1,160.6734,_ZN5aiter24bf16gemm_bf16_tn_256x256E,0.0,1022.38,945.3
gfx950,256,7460,7168,3584,False,torch.bfloat16,torch.bfloat16,False,False,asm,10,1,316.6995,_ZN5aiter24bf16gemm_bf16_tn_256x256E,0.0,1210.28,668.77
gfx950,256,7460,7168,4224,False,torch.bfloat16,torch.bfloat16,False,False,asm,10,1,363.5627,_ZN5aiter24bf16gemm_bf16_tn_256x256E,0.0,1242.54,634.07
gfx950,256,7460,7168,35840,False,torch.bfloat16,torch.bfloat16,False,False,asm,10,1,3607.1253,_ZN5aiter24bf16gemm_bf16_tn_256x256E,0.0,1062.61,320.33
gfx950,256,7468,1536,128,False,torch.bfloat16,torch.bfloat16,False,False,flydsl,43,1,10.7247,flydsl_gemm2_abf16_wbf16_bf16_t128x128x64_split_k1_block_m_warp4_block_n_warp2_block_k_warp1_async_copyTrue_b_to_ldsTrue_b_preshuffleFalse_c_to_ldsFalse_gfx950,0.0,273.81,2354.07
gfx950,256,7468,7168,768,False,torch.bfloat16,torch.bfloat16,False,False,asm,10,1,103.2274,_ZN5aiter24bf16gemm_bf16_tn_256x256E,0.0,796.52,1254.92
gfx950,256,7468,7168,1536,False,torch.bfloat16,torch.bfloat16,False,False,asm,10,1,163.8003,_ZN5aiter24bf16gemm_bf16_tn_256x256E,0.0,1003.94,928.1
gfx950,256,7468,7168,3584,False,torch.bfloat16,torch.bfloat16,False,False,asm,10,1,316.409,_ZN5aiter24bf16gemm_bf16_tn_256x256E,0.0,1212.69,669.93
gfx950,256,7468,7168,4224,False,torch.bfloat16,torch.bfloat16,False,False,asm,10,1,367.0559,_ZN5aiter24bf16gemm_bf16_tn_256x256E,0.0,1232.04,628.53
gfx950,256,7468,7168,35840,False,torch.bfloat16,torch.bfloat16,False,False,asm,10,1,2852.4947,_ZN5aiter24bf16gemm_bf16_tn_256x256E,0.0,1345.16,405.32
gfx950,256,7488,1536,128,False,torch.bfloat16,torch.bfloat16,False,False,flydsl,38,1,10.687,flydsl_gemm2_abf16_wbf16_bf16_t128x128x64_split_k1_block_m_warp2_block_n_warp4_block_k_warp1_async_copyTrue_b_to_ldsTrue_b_preshuffleFalse_c_to_ldsFalse_gfx950,0.0,275.51,2368.6
gfx950,256,7488,7168,768,False,torch.bfloat16,torch.bfloat16,False,False,asm,10,1,110.0698,_ZN5aiter24bf16gemm_bf16_tn_256x256E,0.0,749.01,1179.79
gfx950,256,7488,7168,1536,False,torch.bfloat16,torch.bfloat16,False,False,asm,10,1,163.1559,_ZN5aiter24bf16gemm_bf16_tn_256x256E,0.0,1010.61,933.9
gfx950,256,7488,7168,3584,False,torch.bfloat16,torch.bfloat16,False,False,asm,10,1,318.8621,_ZN5aiter24bf16gemm_bf16_tn_256x256E,0.0,1206.59,666.13
gfx950,256,7488,7168,4224,False,torch.bfloat16,torch.bfloat16,False,False,asm,10,1,364.5015,_ZN5aiter24bf16gemm_bf16_tn_256x256E,0.0,1243.99,634.19
gfx950,256,7488,7168,35840,False,torch.bfloat16,torch.bfloat16,False,False,asm,10,1,2858.3124,_ZN5aiter24bf16gemm_bf16_tn_256x256E,0.0,1346.02,405.1
gfx950,256,7532,1536,128,False,torch.bfloat16,torch.bfloat16,False,False,flydsl,43,1,10.7643,flydsl_gemm2_abf16_wbf16_bf16_t128x128x64_split_k1_block_m_warp4_block_n_warp2_block_k_warp1_async_copyTrue_b_to_ldsTrue_b_preshuffleFalse_c_to_ldsFalse_gfx950,0.0,275.14,2365.2
gfx950,256,7532,1536,7168,False,torch.bfloat16,torch.bfloat16,False,False,asm,10,1,156.8374,_ZN5aiter24bf16gemm_bf16_tn_256x256E,0.0,1057.5,976.41
gfx950,256,7532,3072,512,False,torch.bfloat16,torch.bfloat16,False,False,asm,10,1,40.041,_ZN5aiter24bf16gemm_bf16_tn_256x256E,0.0,591.73,1426.92
gfx950,256,7541,1536,128,False,torch.bfloat16,torch.bfloat16,False,False,flydsl,43,1,10.8956,flydsl_gemm2_abf16_wbf16_bf16_t128x128x64_split_k1_block_m_warp4_block_n_warp2_block_k_warp1_async_copyTrue_b_to_ldsTrue_b_preshuffleFalse_c_to_ldsFalse_gfx950,0.0,272.15,2339.45
gfx950,256,7541,1536,7168,False,torch.bfloat16,torch.bfloat16,False,False,asm,10,1,156.669,_ZN5aiter24bf16gemm_bf16_tn_256x256E,0.0,1059.9,978.46
gfx950,256,7541,7168,768,False,torch.bfloat16,torch.bfloat16,False,False,asm,10,1,106.2685,_ZN5aiter24bf16gemm_bf16_tn_256x256E,0.0,781.29,1229.91
gfx950,256,7566,1536,128,False,torch.bfloat16,torch.bfloat16,False,False,flydsl,622,1,10.8831,flydsl_gemm2_abf16_wbf16_bf16_t96x128x64_split_k1_block_m_warp2_block_n_warp2_block_k_warp1_async_copyTrue_b_to_ldsTrue_b_preshuffleFalse_c_to_ldsFalse_gfx950,0.0,273.37,2349.78
gfx950,256,7566,1536,7168,False,torch.bfloat16,torch.bfloat16,False,False,asm,10,1,162.009,_ZN5aiter24bf16gemm_bf16_tn_256x256E,0.0,1028.36,948.89
gfx950,256,7566,3072,512,False,torch.bfloat16,torch.bfloat16,False,False,asm,10,1,41.2235,_ZN5aiter24bf16gemm_bf16_tn_256x256E,0.0,577.35,1391.9
gfx950,256,7677,1536,128,False,torch.bfloat16,torch.bfloat16,False,False,flydsl,38,1,10.873,flydsl_gemm2_abf16_wbf16_bf16_t128x128x64_split_k1_block_m_warp2_block_n_warp4_block_k_warp1_async_copyTrue_b_to_ldsTrue_b_preshuffleFalse_c_to_ldsFalse_gfx950,0.0,277.63,2385.94
gfx950,256,7677,1536,7168,False,torch.bfloat16,torch.bfloat16,False,False,asm,10,1,161.3566,_ZN5aiter24bf16gemm_bf16_tn_256x256E,0.0,1047.67,964.7
gfx950,256,7677,3072,512,False,torch.bfloat16,torch.bfloat16,False,False,flydsl,81,1,40.4269,flydsl_gemm2_abf16_wbf16_bf16_t128x128x64_split_k1_block_m_warp2_block_n_warp2_block_k_warp1_async_copyTrue_b_to_ldsTrue_b_preshuffleFalse_c_to_ldsFalse_gfx950,0.0,597.37,1439.0
gfx950,256,7677,7168,4224,False,torch.bfloat16,torch.bfloat16,False,False,asm,10,1,368.7889,_ZN5aiter24bf16gemm_bf16_tn_256x256E,0.0,1260.57,638.49
gfx950,256,7677,7168,35840,False,torch.bfloat16,torch.bfloat16,False,False,asm,10,1,2877.3502,_ZN5aiter24bf16gemm_bf16_tn_256x256E,0.0,1370.87,408.07
gfx950,256,7680,1536,128,False,torch.bfloat16,torch.bfloat16,False,False,flydsl,43,1,10.9773,flydsl_gemm2_abf16_wbf16_bf16_t128x128x64_split_k1_block_m_warp4_block_n_warp2_block_k_warp1_async_copyTrue_b_to_ldsTrue_b_preshuffleFalse_c_to_ldsFalse_gfx950,0.0,275.1,2364.17
gfx950,256,7680,1536,7168,False,torch.bfloat16,torch.bfloat16,False,False,asm,10,1,159.5797,_ZN5aiter24bf16gemm_bf16_tn_256x256E,0.0,1059.75,975.77
gfx950,256,7680,7168,768,False,torch.bfloat16,torch.bfloat16,False,False,asm,10,1,112.9565,_ZN5aiter24bf16gemm_bf16_tn_256x256E,0.0,748.58,1176.62
gfx950,256,7683,1536,128,False,torch.bfloat16,torch.bfloat16,False,False,flydsl,622,1,10.9655,flydsl_gemm2_abf16_wbf16_bf16_t96x128x64_split_k1_block_m_warp2_block_n_warp2_block_k_warp1_async_copyTrue_b_to_ldsTrue_b_preshuffleFalse_c_to_ldsFalse_gfx950,0.0,275.51,2367.63
gfx950,256,7683,1536,7168,False,torch.bfloat16,torch.bfloat16,False,False,asm,10,1,159.4162,_ZN5aiter24bf16gemm_bf16_tn_256x256E,0.0,1061.25,977.1
gfx950,256,7683,7168,4224,False,torch.bfloat16,torch.bfloat16,False,False,asm,10,1,372.2166,_ZN5aiter24bf16gemm_bf16_tn_256x256E,0.0,1249.93,632.98
gfx950,256,7686,1536,128,False,torch.bfloat16,torch.bfloat16,False,False,flydsl,43,1,10.935,flydsl_gemm2_abf16_wbf16_bf16_t128x128x64_split_k1_block_m_warp4_block_n_warp2_block_k_warp1_async_copyTrue_b_to_ldsTrue_b_preshuffleFalse_c_to_ldsFalse_gfx950,0.0,276.38,2375.15
gfx950,256,7686,1536,7168,False,torch.bfloat16,torch.bfloat16,False,False,asm,10,1,158.1362,_ZN5aiter24bf16gemm_bf16_tn_256x256E,0.0,1070.26,985.34
gfx950,256,7689,1536,128,False,torch.bfloat16,torch.bfloat16,False,False,flydsl,43,1,10.9475,flydsl_gemm2_abf16_wbf16_bf16_t128x128x64_split_k1_block_m_warp4_block_n_warp2_block_k_warp1_async_copyTrue_b_to_ldsTrue_b_preshuffleFalse_c_to_ldsFalse_gfx950,0.0,276.18,2373.35
gfx950,256,7689,1536,7168,False,torch.bfloat16,torch.bfloat16,False,False,asm,10,1,158.9433,_ZN5aiter24bf16gemm_bf16_tn_256x256E,0.0,1065.24,980.67
gfx950,256,7698,1536,128,False,torch.bfloat16,torch.bfloat16,False,False,flydsl,43,1,11.0984,flydsl_gemm2_abf16_wbf16_bf16_t128x128x64_split_k1_block_m_warp4_block_n_warp2_block_k_warp1_async_copyTrue_b_to_ldsTrue_b_preshuffleFalse_c_to_ldsFalse_gfx950,0.0,272.74,2343.78
gfx950,256,7698,8448,7168,False,torch.bfloat16,torch.bfloat16,False,False,asm,10,1,723.1654,_ZN5aiter24bf16gemm_bf16_tn_256x256E,0.0,1289.21,499.93
gfx950,256,7728,7168,35840,False,torch.bfloat16,torch.bfloat16,False,False,asm,10,1,3499.8195,_ZN5aiter24bf16gemm_bf16_tn_256x256E,0.0,1134.53,336.74
gfx950,256,7728,8448,7168,False,torch.bfloat16,torch.bfloat16,False,False,asm,10,1,722.3706,_ZN5aiter24bf16gemm_bf16_tn_256x256E,0.0,1295.65,501.78
gfx950,256,7741,1536,128,False,torch.bfloat16,torch.bfloat16,False,False,flydsl,43,1,10.8867,flydsl_gemm2_abf16_wbf16_bf16_t128x128x64_split_k1_block_m_warp4_block_n_warp2_block_k_warp1_async_copyTrue_b_to_ldsTrue_b_preshuffleFalse_c_to_ldsFalse_gfx950,0.0,279.6,2402.5
gfx950,256,7741,3072,512,False,torch.bfloat16,torch.bfloat16,False,False,flydsl,2079,1,43.2281,flydsl_gemm3_abf16_wbf16_bf16_t256x128x64_split_k1_block_m_warp1_block_n_warp4_block_k_warp1_async_copyTrue_b_to_ldsTrue_b_preshuffleFalse_c_to_ldsFalse_gfx950,0.0,563.32,1356.37
gfx950,256,7931,3072,512,False,torch.bfloat16,torch.bfloat16,False,False,asm,10,1,41.2335,_ZN5aiter24bf16gemm_bf16_tn_256x256E,0.0,605.06,1455.01
gfx950,256,7937,1536,128,False,torch.bfloat16,torch.bfloat16,False,False,flydsl,43,1,11.2227,flydsl_gemm2_abf16_wbf16_bf16_t128x128x64_split_k1_block_m_warp4_block_n_warp2_block_k_warp1_async_copyTrue_b_to_ldsTrue_b_preshuffleFalse_c_to_ldsFalse_gfx950,0.0,278.09,2388.69
gfx950,256,7994,1536,128,False,torch.bfloat16,torch.bfloat16,False,False,flydsl,38,1,11.1966,flydsl_gemm2_abf16_wbf16_bf16_t128x128x64_split_k1_block_m_warp2_block_n_warp4_block_k_warp1_async_copyTrue_b_to_ldsTrue_b_preshuffleFalse_c_to_ldsFalse_gfx950,0.0,280.74,2411.2
gfx950,256,8016,1536,128,False,torch.bfloat16,torch.bfloat16,False,False,flydsl,38,1,11.2179,flydsl_gemm2_abf16_wbf16_bf16_t128x128x64_split_k1_block_m_warp2_block_n_warp4_block_k_warp1_async_copyTrue_b_to_ldsTrue_b_preshuffleFalse_c_to_ldsFalse_gfx950,0.0,280.98,2413.15
gfx950,256,8016,3072,512,False,torch.bfloat16,torch.bfloat16,False,False,flydsl,81,1,40.3351,flydsl_gemm2_abf16_wbf16_bf16_t128x128x64_split_k1_block_m_warp2_block_n_warp2_block_k_warp1_async_copyTrue_b_to_ldsTrue_b_preshuffleFalse_c_to_ldsFalse_gfx950,0.0,625.17,1502.52
gfx950,256,8024,1536,128,False,torch.bfloat16,torch.bfloat16,False,False,flydsl,43,1,11.2275,flydsl_gemm2_abf16_wbf16_bf16_t128x128x64_split_k1_block_m_warp4_block_n_warp2_block_k_warp1_async_copyTrue_b_to_ldsTrue_b_preshuffleFalse_c_to_ldsFalse_gfx950,0.0,281.02,2413.46
gfx950,256,8192,896,7168,False,torch.bfloat16,torch.bfloat16,False,False,torch,0,0,108.4399,native,0.0,970.37,1336.83
gfx950,256,8192,7168,35840,False,torch.bfloat16,torch.bfloat16,False,False,asm,10,1,2909.6195,_ZN5aiter24bf16gemm_bf16_tn_256x256E,0.0,1446.6,418.76
gfx950,256,8192,20480,7168,False,torch.bfloat16,torch.bfloat16,False,False,asm,10,1,1553.5807,_ZN5aiter24bf16gemm_bf16_tn_256x256E,0.0,1548.15,480.56
gfx950,256,8320,3072,512,False,torch.bfloat16,torch.bfloat16,False,False,torch,0,0,38.66,native,0.0,676.99,1623.99
gfx950,256,9216,3072,512,False,torch.bfloat16,torch.bfloat16,False,False,asm,10,1,46.3706,_ZN5aiter24bf16gemm_bf16_tn_256x256E,0.0,625.2,1492.45
gfx950,256,9984,3072,512,False,torch.bfloat16,torch.bfloat16,False,False,asm,10,1,42.75,_ZN5aiter24bf16gemm_bf16_tn_256x256E,0.0,734.67,1747.63
gfx950,256,10240,7168,768,False,torch.bfloat16,torch.bfloat16,False,False,opus,6301,0,274.9349,opus_gemm_persistent_512x128x256x64_2x4_16x16x32_0x0x0_nooob_4g_safe,0.0,410.07,631.2
gfx950,256,10240,7168,1536,False,torch.bfloat16,torch.bfloat16,False,False,asm,10,1,191.5485,_ZN5aiter24bf16gemm_bf16_tn_256x256E,0.0,1177.17,1045.57
gfx950,256,10240,7168,3584,False,torch.bfloat16,torch.bfloat16,False,False,flydsl,86,1,651.041,flydsl_hgemm_abf16_wbf16_bf16_t256x64x128x2_ks1_w2x2x1_bias0_ktail0_gm0_pht_gfx950,0.0,808.14,417.15
gfx950,256,10240,7168,4224,False,torch.bfloat16,torch.bfloat16,False,False,opus,1005,0,666.4179,opus_gemm_256x256x128x32_2x2_16x16x32_0x0x0_nooob,0.0,930.48,440.96
gfx950,256,10240,8448,7168,False,torch.bfloat16,torch.bfloat16,False,False,asm,10,1,886.9429,_ZN5aiter24bf16gemm_bf16_tn_256x256E,0.0,1398.25,497.13
gfx950,256,10240,20480,7168,False,torch.bfloat16,torch.bfloat16,False,False,asm,10,1,1990.1335,_ZN5aiter24bf16gemm_bf16_tn_256x256E,0.0,1510.69,432.05
gfx950,256,12288,3072,512,False,torch.bfloat16,torch.bfloat16,False,False,asm,10,1,61.236,_ZN5aiter24bf16gemm_bf16_tn_256x256E,0.0,631.24,1489.75
gfx950,256,14976,1536,128,False,torch.bfloat16,torch.bfloat16,False,False,flydsl,38,1,19.4952,flydsl_gemm2_abf16_wbf16_bf16_t128x128x64_split_k1_block_m_warp2_block_n_warp4_block_k_warp1_async_copyTrue_b_to_ldsTrue_b_preshuffleFalse_c_to_ldsFalse_gfx950,0.0,302.06,2576.7
gfx950,256,14976,1536,7168,False,torch.bfloat16,torch.bfloat16,False,False,opus,1400,0,264.569,opus_gemm_mono_tile_512x192x256x64_2x4_16x16x32_0x0x0_nooob,0.0,1246.45,1068.61
gfx950,256,14976,2112,7168,False,torch.bfloat16,torch.bfloat16,False,False,torch,0,0,367.9057,native,0.0,1232.48,837.8
gfx950,256,14976,2304,1536,False,torch.bfloat16,torch.bfloat16,False,False,opus,1400,0,109.1621,opus_gemm_mono_tile_512x192x256x64_2x4_16x16x32_0x0x0_nooob,0.0,971.02,1118.46
gfx950,256,14976,2880,7168,False,torch.bfloat16,torch.bfloat16,False,False,torch,0,0,482.666,native,0.0,1281.06,709.07
gfx950,256,14976,3072,512,False,torch.bfloat16,torch.bfloat16,False,False,asm,10,1,62.468,_ZN5aiter24bf16gemm_bf16_tn_256x256E,0.0,754.15,1768.8
gfx950,256,14976,3584,7168,False,torch.bfloat16,torch.bfloat16,False,False,asm,10,1,580.6624,_ZN5aiter24bf16gemm_bf16_tn_256x256E,0.0,1325.16,643.1
gfx950,256,14976,6288,7168,False,torch.bfloat16,torch.bfloat16,False,False,torch,0,0,913.9177,native,0.0,1477.17,539.63
gfx950,256,14976,7168,768,False,torch.bfloat16,torch.bfloat16,False,False,asm,10,1,169.2179,_ZN5aiter24bf16gemm_bf16_tn_256x256E,0.0,974.4,1469.76
gfx950,256,14976,7168,1536,False,torch.bfloat16,torch.bfloat16,False,False,asm,10,1,273.7088,_ZN5aiter24bf16gemm_bf16_tn_256x256E,0.0,1204.83,1032.93
gfx950,256,14976,7168,4224,False,torch.bfloat16,torch.bfloat16,False,False,asm,10,1,662.3332,_ZN5aiter24bf16gemm_bf16_tn_256x256E,0.0,1369.21,606.6
gfx950,256,14976,7168,35840,False,torch.bfloat16,torch.bfloat16,False,False,asm,10,1,5173.2821,_ZN5aiter24bf16gemm_bf16_tn_256x256E,0.0,1487.39,348.32
gfx950,256,14976,8448,7168,False,torch.bfloat16,torch.bfloat16,False,False,asm,10,1,1199.97,_ZN5aiter24bf16gemm_bf16_tn_256x256E,0.0,1511.5,490.71
gfx950,256,16384,896,7168,False,torch.bfloat16,torch.bfloat16,False,False,torch,0,0,168.4662,native,0.0,1249.23,1644.76
gfx950,256,16384,1536,128,False,torch.bfloat16,torch.bfloat16,False,False,flydsl,43,1,19.8936,flydsl_gemm2_abf16_wbf16_bf16_t128x128x64_split_k1_block_m_warp4_block_n_warp2_block_k_warp1_async_copyTrue_b_to_ldsTrue_b_preshuffleFalse_c_to_ldsFalse_gfx950,0.0,323.85,2760.65
gfx950,256,16384,1536,7168,False,torch.bfloat16,torch.bfloat16,False,False,torch,0,0,281.8838,native,0.0,1279.88,1089.93
gfx950,256,16384,2304,1536,False,torch.bfloat16,torch.bfloat16,False,False,torch,0,0,113.6698,native,0.0,1020.18,1169.24
gfx950,256,16384,2880,7168,False,torch.bfloat16,torch.bfloat16,False,False,torch,0,0,503.3687,native,0.0,1343.86,736.12
gfx950,256,16384,3072,512,False,torch.bfloat16,torch.bfloat16,False,False,torch,0,0,59.8388,native,0.0,861.31,2015.18
gfx950,256,16384,3584,7168,False,torch.bfloat16,torch.bfloat16,False,False,torch,0,0,601.4223,native,0.0,1399.7,671.25
gfx950,256,16384,6288,7168,False,torch.bfloat16,torch.bfloat16,False,False,opus,2009,0,1130.1411,opus_gemm_512x256x256x64_2x4_16x16x32_0x0x0_cA1cB17,0.0,1306.86,469.92
gfx950,256,16384,7168,768,False,torch.bfloat16,torch.bfloat16,False,False,torch,0,0,174.0264,native,0.0,1036.56,1557.56
gfx950,256,16384,7168,1536,False,torch.bfloat16,torch.bfloat16,False,False,asm,10,1,283.7162,_ZN5aiter24bf16gemm_bf16_tn_256x256E,0.0,1271.61,1082.89
gfx950,256,16384,7168,4224,False,torch.bfloat16,torch.bfloat16,False,False,torch,0,0,657.7654,native,0.0,1508.35,659.58
gfx950,256,16384,7168,35840,False,torch.bfloat16,torch.bfloat16,False,False,asm,10,1,5383.4375,_ZN5aiter24bf16gemm_bf16_tn_256x256E,0.0,1563.71,357.22
gfx950,256,16384,8448,7168,False,torch.bfloat16,torch.bfloat16,False,False,asm,10,1,1359.6903,_ZN5aiter24bf16gemm_bf16_tn_256x256E,0.0,1459.36,465.41
gfx950,256,16384,20480,7168,False,torch.bfloat16,torch.bfloat16,False,False,flydsl,1,1,3129.1319,flydsl_hgemm_abf16_wbf16_bf16_t256x256x64x2_ks1_w2x4x1_bias0_ktail0_gm4_pht_gfx950,0.0,1537.28,383.36
gfx950,256,16640,3072,512,False,torch.bfloat16,torch.bfloat16,False,False,torch,0,0,73.8281,native,0.0,709.01,1658.19
gfx950,256,16896,3072,512,False,torch.bfloat16,torch.bfloat16,False,False,asm,10,1,80.5235,_ZN5aiter24bf16gemm_bf16_tn_256x256E,0.0,660.06,1543.11
gfx950,256,18304,3072,512,False,torch.bfloat16,torch.bfloat16,False,False,torch,0,0,75.8271,native,0.0,759.35,1771.78
gfx950,256,18432,3072,512,False,torch.bfloat16,torch.bfloat16,False,False,asm,10,1,87.288,_ZN5aiter24bf16gemm_bf16_tn_256x256E,0.0,664.26,1549.66
gfx950,256,19968,3072,512,False,torch.bfloat16,torch.bfloat16,False,False,asm,10,1,93.7896,_ZN5aiter24bf16gemm_bf16_tn_256x256E,0.0,669.73,1559.62
gfx950,256,23296,3072,512,False,torch.bfloat16,torch.bfloat16,False,False,torch,0,0,96.6059,native,0.0,758.58,1761.09
gfx950,256,24960,3072,512,False,torch.bfloat16,torch.bfloat16,False,False,asm,10,1,101.3378,_ZN5aiter24bf16gemm_bf16_tn_256x256E,0.0,774.81,1796.56
gfx950,256,29184,3072,512,False,torch.bfloat16,torch.bfloat16,False,False,asm,10,1,134.1048,_ZN5aiter24bf16gemm_bf16_tn_256x256E,0.0,684.58,1583.36
gfx950,256,29952,3072,512,False,torch.bfloat16,torch.bfloat16,False,False,asm,10,1,116.2587,_ZN5aiter24bf16gemm_bf16_tn_256x256E,0.0,810.44,1873.77
gfx950,256,31616,3072,512,False,torch.bfloat16,torch.bfloat16,False,False,torch,0,0,114.6691,native,0.0,867.32,2003.76
gfx950,256,32768,896,7168,False,torch.bfloat16,torch.bfloat16,False,False,torch,0,0,325.8305,native,0.0,1291.8,1661.38
gfx950,256,32768,7168,35840,False,torch.bfloat16,torch.bfloat16,False,False,flydsl,1,1,11074.028,flydsl_hgemm_abf16_wbf16_bf16_t256x256x64x2_ks1_w2x4x1_bias0_ktail0_gm4_pht_gfx950,0.0,1520.34,300.92
gfx950,256,32768,20480,7168,False,torch.bfloat16,torch.bfloat16,False,False,asm,10,1,6223.626,_ZN5aiter24bf16gemm_bf16_tn_256x256E,0.0,1545.84,338.31
gfx950,256,33280,3072,512,False,torch.bfloat16,torch.bfloat16,False,False,torch,0,0,128.4426,native,0.0,815.07,1881.75
gfx950,256,35328,3072,512,False,torch.bfloat16,torch.bfloat16,False,False,asm,10,1,155.5607,_ZN5aiter24bf16gemm_bf16_tn_256x256E,0.0,714.4,1648.08
gfx950,256,38272,3072,512,False,torch.bfloat16,torch.bfloat16,False,False,asm,10,1,147.3184,_ZN5aiter24bf16gemm_bf16_tn_256x256E,0.0,817.23,1883.54
gfx950,256,39936,3072,512,False,torch.bfloat16,torch.bfloat16,False,False,asm,10,1,170.0618,_ZN5aiter24bf16gemm_bf16_tn_256x256E,0.0,738.72,1701.78
gfx950,256,44928,3072,512,False,torch.bfloat16,torch.bfloat16,False,False,asm,10,1,174.5948,_ZN5aiter24bf16gemm_bf16_tn_256x256E,0.0,809.48,1862.54
gfx950,256,46592,3072,512,False,torch.bfloat16,torch.bfloat16,False,False,torch,0,0,170.3373,native,0.0,860.44,1979.12
gfx950,256,48256,3072,512,False,torch.bfloat16,torch.bfloat16,False,False,torch,0,0,170.5522,native,0.0,890.05,2046.56
gfx950,256,49920,3072,512,False,torch.bfloat16,torch.bfloat16,False,False,asm,10,1,192.7393,_ZN5aiter24bf16gemm_bf16_tn_256x256E,0.0,814.75,1872.85
gfx950,256,51584,3072,512,False,torch.bfloat16,torch.bfloat16,False,False,asm,10,1,194.0382,_ZN5aiter24bf16gemm_bf16_tn_256x256E,0.0,836.27,1921.79
gfx950,256,53248,3072,512,False,torch.bfloat16,torch.bfloat16,False,False,torch,0,0,189.0562,native,0.0,886.0,2035.52
gfx950,256,54912,3072,512,False,torch.bfloat16,torch.bfloat16,False,False,asm,10,1,207.5941,_ZN5aiter24bf16gemm_bf16_tn_256x256E,0.0,832.1,1911.21
gfx950,256,56576,3072,512,False,torch.bfloat16,torch.bfloat16,False,False,asm,10,1,212.2373,_ZN5aiter24bf16gemm_bf16_tn_256x256E,0.0,838.56,1925.59
gfx950,256,58240,3072,512,False,torch.bfloat16,torch.bfloat16,False,False,torch,0,0,203.265,native,0.0,901.32,2069.27
gfx950,256,59904,3072,512,False,torch.bfloat16,torch.bfloat16,False,False,torch,0,0,205.8202,native,0.0,915.56,2101.53
gfx950,256,61568,3072,512,False,torch.bfloat16,torch.bfloat16,False,False,torch,0,0,225.636,native,0.0,858.36,1969.83
gfx950,256,63232,3072,512,False,torch.bfloat16,torch.bfloat16,False,False,torch,0,0,218.5029,native,0.0,910.33,2088.73
gfx950,256,64896,3072,512,False,torch.bfloat16,torch.bfloat16,False,False,torch,0,0,223.3842,native,0.0,913.87,2096.48
gfx950,256,66560,3072,512,False,torch.bfloat16,torch.bfloat16,False,False,torch,0,0,242.2052,native,0.0,864.47,1982.81
